{"type": "FeatureCollection", "features": [{"type": "Feature", "geometry": {"type": "Polygon", "coordinates": [[[-221.23345638919832, 87.14336939934475], [-235.79712834423, 84.98717639928888], [-251.2565158875551, 77.24699639997475], [-265.43867935197505, 64.92905279980468], [-278.0865151904168, 46.02089879961697], [-285.11954128380154, 30.03189839975873], [-285.882558265025, 12.64966559933255], [-284.34823063904685, 0.9730511995860383], [-278.0865151904168, -9.177642000398947], [-267.097411921492, -14.385677399977865], [-253.56215415828797, -13.501085400639894], [-243.0789643223351, -7.784409600616684], [-235.6727234018698, 5.794077599356385], [-224.07818274467058, 22.468636799369378], [-207.18399152949118, 33.526036799736445], [-193.6570274286397, 51.19576199959391], [-194.6605606334096, 62.65122839989877], [-200.28366404199778, 73.81920239998666], [-204.07386796223616, 78.66234360001545], [-207.43280141421155, 82.95261479986874]]]}, "properties": {"name": "", "area": 5918.443334829187}}, {"type": "Feature", "geometry": {"type": "Polygon", "coordinates": [[[707.8143618397789, 575.2722923996625], [720.6280709358796, 575.2722923996625], [732.0152700212999, 561.1298777993848], [746.2554891269021, 558.2991833993034], [763.3404345867983, 574.5646188000351], [769.038180961274, 589.4147069999403], [746.968744131653, 619.811499600035], [721.3413259406304, 628.3035827994934], [695.000652744857, 607.0844321997978], [686.2923067572501, 599.9413517996047], [678.6289622885332, 593.6496911999333], [675.0709809283101, 568.9032299998723], [659.4125454767373, 561.837551399798], [655.1413091117632, 523.6563491998725], [681.4736886440055, 508.80626099996715], [703.543125474805, 506.6942975996425], [721.3413259406304, 525.7793699995407], [702.1166154653033, 561.1298777993848]]]}, "properties": {"name": "", "area": 7092.474323802744}}, {"type": "Feature", "geometry": {"type": "Polygon", "coordinates": [[[1525.6026930041176, 2228.80694579934], [1531.8561147892165, 2233.2077909996997], [1586.1464317714506, 2247.892018200024], [1598.4210527828118, 2246.1228341997767], [1610.8615470494744, 2237.453832599822], [1629.696455370659, 2220.3259200000107], [1651.2931534190752, 2204.3258622000235], [1663.0203926821657, 2183.9913035996656], [1667.8141298059954, 2145.2240591999625], [1666.9184142188806, 2131.2364481999225], [1655.5063341440455, 2106.3130685993656], [1606.7893585927482, 2044.6348913998386], [1596.9779554474262, 2035.2250439998686], [1588.0125059115678, 2029.9396067993853], [1573.341016338881, 2028.4136855996237], [1558.8354000238533, 2032.3611773993996], [1544.902046444154, 2040.6210551992872], [1536.6415582506938, 2052.574104599907], [1524.9309063134867, 2092.026907799765], [1523.6785632239964, 2104.15687559931], [1525.992495157082, 2114.68352039976], [1525.8680902147219, 2131.0705871995556], [1522.990189207482, 2154.202667999607], [1525.1050732334982, 2175.123268799742], [1528.679641919605, 2195.5573439996915], [1523.098006825137, 2220.2153459995043], [1524.0268970628406, 2224.5056171993574]]]}, "properties": {"name": "Andy's Pond", "area": 24176.44921123702}}, {"type": "Feature", "geometry": {"type": "Polygon", "coordinates": [[[-1217.5345866271068, 1928.1341249999748], [-1166.4041551874218, 1925.5135211999916], [-1134.0339891042122, 1926.8514665999135], [-1112.4538783816795, 1933.2094715995745], [-1087.8382870577793, 1929.5273573997572], [-1074.5435455169431, 1930.6441547994516], [-1072.3291375379815, 1948.9441517996033], [-1078.0600585630461, 1966.0278347996834], [-1087.4982468812875, 1972.3858397993445], [-1119.5366664515368, 1967.3657801996053], [-1151.5667923582548, 1958.9953283999969], [-1174.490476462049, 1948.2807077997072], [-1211.2479901902404, 1937.2343651994693], [-1219.6743516413594, 1931.2080821997563]]]}, "properties": {"name": "", "area": 4143.778321169899}}, {"type": "Feature", "geometry": {"type": "Polygon", "coordinates": [[[-2307.396527419131, 1464.453113399372], [-2302.718901575309, 1467.648701999789], [-2261.0681267679856, 1477.2575825997278], [-2255.6191902782302, 1480.6853765997157], [-2250.394182686138, 1479.579636599365], [-2203.0041931902183, 1490.7365531993235], [-2195.6643015721093, 1490.1836831999337], [-2191.998502594231, 1485.3294845997757], [-2184.210753183154, 1453.0750487999715], [-2185.993890695031, 1446.2194607999952], [-2193.5577112096244, 1442.8027241993507], [-2301.060169005792, 1427.3223641999368], [-2305.339699034297, 1427.9968655999623], [-2306.334938575536, 1431.8669555996194], [-2308.8396247545165, 1461.68876339928]]]}, "properties": {"name": "", "area": 5367.113668927457}}, {"type": "Feature", "geometry": {"type": "Polygon", "coordinates": [[[-2114.4693423199474, 1380.726480599886], [-2119.1967301414206, 1386.631132199749], [-2119.2547857814243, 1390.998805199721], [-2115.1411290105784, 1393.4756627995957], [-2105.9102822641157, 1394.747263799528], [-2077.2142088211367, 1393.5309497994563], [-2051.014527893607, 1394.304967799859], [-2048.0122219440073, 1393.0886537997872], [-2046.842815482757, 1389.3401951999801], [-2061.970456511943, 1372.2675696000294], [-2081.1039366943205, 1357.329022199876], [-2106.963577445358, 1345.541833799623], [-2135.211793095369, 1340.1789947998063], [-2152.5704294294, 1342.2799008000018], [-2197.4474390839864, 1341.174160799651], [-2214.242106345042, 1339.4602637992639], [-2234.4288817098404, 1334.771926199473], [-2257.062287613616, 1323.6702965993745], [-2272.3060399228093, 1313.6744069996273], [-2278.0286672855214, 1306.7635319997908], [-2282.5321262105103, 1302.6833514000357], [-2286.53796536488, 1302.9044993994773], [-2291.9371398758058, 1307.6481239999143], [-2298.2734982903235, 1318.1415965999768], [-2299.882468882189, 1331.6205671995726], [-2297.7758785197043, 1338.1444331996006], [-2293.604166107675, 1343.3303537997067], [-2276.6436255901394, 1348.3061837997147], [-2120.963280327414, 1365.102374399578], [-2114.6352155764275, 1370.620016999632]]]}, "properties": {"name": "", "area": 6482.852297522826}}, {"type": "Feature", "geometry": {"type": "Polygon", "coordinates": [[[-1050.7739078036852, -2539.077589800086], [-1037.0396021322335, -2642.5195668005504], [-1032.3453889625277, -2645.68198320058], [-1025.0054973444187, -2647.0088712003726], [-966.7259285325198, -2645.029596600027], [-963.9973134570552, -2642.209959600075], [-963.2923521146569, -2636.7918336003977], [-972.747127758782, -2571.5421161999884], [-938.2869586377925, -2523.4424262004345], [-928.6165477607143, -2488.7885346000885], [-895.159911843316, -2451.292891200318], [-861.7032759270961, -2423.008062000548], [-819.7041672809285, -2399.6658906003986], [-812.579910896951, -2380.569760800371], [-816.1461859195267, -2349.4431798003907], [-807.6037131895787, -2306.2972050005865], [-776.9918036288312, -2219.2975818005643], [-786.2475313635301, -2194.5400632003743], [-784.1077663492775, -2163.424539600523], [-787.6657477106793, -2123.109259200014], [-798.3479854548799, -2124.524606400055], [-801.1927118103521, -2169.793602000313], [-821.83563863165, -2200.201452000537], [-909.3918372853872, -2375.6160456006214], [-918.647565020086, -2415.9313260003446], [-931.4612741161865, -2437.858150200453], [-979.8713841415808, -2467.5693840003933], [-1000.9372877687891, -2502.1569311999638], [-1007.5473370562635, -2504.5563870005053], [-1008.7665054939862, -2512.0643616002485], [-1028.654708996413, -2529.7451442002352], [-1038.2090085934835, -2529.6787998002455], [-1043.6662387455915, -2529.523996200008], [-1047.846244818794, -2530.928286000705], [-1050.6329155354413, -2533.7036934001403]]]}, "properties": {"name": "", "area": 33630.92478602985}}, {"type": "Feature", "geometry": {"type": "Polygon", "coordinates": [[[-800.4794568056012, -2090.567330999993], [-793.3634940851551, -2089.151983800738], [-793.3634940851551, -2073.5942220004194], [-773.4338222686081, -2004.9941124001411], [-896.5781281904651, -1843.0253172000503], [-906.5471109299149, -1850.1020532002537], [-908.1975498359008, -1929.1514058000778], [-906.7876271522827, -1992.4218486001416], [-900.849364555439, -2007.8248068002224], [-818.2776572714267, -2057.3287866004734], [-813.2931659017019, -2071.471201199966]]]}, "properties": {"name": "", "area": 16486.62184078351}}, {"type": "Feature", "geometry": {"type": "Polygon", "coordinates": [[[127.56482821860611, -3108.4341732005423], [232.17279768165048, -3246.6627306005457], [306.9733428804695, -3338.9256762000073], [315.98855439280055, -3344.354859600599], [322.1424522237756, -3343.7577600006925], [336.0343374893551, -3333.3638040002215], [349.0885628078235, -3323.810210400143], [357.58956722365144, -3314.378248200701], [359.19024415198595, -3301.794927000572], [356.22940651650606, -3290.1404274002984], [344.79244545343454, -3275.2129374002743], [320.1353858154144, -3247.4920356000234], [299.193887131745, -3224.9128248001475], [290.32796155118905, -3212.1194130007066], [286.7865675156711, -3199.1048532002524], [289.82204811703855, -3164.871142800103], [297.1121777574962, -3153.7363410004027], [309.1131078947221, -3142.5904818005733], [356.6275023330016, -3121.039609200144], [400.4097484922251, -3106.3111524000883], [474.4389830462895, -3055.380768000453], [513.9085245252403, -2992.4862768000685], [487.96594714596233, -2976.7294818005666], [472.7968378026562, -3006.2637972000107], [457.2628072946222, -3025.050319800348], [433.9078527225649, -3040.232130000202], [427.654430937466, -3061.5507972002747], [376.2088403107042, -3073.0615506004397], [274.6363514478487, -3110.358160800242], [267.47892041328237, -3102.507406800421], [262.0548649129419, -3092.6884356003843], [247.97222540146728, -3091.660097400152], [220.64460632798625, -3089.7361098004526], [170.48453344130365, -3073.769224200067], [159.57007313708783, -3074.8196772005576], [142.78369953956343, -3084.4617300000987], [133.43674151309327, -3092.743722600245], [129.22356078812308, -3100.7050506005717]]]}, "properties": {"name": "", "area": 35067.31589702869}}, {"type": "Feature", "geometry": {"type": "Polygon", "coordinates": [[[442.6327860360555, -3513.499907400485], [444.97159895737724, -3508.2918720001203], [451.5318862683789, -3505.848186600633], [466.7258765999213, -3501.1266768004543], [493.7051618345581, -3495.7638378006377], [509.0235571096393, -3493.3201524003653], [522.5588148728433, -3493.3754394002253], [530.2885086439167, -3496.5931428001154], [533.7967280276671, -3502.9622052006916], [535.1983570477539, -3538.7218368006024], [535.9862550183923, -3569.229203400418], [536.2765332184114, -3599.1615852005853], [534.2362921582827, -3629.0939669999666], [528.8205303202948, -3630.1665348007155], [522.1358380669329, -3626.9709462002984], [473.9330696121389, -3561.477966000189], [446.4064026304101, -3522.179966400569]]]}, "properties": {"name": "", "area": 7589.059885545634}}, {"type": "Feature", "geometry": {"type": "Polygon", "coordinates": [[[348.15137890540996, -3382.6576932003745], [349.81011147492694, -3376.399204800305], [352.24844835155113, -3372.075761400064], [358.394052518995, -3365.916789600372], [366.7789456559939, -3361.0957632006016], [376.31665792718064, -3355.766096400387], [387.47992811611687, -3351.5753418001254], [400.691733028713, -3347.285070600272], [406.4226540549562, -3347.727366600727], [414.8987774825478, -3350.9782422002186], [433.194597717814, -3358.287183599993], [504.296169288166, -3374.1324378005284], [519.9131364244403, -3378.179446200682], [539.8096335903982, -3384.3605328006324], [554.8460443278129, -3389.4911664000924], [576.1358768503266, -3395.2520718006326], [591.9933602101472, -3396.2140656000893], [600.6851188718703, -3394.986694200674], [611.2595389995944, -3391.492555800696], [622.5969761085421, -3389.513281200351], [630.849170638471, -3389.9113476002885], [635.551677471708, -3392.6756976003803], [636.0327099176222, -3397.7621016001094], [636.4805677105903, -3403.545121800122], [634.6974301987132, -3408.4435500000113], [616.1030381010754, -3449.400159600158], [613.332954710312, -3452.21979660011], [608.8958450888578, -3453.325536600461], [604.8734186086042, -3453.082273799975], [589.7291902535344, -3449.776111200623], [568.5388816851447, -3445.773332400201], [552.49893774296, -3445.253634600413], [514.1656280734918, -3451.4236638002344], [497.06409528653353, -3458.46722760005], [472.8714807685438, -3467.423721600222], [444.80572570089697, -3474.7437204001253], [428.633083152821, -3474.124506000746], [416.78143894737025, -3470.6303675999825], [411.1085735623094, -3469.2260778000714], [405.65963707255406, -3466.284809400269], [396.644425560223, -3458.622031200288], [387.29746753375287, -3449.179011600716], [379.42678149443566, -3439.3047534000334], [371.6639130715949, -3429.4526100003945], [361.4129457944787, -3415.774606200044], [353.18563225278604, -3403.6556958006286], [349.0719754819397, -3393.8920116004524], [347.8362197183332, -3388.274852400021]]]}, "properties": {"name": "", "area": 22433.4860731886}}, {"type": "Feature", "geometry": {"type": "Polygon", "coordinates": [[[913.6547799891872, -3736.627182000315], [944.9799445546856, -3778.368867000208], [984.8392881877793, -3790.3882608000317], [1029.6831231894193, -3805.249406400066], [1045.3498523045234, -3794.634302400154], [1036.8073795733967, -3770.584457400377], [992.6685059129763, -3732.381140400193], [1001.9242336476754, -3692.762476199968], [1001.2109786429245, -3668.712631200191], [988.3972695480024, -3649.6054440000344], [982.7078168358792, -3620.601883800508], [959.9251250015075, -3639.7090710006646], [942.1269245356822, -3665.174263200482], [930.7397254490833, -3699.131538600544], [924.3287240698565, -3715.39697400049]]]}, "properties": {"name": "", "area": 11478.015658739954}}, {"type": "Feature", "geometry": {"type": "Polygon", "coordinates": [[[1093.9341292499291, -3798.924573600007], [1102.1946174433892, -3795.541009200536], [1110.2062957509502, -3790.23345720058], [1117.3222584725752, -3784.9259052006237], [1122.6633773446754, -3780.724093200233], [1125.7735009119306, -3777.84916920042], [1129.5554111686376, -3773.20506120036], [1143.3477724800935, -3759.504942600537], [1155.80485407264, -3745.35147060013], [1166.0392340238725, -3734.7363666002175], [1179.6076664376653, -3723.0265800000834], [1187.395415849921, -3715.2863999999836], [1192.7365347220211, -3708.8731080004623], [1198.9650755177054, -3702.017520000486], [1205.2184973028043, -3695.52682620006], [1215.4279962658004, -3689.4231414002284], [1220.0973284472698, -3685.000181400396], [1223.4313809110088, -3679.9137774006667], [1226.5497981406165, -3670.8467093999884], [1229.2203575760773, -3664.433417400467], [1234.5531827858251, -3657.8100348000617], [1243.4771640075633, -3651.7505796007467], [1261.9139765110735, -3641.8873788001933], [1275.4907025883977, -3635.695234800113], [1286.1646466702457, -3629.0607948003644], [1295.7272399296687, -3621.3316722003938], [1299.9570079817013, -3615.139528200314], [1300.8444299052849, -3611.1588642001507], [1300.421453100553, -3606.205149000401], [1296.8468844144463, -3596.784244200302], [1293.0649741565605, -3591.04545360002], [1289.0591350033692, -3589.2762696005584], [1285.2938120713673, -3586.976330400394], [1283.7428971195052, -3582.774518400003], [1283.2950393253584, -3579.899594400191], [1272.820143152937, -3571.3632816002155], [1264.1449718170975, -3566.940321600383], [1259.2517107379654, -3565.834581600032], [1255.6854357153895, -3568.2672096001756], [1251.0161035327415, -3570.036393600423], [1245.699865650056, -3569.9479344001747], [1241.0056524791717, -3569.8152456001953], [1237.696481003669, -3565.9672704000113], [1233.018855159847, -3565.082678400673], [1229.9087315925917, -3565.524974400342], [1227.4372200653786, -3568.4883576004027], [1216.315418189384, -3571.5844296004425], [1211.8866022302825, -3571.2748223999674], [1206.3298481240506, -3570.390230400629], [1201.6356349543448, -3571.142133599988], [1197.8703120223427, -3573.265154400442], [1196.5350323046123, -3575.9189304000274], [1194.0718144397517, -3579.7669056002114], [1190.5138330795285, -3581.9783856001277], [1186.5079939251586, -3586.401345600746], [1184.5009275167974, -3591.930045600144], [1184.5258085050339, -3599.1284130001973], [1182.5270357590252, -3608.19548100009], [1178.272386719935, -3614.2549362001905], [1174.2748412290962, -3618.235600200354], [1172.715632613703, -3623.985448199979], [1170.28558940061, -3629.4146316005713], [1166.711020714503, -3631.0511268000537], [1161.8177596353712, -3632.3780148006317], [1157.140133791549, -3638.127862800257], [1144.2434880672083, -3646.310338800026], [1130.4511267557527, -3652.281334800664], [1118.458490282058, -3655.0677996002287], [1111.3176465721967, -3661.127254800329], [1107.7596652119737, -3666.866045400611], [1103.5298971611198, -3678.1445934004196], [1101.970688546905, -3685.221329400623], [1098.2136592772556, -3692.8730502004746], [1094.2078201240645, -3697.9483968000745], [1088.8749949143169, -3714.3133488003978], [1080.6145067208568, -3731.43020400008], [1071.4997712544016, -3748.44754260017], [1063.712021842146, -3768.339805200073], [1061.2653913031693, -3780.0606492003362], [1061.2653913031693, -3787.5796812002086], [1064.1764669621766, -3797.8851780004316], [1068.8292118177624, -3805.923907800092], [1073.4985439992317, -3809.462275800586], [1076.8325964629707, -3809.9045718002553], [1079.9510136925783, -3809.0199798001318], [1081.9746674268233, -3806.2777446002983], [1085.3418945423298, -3803.1485004006563]]]}, "properties": {"name": "", "area": 22583.320489143953}}, {"type": "Feature", "geometry": {"type": "Polygon", "coordinates": [[[1317.9044943781232, -3529.3893911999658], [1326.8782375763342, -3529.1461284002658], [1335.2880117003908, -3523.8275190001805], [1339.2026205629895, -3505.759727400385], [1339.2275015524044, -3491.5067388003868], [1338.3400796276421, -3468.9607002001126], [1335.57828990041, -3451.7553858001825], [1338.7547627700212, -3422.0773242006303], [1344.510564784501, -3398.657751000362], [1340.8447658066225, -3381.529838400551], [1340.3388523736508, -3351.5089974001357], [1291.7877500788338, -3328.199998200374], [1284.7298429983914, -3335.011356600619], [1269.7680752256856, -3361.914010800736], [1257.3275809578442, -3390.386815800345], [1253.8608298893923, -3404.684034000075], [1258.754090967346, -3432.4823376004447], [1268.8972406268072, -3454.1548416007245], [1297.8172429674487, -3482.340154200117], [1309.1380927505127, -3522.34582740015]]]}, "properties": {"name": "", "area": 11913.0979000004}}, {"type": "Feature", "geometry": {"type": "Polygon", "coordinates": [[[1864.6061617913053, -3275.5114872006206], [1858.8254787885894, -3275.367741000512], [1853.0696767741097, -3277.402302600718], [1849.370703144464, -3281.935836600271], [1846.9738345831383, -3287.2544460003564], [1847.1314141772662, -3294.8840520007357], [1849.9512595445024, -3297.6041724003103], [1853.9819796871084, -3304.0064070004883], [1855.9973397578221, -3306.8923884004303], [1875.0644706390215, -3306.8260440004406], [1884.4611906419643, -3308.7058020004088], [1900.5757775500365, -3315.9926286007103], [1910.6525779059627, -3318.1156494003785], [1917.138222251077, -3317.894501400151], [1921.7743797819576, -3317.1978852006528], [1925.4484724221882, -3314.5219944000237], [1927.2896655728905, -3310.1100918003203], [1928.840580525931, -3302.823265200019], [1930.0514553013015, -3290.7154122007323], [1930.532487746037, -3283.0526339999656], [1932.1663393261392, -3273.919221600084], [1946.5475506988068, -3252.7443006001195], [1949.176641821326, -3243.9426102001853], [1948.8034269930668, -3240.8244234006725], [1947.10322610943, -3234.6101646003344], [1945.5440174952155, -3230.6958450001603], [1941.6957579349732, -3228.3074466005337], [1937.3001166276392, -3227.986782000715], [1934.2646360262715, -3228.6944556003423], [1930.7895912942886, -3232.5092586001388], [1930.142685591894, -3240.5811606001866], [1928.566889651796, -3249.991008000157], [1925.7304569586763, -3255.46442100048], [1921.6416811760662, -3259.058076000049], [1911.4819441907212, -3261.944057399991], [1902.6160186101652, -3268.523210400665], [1893.5261641319469, -3275.3345688001245], [1886.211153502074, -3277.1811546004906], [1879.9992000310954, -3277.7561394001386]]]}, "properties": {"name": "", "area": 3899.786568012554}}, {"type": "Feature", "geometry": {"type": "Polygon", "coordinates": [[[2188.606394491667, -3988.3157208000025], [2187.7853218704395, -4007.754630000107], [2193.383544290791, -4018.878374400464], [2205.2020138444745, -4020.6033288001945], [2233.5331661227256, -4017.8279213999735], [2303.1004100670993, -4012.874206200224], [2341.201497176552, -4009.8444786001737], [2367.276773160543, -4010.839644600018], [2393.2525251915886, -4011.0718500003745], [2416.0352170259603, -4014.919825200559], [2440.7918006181044, -4014.3006108003938], [2472.755577222466, -4006.5162012005626], [2500.373474497145, -4004.647500600724], [2515.5508775028034, -3996.376565400707], [2519.283025783038, -3982.5216432006464], [2522.2687444079324, -3967.947990000043], [2520.402670267815, -3956.1939738001774], [2512.191944050828, -3948.840802800672], [2413.795928058762, -3946.806241200466], [2391.029823549096, -3944.428900200183], [2376.8559537470287, -3926.162075400419], [2367.8987978747014, -3896.240751000381], [2351.0377813101104, -3875.275920600515], [2322.4992874612594, -3856.9316940006315], [2296.0839712995985, -3856.0139298001204], [2273.118818881684, -3858.037434000197], [2248.3705289530712, -3875.3090928001166], [2227.7110148058896, -3906.380386800237], [2199.852601310022, -3946.8504708001974], [2189.5269910681964, -3966.3336096000335]]]}, "properties": {"name": "", "area": 33383.455757480115}}, {"type": "Feature", "geometry": {"type": "Polygon", "coordinates": [[[2739.0567975121457, -2873.9177766003972], [2728.9634098291567, -2980.2678498002756], [2732.0984143846485, -2999.3750370004323], [2735.8056816766466, -3008.773827000273], [2745.011647433694, -3011.5602918006234], [2795.9264436392477, -3015.1981764007096], [2810.3159486754466, -3013.672255200162], [2821.1640596761276, -3006.440715600507], [2908.9690682157634, -2884.8977748006455], [2906.3316834308916, -2880.3421260000478], [2902.276082300049, -2877.7325796001937], [2897.275003604441, -2877.0470208000393], [2865.966426364826, -2874.315843000335], [2770.7966452188443, -2866.0227930000597], [2754.7484076143073, -2864.6737902000086], [2746.8860152373427, -2865.1603158001944], [2741.7688252617263, -2869.3953000001875]]]}, "properties": {"name": "", "area": 18951.935748883523}}, {"type": "Feature", "geometry": {"type": "Polygon", "coordinates": [[[2695.415543621166, -3072.3538770000264], [2746.6703800032114, -3077.307592200562], [2743.825653647739, -3107.726499600129], [2684.7415995404967, -3189.0757914001174]]]}, "properties": {"name": "", "area": 3800.6471000579186}}, {"type": "Feature", "geometry": {"type": "Polygon", "coordinates": [[[1772.9694810173105, -3376.8193860005013], [1770.2076912900782, -3372.274794600033], [1769.8427701253504, -3367.2436776001646], [1770.954120945418, -3362.3563068004046], [1773.8154346279525, -3358.5083316002206], [1777.5973448846598, -3356.495884800273], [1781.9929861931726, -3356.1862776005833], [1788.5781544912318, -3357.1703862002987], [1791.8375639890835, -3357.679026600743], [1796.9298729764635, -3358.010748600691], [1803.1252391215585, -3361.5270018001415], [1808.5741756101352, -3363.716367000585], [1815.3583918176212, -3365.3639196001964], [1823.78475326874, -3363.849055800564], [1829.1009911514254, -3361.471714800281], [1836.6896926554334, -3360.6755820004055], [1843.7807743876433, -3361.139992800333], [1854.6288853883243, -3364.6230738001814], [1861.49603822405, -3368.0950974006864], [1870.0799792692965, -3372.3853686005396], [1878.4234040909969, -3375.448268400192], [1887.5796078715719, -3377.1068784007184], [1899.4976013793791, -3377.0294766005995], [1901.5046677889188, -3378.256848000015], [1904.8055456008906, -3382.126938000458], [1906.7047943915968, -3388.0758192000517], [1906.6052704374729, -3393.6929784004833], [1903.2463369854977, -3404.5845174004835], [1900.310380338254, -3418.948080000203], [1898.029623056936, -3422.984031000227], [1890.6316757988232, -3433.4775036002893], [1887.4634965915645, -3442.3344810000835], [1885.2242076231878, -3454.7961708003622], [1885.3071442526068, -3458.8763514001175], [1883.7479356372135, -3462.414719400612], [1883.2337285407104, -3468.087165600118], [1882.3794812677156, -3473.2841436003537], [1879.7586838087273, -3475.06438500073], [1875.5620904096409, -3476.5350192006313], [1870.917639216408, -3477.0547170004193], [1865.8170365666751, -3475.6725419999802], [1861.3799269440426, -3473.5826934007], [1857.0755159284795, -3469.602029400536], [1854.5376550977314, -3464.980036200735], [1852.8374542140944, -3459.9599766002098], [1852.6218189799629, -3454.3207026003056], [1855.1845607989474, -3446.5473504006036], [1858.0375808179508, -3441.20662620026], [1861.49603822405, -3435.113998800557], [1862.8313179429592, -3429.640585800234], [1862.682032011184, -3425.8589550000393], [1861.57897485229, -3422.7960552003874], [1858.7591294850542, -3417.3779292007102], [1856.810118716697, -3415.1001048000185], [1853.2936056705937, -3413.5188966003966], [1848.9809009914995, -3413.142945000717], [1842.6030742640405, -3414.0275370000554], [1837.295130042529, -3413.7068724002365], [1830.7099617444699, -3412.0703771999683], [1823.552530708725, -3408.067598400332], [1818.418753407225, -3402.7158168006445], [1815.0100579787768, -3393.748265400344], [1808.7483425301466, -3389.5685682002113], [1786.1149366263714, -3383.2769076005397], [1776.826034239905, -3379.605850800066]]]}, "properties": {"name": "", "area": 6968.663142952137}}, {"type": "Feature", "geometry": {"type": "Polygon", "coordinates": [[[3189.8422541228274, -2502.6323994000204], [3201.0552862894147, -2495.511433800086], [3210.153434429986, -2489.7505284003314], [3208.7932737240194, -2483.138203200055], [3215.0466955091183, -2469.4159697999735], [3220.3380524047457, -2469.8803806006867], [3221.698213110713, -2475.1768752005137], [3225.7206395909666, -2473.8278724004626], [3239.0734367706277, -2456.147089800476], [3238.1777211835124, -2447.312227200154], [3237.738157052897, -2443.7738592004453], [3243.0543949367616, -2436.7192380005004], [3264.8750218816617, -2423.439300600088], [3267.0977235241544, -2417.247156600008], [3275.996823756478, -2404.4316300003084], [3275.996823756478, -2398.681782000683], [3276.444681550625, -2389.3935660005636], [3273.1686847268898, -2385.036950400721], [3264.41057676281, -2384.9927208002036], [3238.1777211835124, -2379.2318154004492], [3227.4788961134286, -2379.6962262003767], [3216.381975226849, -2378.789519399995], [3209.2411315181657, -2373.9463781999657], [3198.119329642171, -2371.2926022003808], [3193.6905136830696, -2370.8281914004533], [3188.797252605116, -2373.0396714003696], [3180.7689869704923, -2374.3886742004206], [3170.0867492262923, -2372.6194902001735], [3159.8523692762383, -2369.0811222004645], [3146.9557235518973, -2369.0811222004645], [3138.4961874501896, -2365.5427541999697], [3134.8967377758463, -2367.356167800734], [3136.737930926549, -2373.924263400493], [3131.828082522711, -2376.1578582006678], [3128.270101162488, -2381.0231142001694], [3120.7062806478957, -2386.3196087999963], [3114.917303981648, -2386.3196087999963], [3112.2716255344235, -2386.297494000524], [3110.024042903695, -2390.3002728001597], [3107.801341261202, -2393.3963448002], [3098.4543832347317, -2395.165528800447], [3091.363301502522, -2397.7971900005596], [3090.9154437083753, -2403.1047420005157], [3087.780439152884, -2407.096463400023], [3081.576779345436, -2407.516644600219], [3076.6586372780675, -2408.4233514006014], [3072.6776791131124, -2412.8241966001756], [3067.759537045744, -2415.05779140035], [3065.0889776091044, -2417.711567400721], [3057.10218028978, -2422.112412600295], [3049.9613365799187, -2426.557487400386], [3042.397516065326, -2441.584494000002], [3034.3941314201174, -2447.3343420004126], [3029.9653154610155, -2448.196819200278], [3029.940434472779, -2451.746244600116], [3032.1631361152718, -2457.0537966000725], [3033.9711546153853, -2462.7815298002247], [3033.0588517023866, -2467.2266046003156], [3029.940434472779, -2472.091860600603], [3024.6241965889153, -2473.8278724004626], [3025.5116185136776, -2479.1354244004187], [3028.630035743285, -2484.885272400044], [3035.745998463731, -2490.635120400455], [3044.180653577203, -2490.6572352007133], [3045.980378414964, -2489.3082324006623], [3049.538359775187, -2488.8659364002074], [3057.989602214542, -2491.9620084002477], [3106.043084737561, -2496.3739110007364], [3130.9323669355963, -2495.9537298005403], [3132.74038543571, -2491.9620084002477], [3135.850509002965, -2491.0774164001236], [3138.0732106454575, -2497.700799000529], [3151.019618346271, -2501.570889000186]]]}, "properties": {"name": "", "area": 22759.453901177738}}, {"type": "Feature", "geometry": {"type": "Polygon", "coordinates": [[[-60.74278667558072, -4617.636584400385], [-22.301659389636107, -4617.636584400385], [-20.161894375383522, -4749.9383754002665], [-36.533584831707266, -4753.476743399976], [-60.74278667558072, -4771.168583400092], [-74.97471211765188, -4759.138132200139], [-60.74278667558072, -4719.5194680007]]]}, "properties": {"name": "", "area": 5923.688800278644}}, {"type": "Feature", "geometry": {"type": "Polygon", "coordinates": [[[239.6619752315345, -4848.293948400216], [236.33621643014803, -4855.182708600581], [235.95470793953626, -4864.581498600421], [234.67748386180966, -4872.7086876003295], [239.6619752315345, -4880.13926040074], [244.89527648597976, -4883.246389800122], [255.24576771721985, -4884.77231100067], [262.44466706590623, -4883.677628400448], [268.27511204627336, -4881.598837200511], [270.82956020290516, -4866.229051200033], [266.9978879685467, -4851.622225800613], [263.54772422480005, -4845.916607400719], [252.55862095469666, -4842.98639640026], [246.17250056488498, -4842.98639640026]]]}, "properties": {"name": "", "area": 1218.1738852151902}}, {"type": "Feature", "geometry": {"type": "Polygon", "coordinates": [[[-1246.6785178642324, -5015.99047680046], [-1294.3753728860545, -5034.389990400203], [-1303.6311006207534, -5047.1281152005695], [-1302.9178456160025, -5067.639592200638], [-1265.903228338381, -5090.992821000131], [-1238.1360451342846, -5074.716328200055], [-1223.1908646874624, -5035.0976640006165], [-1234.5780637728826, -5013.867456000005]]]}, "properties": {"name": "", "area": 4059.8367959531024}}, {"type": "Feature", "geometry": {"type": "Polygon", "coordinates": [[[221.34127400685338, -2523.154933800218], [250.02076012394858, -2518.333907400447], [266.48368087204364, -2514.618621000242], [276.66829884562486, -2512.937896200243], [284.4311672684656, -2513.22538860046], [289.84692910645344, -2515.1162040005574], [294.5245549502755, -2518.411309200566], [298.39769549875405, -2523.398196600703], [300.1808330106312, -2571.000303600728], [298.1322982881499, -2596.609242000654], [296.6892009527644, -2617.363981800422], [280.1516372399604, -2614.1020488000154], [276.7429418103338, -2610.2098440001], [269.07130367926436, -2584.700422200551], [266.6578477908765, -2567.6941410005898], [263.257446024781, -2563.0168608001422], [258.29783564329244, -2558.969852399989], [251.46385745933404, -2557.620849600724], [238.85748993501235, -2560.2746256003093], [229.15390440616676, -2562.3755316005045], [221.10075778448555, -2562.0327522004272], [217.18614892070838, -2558.118432600253], [213.32959569811362, -2544.385141800042], [211.9694349921469, -2530.6850232002193], [212.6080470310102, -2527.6442382000396], [215.23713815235098, -2525.366413800134]]]}, "properties": {"name": "", "area": 5135.239442278573}}, {"type": "Feature", "geometry": {"type": "Polygon", "coordinates": [[[2883.6568092129964, -203.2681842003147], [2871.36560087693, -217.0788768006443], [2862.7650725069784, -233.37748440019226], [2862.2176907587077, -238.39754400071718], [2859.679829929138, -242.57724120006398], [2842.1221456856806, -256.80811500058985], [2838.414878393682, -260.9546400003346], [2821.7860843902854, -261.4853952002517], [2806.6750306869835, -258.78738960014954], [2799.592242617126, -252.7058196005762], [2781.7525738371805, -248.94630360063996], [2753.297016616569, -236.6725896002011], [2735.648102082519, -222.275854800094], [2726.5914222560677, -220.06437480017775], [2704.7790889735197, -206.58540420058193], [2689.3197014301945, -196.5452850003178], [2682.54377888624, -189.39114719999543], [2679.03555950249, -183.5638974002514], [2679.068734154257, -179.22939660066692], [2684.21080511811, -182.15960760033994], [2707.9555618431314, -161.75870459999265], [2735.059252020128, -122.40541800051219], [2742.025928809978, -114.66523800041237], [2745.0614094113453, -99.19593540034197], [2748.486692166856, -91.10191860003556], [2759.500676424017, -76.27394520038871], [2775.515739377965, -67.3727382000775], [2798.7877573206038, -56.07207540001035], [2809.776860590707, -47.02712220037634], [2835.959954192353, -15.57987660057691], [2837.535750132451, -4.2681564003805335], [2834.508563194615, 2.6869481999729175], [2845.5142537894235, 22.147972199550438], [2846.1279848400504, 30.230931599727626], [2843.9301641857937, 40.42585439944381], [2847.4798518836647, 45.6338897998084], [2872.6096503040676, 59.61044339971926], [2908.7285519933957, 34.6649489996894], [2931.411719874822, 32.92893719982976], [2951.706312856097, 37.59515999936241], [2964.379029682775, 38.402350199367206], [2991.217322649168, 35.25099119946687], [3005.0013902982714, 41.26621679983626], [3009.3804442797214, 48.763133999450304], [3031.1761902363855, 52.23515759995526], [3054.9624152755273, 52.19092799943839], [3082.3397963266593, 46.12041539999426], [3107.610587015307, 39.80663999927869], [3122.7216407186093, 40.1715341996145], [3134.2664193993355, 34.87503959978751], [3149.9165611873777, 8.624771999437783], [3158.500502232624, -7.342113600162023], [3175.8010829266514, -23.485917600257963], [3216.970825289239, -51.67123020043623], [3233.160055162021, -70.52409719997785], [3246.993884787596, -98.46614700045602], [3253.3302432009355, -119.41992000019309], [3258.099099337707, -151.3647486003076], [3248.7604349735893, -194.9419620004374], [3234.8270813938902, -222.65180640055905], [3215.685307547981, -238.18745340061906], [3193.964204557205, -249.77560860011752], [3185.7203036896285, -266.9809230000476], [3192.189360708859, -300.8165670002594], [3198.3100838880664, -312.5926980003832], [3199.0648072069375, -328.9134204001896], [3196.0956759079263, -353.681996400509], [3192.9938460042026, -361.52169300020046], [3183.505895709489, -365.8451364004414], [3168.237262412058, -367.40422980059054], [3152.860811498152, -363.2577048000601], [3143.3811548657904, -355.26320460013096], [3139.4665460031915, -349.2479790005472], [3119.487112208994, -347.4013932001811], [3109.8913442978032, -344.6481006002185], [3101.0668870313675, -339.1636302005519], [3090.6334591718874, -338.47807140039714], [3054.356977888431, -357.1871922006159], [3046.3535932432233, -373.2646518007223], [3038.3336212721306, -383.8908131999782], [2984.0681852769544, -416.465913600387], [2946.2407890416366, -438.1273602005373], [2939.315580565907, -437.16536640029483], [2935.5170829833164, -443.34645300024545], [2938.5691509093886, -456.29466840070984], [2930.1759641112158, -470.3817960003415], [2926.883379961597, -496.6984080006809], [2921.3349195177175, -505.986624000015], [2919.4107897375966, -516.8449908004131], [2893.1364658453576, -551.4657102003714], [2870.1464324392073, -555.3026280004265], [2831.008637473217, -566.7912666003333], [2814.612066028657, -575.139603600469], [2809.9261465213035, -579.9716874003685], [2805.331457305722, -589.5584532000488], [2803.8883599703363, -604.076819400006], [2797.0295007981413, -606.7637675999789], [2781.1388427865536, -604.5191154004606], [2782.6151147737064, -593.649691200719], [2785.219324906811, -586.9931364007116], [2784.489482576176, -579.9053430003789], [2774.9517703049896, -568.1181546001259], [2762.925959179527, -568.737369000291], [2750.6762191575813, -575.172775800071], [2750.5435205516897, -581.7629862000886], [2755.4367816308218, -581.7298140004866], [2757.9414678098024, -584.0739828003822], [2752.4427693435746, -592.7982714001972], [2746.4215701184908, -592.4223198005179], [2733.1185349141233, -584.3504178004699], [2727.7691223796705, -572.9281236005527], [2727.412494877295, -547.2528408006369], [2739.2641390827457, -520.7040234007267], [2747.798318150341, -504.39435840026385], [2784.1494423996846, -419.09757480049956], [2787.773773062264, -393.02422560064593], [2792.053303090769, -391.04495100030056], [2791.3234607601344, -379.03661460060584], [2793.662273682635, -374.9011470002046], [2807.3551110399667, -371.07528660027873], [2803.1999859550006, -368.7974622003728], [2788.0889322505195, -371.1969180001288], [2781.7028118607077, -374.27087520069597], [2756.125155646158, -376.183805400266], [2747.259230065602, -372.313715400609], [2738.0615579697283, -364.1865264007006], [2730.539205769255, -363.35722140043737], [2715.4447393918367, -356.5458630001924], [2697.828999509554, -359.3765574002738], [2653.2422680549867, -405.7955226006142], [2626.146871540342, -427.6891746003354], [2602.9826712141803, -428.8502016005467], [2561.4811823386317, -454.16059020012676], [2462.280681050044, -532.6791876000337], [2399.273724416672, -585.6220188004022], [2346.6670209910126, -634.6394730004674], [2276.1211248324626, -700.8401268002043], [2241.2462725690934, -724.8789144006378], [2098.0727708765658, -801.329778000737], [2064.159983503847, -823.0686264002204], [2057.0191397939857, -823.5551520004062], [2058.0309666611083, -817.9932798006207], [2201.22105567952, -734.7642300006643], [2205.4425300668427, -731.1263454005781], [2213.910359832081, -729.6888834002789], [2273.118818881684, -692.3480436007458], [2339.4515343164426, -627.772827600362], [2444.1507340712583, -528.4663182002993], [2445.6767680337052, -522.9265607999865], [2464.876597520796, -511.83598860001746], [2501.4765316548596, -475.40185560008075], [2521.928704230262, -459.55660140033103], [2535.107334491091, -451.13086260007645], [2540.6557949349703, -441.32294880016883], [2539.602499753728, -407.91854340028243], [2546.212549041202, -396.86114340070105], [2561.1577294868453, -388.700782200405], [2580.8717660692605, -382.6523844004336], [2592.4663067276388, -384.37733880016407], [2609.2277993369266, -380.5735932004966], [2611.707604527671, -372.8334132003968], [2610.03228463227, -366.60809700071496], [2633.536525134924, -346.1408496003781], [2643.6962621202692, -343.1442942007154], [2654.0716343397453, -339.0088266003142], [2659.4210468741985, -331.98737759997107], [2671.6210249196715, -333.30320820042016], [2678.5296460695176, -329.8864716005613], [2683.995169883978, -323.63904060062106], [2690.2402980067245, -320.08961519999724], [2703.1120627416503, -320.69777220003317], [2726.9148751066755, -314.9700390006664], [2731.4763896716686, -317.38055220055156], [2742.4654929405933, -329.1566832006754], [2759.442620784013, -331.42345020045207], [2796.4157697475143, -320.4213372007311], [2859.3397897514683, -318.5305218006338], [2865.3278143259627, -308.3908859999923], [2877.6356099879126, -290.07983160049696], [2886.020503123733, -258.74316000041836], [2904.258267720174, -234.88129080048105], [2915.3468949444014, -224.26618680056862], [2938.61891288704, -208.15555500007468], [2946.71352782402, -199.85144760045583], [2948.6459512664933, -185.44365540021954], [2952.602028443212, -180.97646580065577], [2945.328486128638, -173.52377819998725], [2929.5871140488252, -173.29157280041636], [2907.5342645439096, -178.34480460054328], [2888.9647534345077, -191.59156980056818]]]}, "properties": {"name": "Lake Law", "area": 227316.66978742118}}, {"type": "Feature", "geometry": {"type": "Polygon", "coordinates": [[[3642.1786256865503, 3472.7312735993924], [3639.1763197369496, 3473.383660199945], [3628.4277326903934, 3483.9877067997286], [3626.8934050632365, 3486.3539903998826], [3625.9396338361175, 3497.499849599712], [3630.74995828701, 3503.736223199523], [3635.9666722155707, 3509.088004799996], [3641.2994974253193, 3513.6436535998077], [3646.084940886796, 3514.616704799394], [3654.9923347826507, 3513.743170199399], [3661.0467086595013, 3509.1432917998563], [3663.377227918471, 3506.8875821994234], [3664.9613175221, 3493.961481600003], [3663.4269898961224, 3489.461119799266], [3653.590705761385, 3478.370547599297], [3648.9545482316835, 3474.212965199423]]]}, "properties": {"name": "", "area": 1180.6279767965898}}, {"type": "Feature", "geometry": {"type": "Polygon", "coordinates": [[[4033.8302662146953, 3012.8650649993715], [4034.9250297100584, 3015.286635599386], [4040.009045033907, 3016.834671599406], [4044.512503958896, 3023.679202199253], [4049.911678471, 3030.5237327998857], [4051.371363131091, 3040.409048399912], [4054.4068437324586, 3044.931524999336], [4056.91982357497, 3054.496175999544], [4060.469511271662, 3058.6537583994177], [4064.865152580175, 3060.2460239999546], [4070.9858757593825, 3055.9446953999723], [4075.414691718484, 3051.687596399721], [4080.7972789047044, 3052.273638599498], [4086.5613745827154, 3051.190013399406], [4092.4747561913223, 3052.0414331999273], [4101.10016554951, 3055.568743799507], [4105.412870228604, 3054.98270159973], [4108.083429665245, 3049.2991979993085], [4103.845367950859, 3033.664034399657], [4102.667667827256, 3025.7027063993296], [4090.9404285641654, 3019.245184799291], [4074.270166246649, 3004.074431999567], [4066.6068217779316, 3001.7744927994027], [4059.3996287657146, 3002.8691753996245], [4056.7788313067263, 3004.0302023998356], [4040.7554746892465, 3006.9935855998965], [4034.5352275559153, 3008.9949749997145]]]}, "properties": {"name": "", "area": 2559.2092402828857}}, {"type": "Feature", "geometry": {"type": "Polygon", "coordinates": [[[4643.920398751861, -2827.9853370002425], [4641.623054143481, -2828.0185092006304], [4631.007165701637, -2825.6743404007348], [4624.927910836549, -2819.6812296006237], [4623.376995884687, -2815.82219700031], [4623.38528954704, -2802.1773654003473], [4624.886442522429, -2795.3881218003608], [4635.668204220754, -2797.9755534007422], [4645.745004577859, -2796.0626232003865], [4652.189180607674, -2791.5180318007037], [4656.76728249855, -2797.5222000001586], [4658.30990378806, -2815.0371216005638], [4656.825338138555, -2822.622498000426], [4654.569461844294, -2825.6411682003472]]]}, "properties": {"name": "", "area": 1005.6355751324445}}, {"type": "Feature", "geometry": {"type": "Polygon", "coordinates": [[[4458.250168641367, 2198.8524491997005], [4449.682814923183, 2204.591239799982], [4443.122527612182, 2209.3459217997624], [4435.003031686965, 2215.637582399434], [4427.231869601773, 2226.1310549994964], [4417.005783314071, 2236.314920399869], [4398.5192088329095, 2254.736548799871], [4395.9564670127465, 2262.4656713998415], [4397.183929114, 2266.888631399674], [4401.18976826837, 2270.305367999533], [4406.970451271087, 2273.5120139992937], [4413.198992067949, 2275.6129199994893], [4420.8789238625495, 2275.6129199994893], [4426.991353379404, 2272.516847999449], [4430.997192533775, 2269.863071999864], [4436.338311405874, 2265.119447399427], [4441.11546120382, 2257.5008987999627], [4447.344002000683, 2248.2237401999723], [4451.349841155053, 2240.0412641994176], [4455.0239337952835, 2232.8650115996224], [4461.028545694484, 2225.909906999269], [4470.035463544462, 2214.0895463994143], [4473.377809670554, 2207.134441799846], [4472.813840597578, 2202.6009077995072], [4467.481015387831, 2198.4101532000313]]]}, "properties": {"name": "", "area": 2610.194943203591}}, {"type": "Feature", "geometry": {"type": "Polygon", "coordinates": [[[3427.8289094589613, -320.9410350005189], [3425.481802874109, -310.3148736004773], [3421.7164799421066, -305.78133960013827], [3418.6561183525023, -301.24780560058485], [3415.595756762899, -296.7142716002458], [3414.0365481475055, -292.14756540030476], [3410.2712252166825, -287.6250888000949], [3407.1693953129584, -280.3935492004394], [3404.938400006935, -277.73977320006844], [3404.075859071587, -273.1730670001274], [3403.0225638903444, -269.80055999999973], [3401.4301806231842, -256.07832660070386], [3404.822288726927, -234.51639660014524], [3403.2464927868286, -201.07881900065684], [3400.161250208989, -188.17483320070932], [3397.084301293501, -182.1485502002107], [3378.829949371176, -163.18510920016257], [3370.0552540812128, -157.125654000062], [3359.0163888346374, -146.53266480040804], [3356.760512540377, -142.784206200601], [3354.4382869437604, -140.51743920003864], [3355.591106079127, -137.81943360072216], [3353.982135487261, -123.10203420001048], [3352.107767684791, -117.75025260032308], [3349.8684787164143, -114.68735280067081], [3348.284389112785, -108.63895500069944], [3346.0202191561725, -104.09436360023116], [3340.621044644068, -96.49792980023983], [3339.1530663204467, -91.94228100042801], [3335.2965130978514, -87.40874700008895], [3331.481428189377, -79.10463960047011], [3327.69951793267, -73.0783565999715], [3326.961381938504, -70.4024658001278], [3325.4353479748784, -68.5337652002889], [3324.5811007018838, -64.66367520063183], [3321.5456201016946, -61.6118328003231], [3320.061054452189, -55.56343500035173], [3319.2731564815513, -49.49292240012193], [3320.7411348051724, -47.57999220055183], [3326.057372689036, -41.92966080051825], [3331.398491561137, -38.07062820020472], [3339.0618360298536, -36.56682180070163], [3342.030967327686, -34.33322700052692], [3347.405260851554, -32.76307620024852], [3354.9276130520275, -28.174255200049046], [3375.8442307474597, -16.729846200659082], [3379.982768506543, -12.981387600066384], [3383.8476153926686, -10.637218800170842], [3393.659018537991, 1.5480360000199624], [3396.6944991393584, 6.081569999573347], [3399.7050987524894, 11.798245799596558], [3407.2855065917875, 19.770631199267243], [3412.6266254638876, 23.53014719998916], [3434.7043559582185, 37.285552799672686], [3439.9625382009, 39.55231979944938], [3452.884064913477, 51.39479519956281], [3459.3282409444714, 54.76730219969048], [3494.667538326692, 84.44536380002829], [3503.0192568119232, 86.75636039953618], [3510.632839302989, 85.27466879950585], [3515.1860602056295, 81.44880839957997], [3521.298489721306, 80.04451859966849], [3523.5294850273294, 77.68929239964373], [3532.627633167901, 77.02584839974742], [3541.037407293136, 68.6775113996117], [3559.3332275284024, 53.49570119975826], [3561.6056911485466, 41.376790799557085], [3560.8841424802645, 36.09135359985932], [3550.276547701951, 23.485917599472288], [3541.8833609025996, 16.298607599547964], [3527.5187368558154, 1.0615103998341056], [3524.408613288561, 1.8134135999784888], [3506.9587466627577, -14.175586800665428], [3489.5337610251913, -32.04434520049179], [3484.2506977930952, -39.9835584005605], [3480.4107318963843, -50.598662400472904], [3478.7519993268675, -60.68301120046826], [3479.3491430516106, -81.38246400037602], [3482.077758128254, -90.81442620060427], [3485.8347873967246, -102.20354820013382], [3489.7079279452037, -107.53321500034846], [3508.7584715005187, -126.48559860026737], [3514.0747093843834, -128.00046240068536], [3517.873206966974, -127.94517540003926], [3526.5815529545807, -136.29351240017496], [3536.8822822069915, -144.6086772007087], [3539.9509374601257, -149.1422112002621], [3542.994711723846, -152.5921200005086], [3546.8678522723244, -158.20927920015453], [3547.6225755911955, -161.97985260022], [3550.6165878784427, -168.91284240031501], [3552.955400800943, -171.86516820024644], [3560.57727695554, -187.79888160024427], [3562.8165659239166, -190.85072400055302], [3582.713063088696, -248.42660580006645], [3588.0210073090284, -256.0230396000578], [3598.753007030881, -266.62708620062665], [3622.663637012382, -269.2808622002119], [3644.343271689039, -276.44605740066345], [3647.3704586280537, -278.6907096001817], [3657.314560379267, -282.4281108006452], [3674.8473636333097, -293.0432148005576], [3683.165907466774, -302.0881680001916], [3684.7499970704034, -308.136565800163], [3686.98928603878, -311.1884082004717], [3688.57337564123, -317.2478634005723], [3687.088809992904, -352.9190358002354], [3689.07099541185, -366.24320280037915], [3691.3434590319944, -378.35105580045115], [3693.259295148584, -407.6089362005927], [3690.306751176635, -425.0796282004813], [3671.297675935439, -443.6671176000644], [3669.829697611818, -445.5800478004202], [3669.0583869670627, -447.8910444007137], [3669.0003313270595, -450.8765424002471], [3672.0606929178416, -462.2877792000351], [3679.690862734791, -472.1399226004596], [3715.5443672135148, -506.9817900006451], [3717.0538138512566, -507.6562914006707], [3737.5640420666628, -509.95623060004937], [3746.6704838707656, -511.4268648007361], [3758.157206910309, -518.2382232001954], [3776.3617968549825, -534.1055922002037], [3777.9127118080232, -537.8761656002691], [3779.447039434002, -540.1429326000458], [3785.5511752873253, -548.5244418005691], [3789.4160221734514, -553.0469183999933], [3790.900587822957, -559.1063736000939], [3793.1481704536864, -562.9543488002782], [3795.5284516903066, -589.5142236003177], [3794.765434707904, -599.3774244000857], [3793.3057500478135, -609.1632234005206], [3777.3653300597525, -632.7928872001013], [3776.618900403235, -636.5855754004252], [3772.422307004148, -643.4190486001429], [3753.8362085688627, -663.9968700002006], [3752.0033090793345, -668.5082892002813], [3754.682162178326, -681.4122750002288], [3756.9214511467026, -684.4641174005375], [3762.6191975211786, -698.8276800002569], [3765.339518934291, -707.1539022001342], [3768.598928432142, -711.8864694004421], [3769.9590891392877, -716.2541424004144], [3766.9070212120364, -719.2838700004646], [3725.073785822349, -727.0461648000372], [3718.2812759525104, -720.1684620005883], [3711.3726548026643, -711.8975268005714], [3698.0032702959406, -699.0488280004843], [3692.355285899116, -695.2450824000312], [3686.2428563822614, -693.7302186003989], [3681.6481671666797, -693.6970464000112], [3677.8828442346776, -696.0412152006925], [3671.811883031942, -697.5229068007227], [3661.20428825363, -702.8525736001517], [3652.811101454278, -709.7413338005156], [3642.974817319541, -720.3343230001695], [3640.6857663746923, -721.1636280004327], [3630.426505435223, -723.1097304003905], [3624.7287590607475, -722.6895492001943], [3615.6306109201764, -715.1484024000633], [3596.961575856651, -701.4703986004987], [3574.4774558834724, -679.5767465999919], [3571.425387956221, -675.7398288007224], [3570.2808624843856, -658.7224902006321], [3570.620902660877, -654.5317356003704], [3573.6646769245976, -650.7058752004446], [3578.193016837823, -646.1612837999762], [3583.5341357099232, -642.3022512004484], [3594.506651654143, -641.1522816003662], [3609.327427158605, -643.82817240021], [3613.9552910259536, -639.2835810005273], [3610.8534611210516, -624.787329600043], [3608.6141721538543, -621.8350038001115], [3606.233890917233, -616.483222200424], [3600.154636052146, -610.4016522000651], [3592.5908155375528, -605.1272724004965], [3577.355356890712, -601.356699000431], [3554.6058397069287, -602.9710794004407], [3540.821772059005, -602.9710794004407], [3533.291126196179, -599.9966388002508], [3520.3530121577182, -596.1928932005834], [3514.2239953149797, -593.981413200667], [3508.1779151016594, -590.1887250003432], [3505.0843788602883, -590.1334380004828], [3502.853383554265, -587.8777284000496], [3498.2338133504463, -586.3407498001588], [3496.0028180444224, -584.0850402005115], [3480.7590657352284, -572.7512052000566], [3452.560612062869, -549.3426894007032], [3448.0488594755275, -547.8167682001559], [3438.0632894101936, -540.9832950004383], [3419.0127458548777, -522.1414854002402], [3409.118406081316, -507.7336932000038], [3406.066338154065, -497.01907260049984], [3403.7606998833317, -481.91466419997954], [3402.9893892385776, -462.9069936002002], [3405.91705222229, -430.2987210001894], [3408.9442391613047, -425.676727800388], [3409.7901927719463, -421.88403960006406], [3412.734443081543, -418.1466384003863], [3412.800792383899, -415.85775660035114], [3416.5329406641335, -411.3242226000121], [3418.0506809654066, -405.92821140059345], [3421.882353199765, -401.3946774002544], [3422.6287828551053, -397.590931800587], [3427.5137502707057, -389.961325800208], [3430.9224457003324, -383.93504280049507], [3436.1889216065456, -368.02344419997], [3435.799119453581, -340.2472554006444], [3435.4010236370855, -333.87819300006845], [3433.161734668709, -330.81529320041614], [3431.5776450650797, -324.7668954004448]]]}, "properties": {"name": "A.E. Sea", "area": 165469.34368149366}}, {"type": "Feature", "geometry": {"type": "Polygon", "coordinates": [[[4218.571606085128, 2993.7025907993548], [4214.839457804894, 2989.169056799801], [4214.018385183666, 2983.48555319938], [4208.013773283288, 2977.028031599342], [4201.917931092316, 2977.039088999471], [4196.601693209631, 2978.4544361995117], [4193.889665458872, 2979.615463199723], [4169.539471345576, 2977.282351799957], [4162.357159322773, 2976.187669199735], [4143.638362281596, 2983.540840200026], [4132.350687149121, 2996.4448259999735], [4111.334545500743, 3022.3965437999773], [4126.545123158169, 3014.026091999583], [4127.979926830024, 3040.829229599323], [4139.14319701896, 3051.621251999731], [4155.41536352116, 3057.769166399294], [4171.330902520984, 3056.2874747992637], [4185.148144820676, 3047.3088659996192], [4190.116048864516, 3036.5831879999864], [4187.486957743176, 3026.089715399924], [4188.424141644411, 3016.027481399401], [4197.348122864971, 3015.5077835996135], [4202.647773422951, 3014.711650799738], [4205.990119550222, 3011.0184791997913], [4207.184406999708, 3007.3916519998343], [4215.561006473175, 3001.3321967997335], [4216.307436128515, 2998.258239599952], [4217.8334700921405, 2996.3895389993277]]]}, "properties": {"name": "", "area": 5255.552209308371}}, {"type": "Feature", "geometry": {"type": "Polygon", "coordinates": [[[4738.965774954304, 979.9620749999258], [4735.963469004704, 980.7139781992845], [4730.589175482015, 986.0215302000264], [4729.452943671353, 988.6863635997408], [4729.801277511377, 992.1805019997187], [4743.112606376918, 1005.1176599992681], [4750.336386715019, 1009.5959069997468], [4756.365879603634, 1014.1626131996878], [4761.740173127501, 1015.7327639999662], [4770.0504232974345, 1021.8253913996688], [4787.5085835867685, 1023.3623699995595], [4790.436246570481, 1021.5157841999791], [4794.400617410731, 1016.5841837997023], [4797.485859988571, 996.1169363993653], [4791.373430471716, 989.9579645996731], [4787.284654689106, 989.5930703993373], [4777.523013521435, 987.4700495996691], [4768.57415131146, 984.6504125997169]]]}, "properties": {"name": "", "area": 1902.8324293466285}}, {"type": "Feature", "geometry": {"type": "Polygon", "coordinates": [[[4382.694900123678, -333.0599454007201], [4378.100210908096, -333.12628980070974], [4368.993769103993, -331.56719640056053], [4330.0881966991965, -292.96581300043874], [4321.761359202203, -283.1247270001435], [4317.183257312504, -277.02104220031174], [4318.659529298478, -254.28702780019813], [4323.975767182342, -248.93524620051073], [4380.239975922349, -251.13566880029782], [4388.649750046406, -252.60630300019892], [4390.872451688898, -254.07693720010002], [4394.720711249141, -257.9027976000259], [4396.271626201002, -268.54001640019675], [4396.230157886882, -279.89596620012435], [4394.80364787738, -298.9368090002913], [4392.547771584298, -316.39644360005065], [4390.267014301802, -324.68949360032593], [4388.707805686408, -327.00049020061954]]]}, "properties": {"name": "", "area": 4855.957389969262}}, {"type": "Feature", "geometry": {"type": "Polygon", "coordinates": [[[4491.2174784505, -2866.5093186002455], [4486.63108289727, -2866.4761464006433], [4472.954832865822, -2852.820257400552], [4471.428798902196, -2850.553490399989], [4469.902764938571, -2841.508537200355], [4476.6952748084095, -2834.64189180025], [4490.396405829272, -2836.1456982005384], [4494.941333068381, -2839.8609846007434], [4496.542009996716, -2847.512705400595], [4496.508835344948, -2851.9909524002883], [4495.0491506848575, -2861.8762680003147]]]}, "properties": {"name": "", "area": 614.355632763356}}, {"type": "Feature", "geometry": {"type": "Polygon", "coordinates": [[[1210.5098541984319, 1988.3748401999885], [1218.587881809528, 1995.6616667995045], [1225.9194797641057, 2001.7985237997239], [1235.5401286647113, 2011.1973137995644], [1254.4413862882518, 2025.0964655993564], [1258.8702022473535, 2034.8933219999205], [1265.9612839795636, 2042.8767647997204], [1275.3580039825063, 2053.513983599891], [1279.0320966239155, 2055.039904799653], [1291.1325507140866, 2075.9052185999276], [1307.8691623351385, 2088.4221953992806], [1332.4598726708023, 2104.5217697996454], [1343.3411583232505, 2110.1389289992912], [1361.9604314103033, 2132.297958599757], [1362.6985674032906, 2137.2295590000335], [1360.1772938984261, 2144.9918537996064], [1348.6159278929947, 2162.396201399505], [1342.8269512267477, 2177.4563801995087], [1343.9051273962264, 2180.8731167993674], [1346.5093375293309, 2185.1633880000063], [1354.8195877004423, 2191.7757131994967], [1363.7269815962968, 2201.649971399394], [1367.3430185965237, 2205.9512999993767], [1373.994536198118, 2207.808943199872], [1387.131698144827, 2209.99830839953], [1400.5342573021394, 2210.5622357998345], [1424.4863555977613, 2208.870453599706], [1453.9620333490261, 2205.4868891994493], [1463.3504596896164, 2200.46682959971], [1469.7531674053118, 2193.235289999269], [1473.46043469731, 2184.455714399593], [1473.2365058008259, 2175.5434499999383], [1470.6074146794851, 2167.206170399932], [1458.9299373928673, 2150.1335447999813], [1450.5201632688106, 2140.712639999882], [1446.0415853320576, 2131.192218599406], [1448.438453894562, 2121.428534400015], [1446.9787692332925, 2109.641345999762], [1450.263059720559, 2088.5769989995183], [1453.0331431101438, 2075.1090857992663], [1452.7428649113033, 2058.589330199491], [1453.0497304360276, 2049.577549199459], [1449.641035006401, 2041.4945897992816], [1446.9538882450563, 2035.5457085996877], [1436.6863336432348, 2023.6037165999826], [1414.21880099594, 2001.190366799688], [1401.1562820151191, 1984.8696443998815], [1376.1260075488397, 1972.175749200032], [1361.0232475090686, 1964.8999799998596], [1350.465414707228, 1960.0347239995724], [1339.9573438818604, 1952.9358731998962], [1311.4271436953616, 1947.2744843997334], [1290.319771755212, 1941.049168199266], [1258.2564711967264, 1938.9261473995978], [1247.3585982183945, 1941.3808901999998], [1219.0357396024963, 1941.2039717995037], [1210.91624367728, 1947.3961157995834], [1202.7221047873547, 1953.013275000015], [1198.6250353412136, 1959.0285005995988], [1198.0942409200054, 1969.7210063996301], [1204.2896070651004, 1974.24348299984], [1206.2552051593416, 1985.289825599292]]]}, "properties": {"name": "Casey's Pond", "area": 38255.79891661112}}, {"type": "Feature", "geometry": {"type": "Polygon", "coordinates": [[[3743.236907452903, 521.1905489993412], [3765.040947071919, 524.2423913996499], [3772.024211187653, 526.5423305998142], [3778.808427395138, 531.5513327994242], [3784.083196963704, 532.3695803995583], [3798.9371471199333, 523.0150199994489], [3812.4806985454893, 516.1704893996019], [3816.5197123504486, 512.1677105999656], [3816.959276481064, 502.71363359947895], [3816.2128468257242, 498.9098879998115], [3812.3811745913654, 494.27683739988083], [3812.414349241955, 492.0874721994373], [3806.72489653101, 484.43575139958557], [3802.528303130745, 477.60227819986784], [3801.0022691682984, 472.30578359925516], [3798.771273862274, 467.69484779958293], [3796.4158736150684, 464.67617759966186], [3791.2157470112124, 444.1868153998522], [3787.757289603934, 434.6774513995051], [3784.0583159754674, 399.7692395993299], [3779.1650548975135, 371.3074919998496], [3773.8736980018866, 364.46296140000265], [3762.5113799047026, 355.34060639946415], [3746.4714359625177, 352.2224195999514], [3743.5105983270373, 349.9888247997767], [3738.13630480317, 348.42973139962754], [3732.496614068698, 344.65915799956207], [3721.4411614962382, 335.43728639943197], [3710.8501540426305, 328.6148705998434], [3704.779192841074, 327.1331789998131], [3702.407205266806, 324.8111249993903], [3698.617001346568, 324.7558379995299], [3694.072074107459, 321.0073793997229], [3689.9086553601396, 318.6632105998273], [3688.0342875564916, 317.2368059996574], [3683.4478920032616, 316.3853861999214], [3678.198003422933, 313.32248639948347], [3674.72295869095, 312.2720333997786], [3672.027518266074, 311.84079479945314], [3667.490884689317, 307.99281959926884], [3664.1236575749895, 305.74816739975057], [3643.2070398795563, 287.52557219971766], [3627.250032565612, 271.47022739986977], [3613.681600151819, 256.3326467997475], [3589.4309299926467, 219.8432267999504], [3587.896602366669, 215.2433483996217], [3585.6490197359394, 211.41748799969582], [3577.297301250708, 187.8983981998359], [3571.209752723268, 173.46849119934114], [3564.400655527546, 153.75314699993433], [3559.8640219507893, 142.34191019936065], [3558.4043372906985, 140.0309135998528], [3556.870009663542, 135.51949439977216], [3549.297895486596, 127.149042599378], [3543.2103469579774, 126.36396719963165], [3536.451011739907, 120.63623399947922], [3523.371905433202, 144.50916059954574], [3521.845871469576, 146.77592759932244], [3519.598288838847, 157.40208899936408], [3514.1825270008594, 172.56178439974474], [3510.408910406505, 177.8914511999594], [3509.629306099398, 190.7290925999173], [3511.13875273714, 196.82171999961986], [3520.2369008777105, 210.4997237999702], [3523.255794153194, 215.81833319926994], [3526.1005205086667, 226.31180579933232], [3530.1229469889204, 231.75204659926777], [3532.3207676431766, 238.65186419976084], [3533.8302142809184, 244.7444915994634], [3534.560056610375, 250.0409861992904], [3532.644220493785, 286.06599539994573], [3530.645447747776, 300.0757211994586], [3528.3481031405745, 306.9202517993055], [3524.582780208572, 312.23886119939095], [3522.3103165884286, 317.49112619948676], [3511.636372507759, 330.0855047997445], [3504.7443386837967, 337.2506999994104], [3501.6839770930146, 341.7952913998787], [3499.411513474049, 347.03649899984526], [3486.763677635607, 356.31365759983584], [3484.3336344213353, 386.2460394000029], [3490.4377702758375, 407.7747971993883], [3494.1450375678364, 425.19020219941643], [3493.912815007821, 430.8737057998377], [3491.3334858629523, 437.39757179986566], [3486.3324071673446, 447.8136425998092], [3480.9166453293565, 457.2677195995102], [3484.200935816623, 465.00789959961], [3505.6068796191444, 484.048742399777], [3510.2845054641443, 485.3756303995696], [3513.9751854302594, 483.49587239960147], [3519.9300353518074, 476.9941211998319], [3532.387116945533, 472.2173243997928], [3538.035101342358, 472.8586535994307], [3579.503415567317, 504.4164731997366], [3581.7675855239295, 502.13864879983066], [3583.8492948981784, 499.29689699962006], [3575.7546799611987, 474.6610097992799], [3573.9632487869685, 455.1004691993251], [3575.1658298999864, 436.3581761995043], [3580.324488189723, 425.3892353993853], [3588.974778536147, 419.8826501994602], [3601.0835262898495, 419.94899459944986], [3612.338026770557, 427.31322299987033], [3640.0720353240645, 467.4184127994952], [3661.1296452877423, 487.4433641993774], [3684.2192026480166, 505.3342373994622], [3704.5801449328264, 514.744084799432]]]}, "properties": {"name": "Dusaf Pond", "area": 62590.575055989844}}, {"type": "Feature", "geometry": {"type": "Polygon", "coordinates": [[[4004.1638342175356, 1523.1679073996238], [4001.1532346055833, 1523.9198105997682], [3998.8393026713193, 1525.3904447996695], [3994.161676826318, 1530.8970299995945], [3995.082273402848, 1536.7795667999847], [3996.6083073664736, 1541.3905025996569], [3998.46608784306, 1544.3981153994487], [4008.7419361084126, 1559.5799255993022], [4015.509564990014, 1568.746510199572], [4018.4869899513783, 1577.0506175999765], [4020.776040896227, 1605.9657185992548], [4018.503577277262, 1618.084628999456], [3988.779089640098, 1649.8304243996017], [3981.132332497265, 1660.4787005999017], [3976.4961749675626, 1670.3750735992717], [3976.529349618152, 1674.8533205997503], [3981.8538811643684, 1680.2051021994378], [3984.1263447845117, 1681.731023399985], [4005.8391541129363, 1679.851265400017], [4014.5640874252485, 1677.285948599894], [4016.786789067741, 1675.726855199745], [4025.9181118600795, 1672.7634719996843], [4055.9494650219676, 1668.60588959981], [4091.6951518830365, 1670.1981551995614], [4105.8109660451, 1675.1850425996986], [4116.0785206481005, 1677.120087599527], [4126.288019609918, 1675.970117999445], [4131.645725807902, 1671.4586987993644], [4131.712075110258, 1631.2318775998895], [4130.252390450168, 1593.2607659992764], [4128.784412126546, 1591.3478357997062], [4121.195710622538, 1584.171583199911], [4099.109686467033, 1577.2938803996765], [4085.4417300979376, 1568.9344859994114], [4081.6598198412307, 1568.0830661996756], [4078.591164588095, 1565.8494713995008], [4073.324688681883, 1563.5827043997242], [4067.9835698097827, 1559.7236717994106], [4063.8450320495213, 1555.9752131996036], [4055.8250600784286, 1550.5902593995286], [4053.1627943053204, 1548.3566645993537], [4042.961589007034, 1542.241922399393], [4038.4249554302774, 1537.6973309997102], [4027.767598674313, 1528.4865167997093], [4020.20377815972, 1526.186577599545]]]}, "properties": {"name": "", "area": 14836.48185021896}}, {"type": "Feature", "geometry": {"type": "Polygon", "coordinates": [[[1658.5003464312927, 1204.3056635998275], [1648.6143003200832, 1204.2614339993108], [1639.4829775277444, 1206.517143599744], [1624.181169578547, 1221.6326093996076], [1623.5176765514475, 1226.210372999678], [1620.7392994983313, 1252.3611239996503], [1624.4963287668024, 1296.4359203993097], [1626.387283895156, 1303.6342877993632], [1629.3315342059307, 1307.460148199289], [1636.223568029893, 1314.3267935993945], [1640.7933762572386, 1315.786370399952], [1646.84775013409, 1311.9936821996282], [1654.4447453004502, 1304.4304206000245], [1657.5465752041741, 1297.6080047996502], [1659.7858641725506, 1294.655678999719], [1663.6838857092655, 1280.966617800025], [1666.3461514823737, 1262.379128399656], [1667.847304457763, 1255.52354039968], [1668.9918299295982, 1252.1620907996814], [1669.7133785978801, 1223.4902525993175], [1666.8686522424077, 1212.6871727995654]]]}, "properties": {"name": "", "area": 4265.740105950856}}, {"type": "Feature", "geometry": {"type": "Polygon", "coordinates": [[[5055.501711095375, -3990.4719138000582], [5050.915315542146, -3990.538258200048], [5040.838515185041, -3989.3330016001055], [5025.768929795859, -3984.511975200335], [5023.554521816897, -3982.952881800186], [5003.002825286192, -3962.5188066002365], [5001.468497660214, -3960.25203960046], [5000.440083467208, -3950.609986800134], [5002.895007669716, -3940.514580600009], [5006.685211589954, -3932.52008040008], [5012.0926797644115, -3927.5774226004596], [5018.503681143638, -3921.9049764001675], [5028.937109003117, -3915.9118656000564], [5035.538864627061, -3912.716277000425], [5040.904864488576, -3910.106730600571], [5048.584796283177, -3904.522743600527], [5055.684171677739, -3900.553137000493], [5069.028675195048, -3894.1177302007127], [5082.290242084117, -3888.1025046003433], [5089.671602016346, -3885.227580600531], [5094.772204666078, -3883.0161006006147], [5100.038680572291, -3886.421779800344], [5105.894006540894, -3890.855797200306], [5109.559805518773, -3902.75355960028], [5109.6427421470125, -3915.967152600703], [5108.174763823391, -3925.96304220045], [5098.695107192208, -3941.8082964001997], [5091.9440656364895, -3953.606542200582], [5088.112393402131, -3959.345332800078], [5085.483302279612, -3963.867809400288], [5069.882922468043, -3983.207202000015], [5065.346288892464, -3987.4532436001373]]]}, "properties": {"name": "", "area": 7417.499227087945}}, {"type": "Feature", "geometry": {"type": "Polygon", "coordinates": [[[3984.7815441492594, -976.4126496000877], [3983.8609475739086, -981.3553074004938], [3955.4883269803586, -978.7899906003709], [3939.2576287934576, -983.7547632002497], [3929.205709424589, -985.3249140005281], [3924.2460990442787, -991.1300490000137], [3921.7580001900033, -995.9510754005697], [3919.070853428659, -997.0899876005227], [3908.81159248919, -999.0250326003512], [3890.6152962080478, -1004.3657568006951], [3879.1866288073293, -1015.7769936004831], [3871.631101955088, -1024.943578199967], [3865.983117558264, -1042.0604334004347], [3863.75212225224, -1054.135114200119], [3861.886048112123, -1098.5858622002434], [3857.374295524781, -1103.9265864005872], [3853.5260359645386, -1107.663987600265], [3850.5320236772914, -1107.7082171999962], [3847.4716620876875, -1109.941812000171], [3835.3297396833964, -1112.9936544004797], [3830.3369546501403, -1113.4691226005364], [3825.4436935721865, -1113.0378840002109], [3814.0896691373555, -1108.515407400001], [3810.2828778912335, -1107.7745615999859], [3798.033137869287, -1103.2631424006909], [3786.6210577944516, -1101.0406050006454], [3777.4897350021133, -1097.9777052002075], [3772.953101426535, -1094.9590350002863], [3769.950795475757, -1095.0032646000175], [3765.3063442837015, -1091.1774042000916], [3761.4995530375795, -1090.4365584000766], [3756.9546257984703, -1086.6217554002799], [3749.382511620346, -1081.3473756007113], [3733.367448667577, -1071.5173470005452], [3729.560657421454, -1070.7765012005302], [3719.2682218313967, -1063.2464118005284], [3707.1428867518107, -1053.3610962005018], [3690.7380216437195, -1037.460555000106], [3677.741851966434, -1023.1080498005159], [3671.7123590778183, -1013.2337916006186], [3665.525286595076, -999.5779026005267], [3662.4898059937086, -989.7589314004899], [3659.446031729988, -972.2661246003429], [3654.8098742002867, -927.5168268006581], [3652.4710612777862, -896.3791884005484], [3653.574118435501, -875.5470468006614], [3656.891583573357, -856.1855394006755], [3660.698374819479, -850.1592564001769], [3662.2244087831045, -844.752187800629], [3667.507472015201, -837.2110410004982], [3670.5844209306883, -828.807417000502], [3672.8402972249487, -825.7776894004518], [3676.630501145187, -818.5572072001397], [3686.4584916163926, -807.1680852006102], [3713.8192853416413, -778.6952802002149], [3722.1212418492214, -772.6026528005124], [3728.2253777037236, -766.4436810000345], [3733.566496575824, -762.6841650000983], [3739.944323303283, -761.489965800285], [3744.9536956612446, -762.6178206001086], [3751.0578315157472, -763.3254942005219], [3754.78168613245, -765.6696630004174], [3772.380838690028, -780.7519566006793], [3813.5091127384962, -821.7085662000401], [3834.7989452610095, -843.6132756006762], [3836.3498602128716, -847.3727916006123], [3840.106889481342, -852.005842200543], [3844.693285034572, -865.5843294005161], [3851.245278682042, -904.6280088003068], [3853.5260359645386, -910.3778568007177], [3854.6954424257888, -915.6301218000278], [3857.0259616859366, -917.8968888005902], [3859.3315999566694, -925.5264948001835], [3868.4712164113607, -936.1526562002251], [3886.708981007802, -954.3199644003977], [3895.0358185036184, -957.2944050005875], [3928.5753910492567, -955.7242542003091], [3933.875041607237, -956.4429852000659], [3955.471739654475, -959.9702958004312], [3955.2229297697545, -967.9537386002312], [3960.0996035230028, -970.8839496006899], [3972.0922399966976, -973.6372422006524], [3982.1690403526236, -971.6358528000485]]]}, "properties": {"name": "Sea of Evanescence", "area": 59700.97191843856}}, {"type": "Feature", "geometry": {"type": "Polygon", "coordinates": [[[4315.507937417103, 2813.632831799867], [4312.057773673357, 2813.9534963996857], [4306.600543521248, 2814.484251599603], [4300.471526679688, 2816.7620759995084], [4298.539103236036, 2820.1456403997654], [4297.187236192422, 2826.4815305999537], [4296.606679793563, 2834.0890217992887], [4298.3981109677925, 2878.263334799325], [4296.100766360591, 2892.2730605996235], [4292.683777267433, 2900.588225399372], [4295.727551532332, 2904.4140857992975], [4304.833993335255, 2896.8729389999526], [4311.021065817998, 2889.995236199718], [4317.075439694849, 2871.8500427998038], [4318.659529298478, 2844.4829777997593], [4320.21044425034, 2833.8457589995887], [4322.4994951951885, 2827.8084185997463], [4321.471081003361, 2816.7289037999067], [4319.090799766741, 2815.2914417996076]]]}, "properties": {"name": "", "area": 1676.6784778507426}}, {"type": "Feature", "geometry": {"type": "Polygon", "coordinates": [[[4197.795980659118, -1792.183392000663], [4186.350725932514, -1780.893786600725], [4184.799810980653, -1777.0347540004116], [4185.513065985404, -1749.7340334003568], [4187.022512623145, -1743.6414060006543], [4194.594626801269, -1735.259896800131], [4199.885983695719, -1735.2930690005185], [4204.522141226599, -1738.3117392004397], [4206.753136531444, -1740.567448800087], [4207.955717644462, -1747.821103200001], [4206.023294200811, -1752.7305888000194], [4208.386988111547, -1785.3609762002889], [4203.079043891214, -1791.4093740002602], [4200.085031603967, -1791.4536035999913]]]}, "properties": {"name": "", "area": 1087.1163439387456}}, {"type": "Feature", "geometry": {"type": "Polygon", "coordinates": [[[4638.405112959749, -2868.3890766002137], [4636.082887363133, -2866.8299832000644], [4632.234627802891, -2863.103639400516], [4630.18609308041, -2852.2784448005054], [4631.52137279814, -2847.8775996001455], [4632.9893511217615, -2845.5666030006378], [4636.829317019651, -2841.8292018001744], [4640.6112272763585, -2841.0772986000297], [4647.403737146197, -2840.9777820004383], [4652.056482002961, -2845.5997752002395], [4653.507873000699, -2849.359291200176], [4655.058787952561, -2859.996510000347], [4652.819498984185, -2863.8113130001434], [4649.759137394581, -2866.8410406001935]]]}, "properties": {"name": "", "area": 537.6114509413019}}, {"type": "Feature", "geometry": {"type": "Polygon", "coordinates": [[[4983.603947892032, -2075.07591360045], [4982.061326603702, -2078.879659200117], [4978.237948031696, -2084.209326000332], [4976.7202077316015, -2089.505820600159], [4966.892217260395, -2100.9060000006034], [4958.581967089284, -2113.8652728004113], [4955.737240733812, -2124.2592288000965], [4954.800056831398, -2129.058140400394], [4948.687627315721, -2134.321462800619], [4938.876224169221, -2132.8618860000615], [4923.607590871791, -2119.228111800228], [4910.677770496862, -2115.4243662005606], [4905.378119938881, -2115.4022514003022], [4896.213622494775, -2117.027689200441], [4886.369044697685, -2126.9240622005964], [4878.821811508976, -2136.7872630003644], [4874.600337121654, -2149.2931824003745], [4872.750850306242, -2159.5765644003386], [4871.598031170875, -2162.982243600068], [4868.977233711887, -2175.466048200605], [4865.236791769299, -2179.3029660006605], [4846.161367225747, -2179.3693104006497], [4828.678325948178, -2178.6174072005056], [4824.125105046715, -2174.105988000425], [4821.960459044227, -2155.308408000744], [4815.740211910896, -2146.0312493999677], [4814.147828644914, -2139.1867188001206], [4811.900246013005, -2135.7368100006597], [4805.820991147918, -2129.345632800611], [4793.596132114208, -2119.4603172005845], [4777.664005789678, -2115.689743800519], [4769.469866898575, -2108.380802400745], [4773.757690589433, -2093.7408048001516], [4779.8867074321715, -2074.7331342003727], [4784.3901663571605, -2068.6957938005303], [4826.994712391603, -2073.074524200632], [4832.335831263703, -2069.3150082006955], [4835.304962561536, -2067.778029600019], [4855.823484440473, -2049.5664918001153], [4861.089960346686, -2047.9963410006226], [4892.879570031036, -2077.4864268003353], [4896.205328832422, -2080.571441400246], [4909.823523223867, -2083.567996800694], [4915.521269598342, -2083.9881780001047], [4918.938258690322, -2085.038631000595], [4931.48657057464, -2083.169930399971], [4941.032576509358, -2079.7531938001116], [4948.629571675718, -2080.4387526002665], [4962.264353391867, -2077.364795400485], [4969.090037913474, -2072.7870318004148], [4975.5425076068195, -2070.111141000571], [4979.755688331789, -2071.2389958003946]]]}, "properties": {"name": "", "area": 13212.598212268203}}, {"type": "Feature", "geometry": {"type": "Polygon", "coordinates": [[[4426.05416947817, -340.52369040073216], [4420.688169616654, -335.2161383999903], [4422.977220562682, -306.4005540003034], [4425.913177208747, -302.5746936003775], [4431.237708756143, -297.3224286002817], [4435.011325350497, -295.77439260026176], [4444.217291107544, -297.24502680016286], [4452.54412860454, -299.51179380072523], [4460.9290217403595, -306.2678652003241], [4461.700332385115, -325.28659320023263], [4460.2240603991395, -327.1995234005884], [4453.423256865771, -333.66810239997034], [4440.501730153193, -338.2237512005678]]]}, "properties": {"name": "", "area": 1443.9828832870116}}, {"type": "Feature", "geometry": {"type": "Polygon", "coordinates": [[[4610.380826206222, -2919.043026000547], [4606.582328623632, -2918.99879640003], [4604.268396690547, -2917.528162200129], [4597.459299494824, -2916.0354131999693], [4588.734366181334, -2906.49287700002], [4589.074406357825, -2902.3131798006734], [4592.118180621545, -2898.586836000339], [4597.43441850541, -2893.2239970005226], [4599.706882125553, -2891.7091332001046], [4604.243515701131, -2894.329737000088], [4618.67448905145, -2905.2765630007343], [4620.21711034096, -2908.350520200516], [4620.266872317432, -2912.1321510007106], [4614.162736464109, -2918.1916062000255]]]}, "properties": {"name": "", "area": 549.5272234873846}}, {"type": "Feature", "geometry": {"type": "Polygon", "coordinates": [[[4042.712779121135, -3041.8907400007283], [4031.7734378286827, -3041.8686252004695], [4008.7419361084126, -3019.090381200625], [4006.3699485341444, -3008.1877848004956], [4011.205153973273, -3002.1062148001365], [4017.309289826597, -2996.168391000672], [4024.45842719881, -2996.068874400294], [4038.93086886325, -2998.5567894002984], [4057.08569683145, -3014.1366660000895], [4062.061894538823, -3018.9687497999894], [4061.3901078481917, -3026.7310446003476], [4059.548914696311, -3031.043430600459], [4048.725684683867, -3040.6854833999996]]]}, "properties": {"name": "", "area": 1746.8688655449077}}, {"type": "Feature", "geometry": {"type": "Polygon", "coordinates": [[[4802.802097872434, -1382.5509515999936], [4802.544994324183, -1385.8128846004004], [4801.665866062952, -1397.1577770001988], [4796.971652892067, -1404.1571112002835], [4789.922039473978, -1409.9843610000275], [4777.506426195551, -1410.8136660002908], [4771.725743192836, -1409.9843610000275], [4761.159616727464, -1405.9041804002723], [4747.441898381896, -1399.5461754006112], [4731.592708685605, -1395.7645446004165], [4727.4044089488725, -1395.7203150006853], [4723.780078286292, -1397.290465800178], [4711.422520646691, -1397.1577770001988], [4697.646746661119, -1395.3664782004787], [4685.828277107436, -1388.6988660003424], [4674.208855462, -1379.5101666005999], [4672.1354397501045, -1379.1673872005224], [4666.852376518008, -1385.9676882006381], [4665.48392214851, -1381.3346376007075], [4668.552577401645, -1376.4140946005598], [4668.212537225154, -1373.3843670005097], [4660.889232932928, -1359.9385686005157], [4659.794469436387, -1352.3531922006537], [4659.106095421051, -1346.5922868001135], [4658.508951696308, -1337.6689650003295], [4658.442602392774, -1328.8893894006542], [4658.144030530401, -1319.424255000038], [4655.067081614914, -1303.5347712005573], [4652.885848286541, -1281.1103640001334], [4650.829019901707, -1276.69846140043], [4649.916716988709, -1271.9437794006494], [4649.394216229854, -1266.249218400099], [4651.575449557047, -1260.7868628006906], [4650.58850367934, -1251.9741150006275], [4648.398976687436, -1250.8573176001473], [4644.981987595456, -1248.1261398004433], [4637.625508652643, -1228.7978046000594], [4634.938361890119, -1224.883485000671], [4631.156451633412, -1221.9975036007293], [4623.2608846046805, -1218.2158728005345], [4607.063361068368, -1213.6933962003247], [4596.870449432434, -1211.5703754006565], [4586.660950470617, -1209.093517799996], [4572.3129137485375, -1209.1819770002442], [4561.108175244302, -1203.3768419999728], [4545.192636245656, -1200.2918274000622], [4540.36572447006, -1192.7838528003188], [4539.793461733552, -1185.7624037999758], [4536.766274794538, -1181.6822232002205], [4528.008166830458, -1178.276544000491], [4530.396741729431, -1173.2343696004932], [4534.15377099908, -1170.6579954002411], [4535.596868333288, -1166.9316516006925], [4538.076673524031, -1164.0014406002338], [4543.815888212628, -1159.7222268005098], [4547.647560446986, -1158.7049460004068], [4554.3073717121115, -1153.8396900001196], [4557.906821386455, -1149.2619264000493], [4563.347464212679, -1145.745673200599], [4564.433934045689, -1141.4443446006164], [4566.880564584666, -1139.752562400488], [4569.393544427177, -1136.6233182000603], [4575.306926035784, -1132.8859170003825], [4577.45498471239, -1132.6868838004136], [4582.091142242092, -1133.1955242000722], [4592.989015220424, -1129.3807212002757], [4599.06827008669, -1129.3254342004152], [4605.023120009418, -1130.2321410000118], [4621.950485875185, -1136.5569738000709], [4624.504934031817, -1138.7905686002455], [4636.6219754478725, -1142.273649600094], [4642.767579616495, -1146.0663378004178], [4648.797072505109, -1148.3773344007113], [4651.824259442946, -1150.6219866002298], [4657.2483149432865, -1152.833466600146], [4660.648716709382, -1153.0656720005024], [4665.931779942657, -1154.4146748005537], [4672.118852424221, -1155.398783400269], [4676.132985240943, -1158.6054294000296], [4680.304697652972, -1160.662105800494], [4685.314070010933, -1162.8404136000224], [4689.361377479423, -1164.1673016006007], [4693.458446924386, -1165.6932228003623], [4697.041309274024, -1168.1037360002474], [4698.766391145897, -1170.73539720036], [4699.164486962393, -1173.4444602005913], [4702.390721808477, -1176.1866954004247], [4711.737679834947, -1183.1417999999924], [4718.463840402429, -1189.986330600625], [4726.691153944122, -1196.4327948005343], [4727.379527960636, -1199.3408910007345], [4726.326232779394, -1207.8219168000637], [4722.129639379128, -1221.2234856003265], [4720.694835707274, -1224.9498294006607], [4716.116733817576, -1226.7743003999826], [4714.366770956288, -1230.1136352005083], [4711.613274892587, -1238.495144400246], [4710.568273373697, -1243.625778000492], [4710.2779951736775, -1252.1620908004672], [4709.456922552451, -1257.856651800232], [4711.090774132553, -1265.1324210004043], [4711.256647390211, -1274.1110298000488], [4710.2697015113245, -1279.3411800006718], [4710.344344477213, -1282.5035964007013], [4724.294285381617, -1332.5051592004818], [4726.118891207615, -1337.713194600061], [4728.77286331837, -1342.4678766006273], [4733.010925032756, -1344.977906400104], [4740.508396243813, -1348.4831022002109], [4747.59118431367, -1348.7263650006967], [4752.700080625756, -1348.9475130001383], [4757.211833214276, -1350.1417122007374], [4764.991288961822, -1350.2633436005874], [4773.765984251786, -1350.4292046001688], [4783.809609957123, -1352.9392344004311], [4795.926651374356, -1355.2612884000682], [4800.471578613465, -1358.9765748002733], [4802.6030499641865, -1364.2509546006274], [4804.28666352194, -1374.0035814006746], [4805.37313335495, -1377.033309000725], [4803.830512065441, -1379.5765110005893]]]}, "properties": {"name": "", "area": 27015.434342519846}}, {"type": "Feature", "geometry": {"type": "Polygon", "coordinates": [[[5091.662081098823, -1335.5901738003927], [5084.073379595994, -1335.6012312005219], [5069.559469617435, -1333.3123494004867], [5063.065531609968, -1326.1360968006916], [5068.390063156185, -1299.5651646005228], [5072.545188241151, -1275.7032954005856], [5075.58896250605, -1271.8774350006597], [5080.117302419275, -1267.3328436001914], [5084.620761344265, -1268.0736894002066], [5089.961880216364, -1271.0813021999984], [5094.7307363519585, -1276.3888542007403], [5094.249703907222, -1299.5098776006625], [5095.443991356709, -1327.1754924002673], [5094.61462507195, -1332.5604462003423]]]}, "properties": {"name": "", "area": 1700.466829298064}}, {"type": "Feature", "geometry": {"type": "Polygon", "coordinates": [[[-926.3523778041016, 2084.2203833996755], [-932.7965538339171, 2088.632285999379], [-937.4741796789177, 2097.6882965999275], [-938.44453823192, 2111.233611599513], [-937.3248937471426, 2123.253005399337], [-931.9091319091548, 2130.948955799706], [-929.5786126501856, 2137.096870199269], [-923.3832465050905, 2142.868832999938], [-915.9438309328576, 2150.1114299997225], [-908.2804864641408, 2160.9476819998627], [-895.1101498668434, 2167.4826054000196], [-879.6175876717508, 2168.2566233996367], [-859.4805742846034, 2176.3285253996846], [-802.9343810081092, 2176.3285253996846], [-802.9343810081092, 2160.5606729992683], [-785.5011017081905, 2158.6366853995687], [-783.5686782645382, 2146.329799199528], [-793.6371849581117, 2141.7188633998558], [-803.705691652864, 2136.7209185995894], [-808.3501428460971, 2129.7989861996234], [-807.9852216801904, 2121.8929451999425], [-809.4034380273397, 2114.937840599589], [-838.6385995550579, 2105.240500799402], [-857.8467227045014, 2100.275728199523], [-869.7813035381923, 2096.6157287999645], [-876.2586542197753, 2095.4215295993654], [-882.7111239131219, 2092.7345813993925], [-892.1741932195997, 2090.7110771993157], [-894.9857449244831, 2087.7476939992553], [-902.1017076449294, 2084.6626793993446], [-911.5730706137599, 2084.8395977998407], [-919.219827756593, 2081.743525799801]]]}, "properties": {"name": "", "area": 9514.74553668499}}, {"type": "Feature", "geometry": {"type": "Polygon", "coordinates": [[[4738.791608035472, 1474.824954599584], [4731.186319206758, 1482.3882161999734], [4729.668578905485, 1490.7365531993235], [4729.618816929013, 1494.5181839995182], [4732.662591192732, 1498.344044399444], [4741.0391906662, 1506.7255535999675], [4759.998503929744, 1508.284646999331], [4763.838469826455, 1505.2549193992807], [4766.27680670308, 1502.0040437997886], [4765.3396228018455, 1490.836069799701], [4750.958411429177, 1476.3840479997334]]]}, "properties": {"name": "", "area": 906.8495892463252}}, {"type": "Feature", "geometry": {"type": "Polygon", "coordinates": [[[4386.974430152183, 2511.4893767998146], [4385.232760954425, 2512.6282889997674], [4383.37498047784, 2515.1936057998905], [4381.981645120106, 2518.9531217998265], [4378.000686953972, 2520.14732099964], [4376.400010024459, 2521.5958403992827], [4374.60857885023, 2528.5177728000344], [4370.627620685274, 2538.403088399275], [4368.43809369337, 2552.1806088000026], [4365.452375069654, 2570.182055999808], [4363.387253021289, 2585.1427181994345], [4364.316143260172, 2588.636856599412], [4363.918047443675, 2593.7122031997974], [4360.268835791681, 2613.9472451997776], [4358.742801828055, 2628.6535871995748], [4359.273596250443, 2628.8526203995434], [4355.176526804301, 2652.84717839946], [4354.032001332466, 2656.219685399588], [4350.175448108693, 2664.0704393994083], [4343.839089695354, 2676.9854825994853], [4343.374644576503, 2682.901191599477], [4340.3225766492515, 2695.6724885994454], [4338.116462332642, 2711.661488999304], [4337.029992499632, 2714.370551999535], [4336.615309357252, 2717.96420699989], [4336.56554738078, 2722.4756261999705], [4338.39844686913, 2729.0547791998592], [4342.619921257631, 2738.055502799762], [4344.776273596589, 2742.1467407996465], [4344.403058769508, 2745.364444199536], [4340.3225766492515, 2747.55380939998], [4338.7716616973885, 2749.0465583993537], [4336.001578306626, 2752.452237599869], [4333.140264625269, 2753.7570107994034], [4331.075142576905, 2756.3665571992574], [4329.283711402675, 2760.6568283998963], [4325.203229283596, 2766.019667399713], [4322.2921536245885, 2768.8171895994064], [4318.775640578486, 2773.6713881995647], [4317.647702431355, 2777.6741669999865], [4317.365717894868, 2781.267821999556], [4317.738932723127, 2785.3258877998383], [4320.318261866817, 2789.140690799635], [4322.2921536245885, 2790.9209322000115], [4324.548029918849, 2792.9223215998295], [4324.266045381182, 2794.503529799452], [4324.266045381182, 2795.996278799611], [4326.530215337795, 2799.3134987998783], [4329.2256557626715, 2799.910598399785], [4332.344072992279, 2800.3639517995834], [4335.387847257178, 2798.5063085998736], [4338.2076926244135, 2798.638997399853], [4340.272814672778, 2799.4351301997285], [4343.9800819635975, 2797.8981515998375], [4346.7086970402415, 2796.5491487997865], [4349.196795893338, 2796.50491919927], [4350.482313634596, 2796.0073361997406], [4350.955052416979, 2794.8241943992707], [4351.378029221711, 2793.652109999716], [4351.9419982946865, 2792.8228049994523], [4352.199101842938, 2792.048786999835], [4352.223982832353, 2791.2526541999596], [4352.033228586458, 2790.7661285997738], [4351.261917941703, 2790.931989599355], [4350.299853052232, 2791.8608111999956], [4349.238264207458, 2792.933378999959], [4346.410125177869, 2794.3487261999994], [4344.544051037752, 2794.28238180001], [4342.95166777177, 2792.8228049994523], [4342.619921257631, 2791.2747689994326], [4350.200329098108, 2777.38667459977], [4350.150567120457, 2770.3541681992974], [4351.079457359339, 2767.379727599893], [4355.392162038433, 2766.3292745994027], [4357.183593212663, 2770.0224461993494], [4356.055655066712, 2776.4799677993874], [4355.9229564608195, 2780.438516999293], [4359.447763169275, 2774.434348799838], [4362.383719816519, 2756.0348351993093], [4363.942928431912, 2740.0347773993217], [4364.0922143625085, 2736.3305484000316], [4368.346863402778, 2710.898528399816], [4369.035237418113, 2702.881913399628], [4367.774600666271, 2691.8023985997884], [4365.319676463762, 2689.9558127994223], [4364.2497939566365, 2685.27853259976], [4366.182217400289, 2679.7387751994474], [4369.234285326361, 2670.9702569999013], [4370.893017895878, 2666.6910431993915], [4370.69396998763, 2661.8147297997607], [4374.409530941981, 2650.8015593999107], [4378.531481376359, 2639.788388999275], [4381.384501394184, 2631.086215199718], [4388.152130275786, 2612.565070199339], [4389.280068422916, 2600.9658575997114], [4389.877212147659, 2582.5110569993217], [4393.601066765541, 2557.521332999561], [4395.923292362158, 2543.213057399702], [4396.5204360869, 2537.9386775993476], [4397.266865742241, 2531.436926399578], [4397.515675628139, 2527.0692533996057], [4398.046470050526, 2520.467985599459], [4397.449326325784, 2517.17288039945], [4394.729004912671, 2514.275841599379], [4392.340430012519, 2512.1638781998404], [4389.288362086447, 2511.179769599339]]]}, "properties": {"name": "", "area": 7233.219998698682}}, {"type": "Feature", "geometry": {"type": "Polygon", "coordinates": [[[3484.7483175637144, 700.4199456000081], [3485.18788169433, 696.1960187993587], [3482.467560281218, 690.5788595997128], [3475.7911616913875, 688.3120925999361], [3468.1526982109067, 688.3894943992693], [3459.1208993726923, 693.3432095998046], [3448.18155808024, 696.4835111995758], [3442.699446939896, 698.2195229994354], [3440.7006741950654, 704.1131171999547], [3441.8700806551374, 710.0730557996781], [3444.291830205878, 717.2714231997315], [3449.9398146038807, 721.2742019993678], [3455.3058144642177, 729.1581281995761], [3462.206141951711, 732.1436261998953], [3468.592262342701, 730.1754089996791], [3470.939368927554, 728.0634455993544], [3471.453576024057, 723.3972227998217], [3472.340997947641, 720.6218153996008], [3471.2379407899257, 715.369550399505], [3475.7165187255, 710.2610315995177], [3479.8965247998813, 707.3529353993174]]]}, "properties": {"name": "", "area": 1217.398370486917}}, {"type": "Feature", "geometry": {"type": "Polygon", "coordinates": [[[71.74847727274646, 77.7777515998918], [175.56854876515237, 207.21567599930495], [175.8754142910552, 210.75404399979953], [171.65393990255382, 214.98902819979241], [158.36749202524877, 225.83633759927568], [153.28347670140002, 225.42721379999435], [50.433763760817904, 93.20282459944534], [51.61975754795182, 89.15581619929213], [69.26867208200218, 76.87104479950972]]]}, "properties": {"name": "", "area": 4736.619002872025}}, {"type": "Feature", "geometry": {"type": "Polygon", "coordinates": [[[-1439.5559409869434, 3466.7713349996693], [-1437.7728034750662, 3449.543905799481], [-1437.7728034750662, 3440.709043199945], [-1438.6602253986503, 3427.6834259993616], [-1442.2182067600518, 3417.963971399702], [-1443.1139223471666, 3411.561736799524], [-1442.0025715259203, 3405.159502199346], [-1437.9967323715505, 3401.178838199968], [-1426.2031438061035, 3400.2942461998446], [-1413.7460622123783, 3401.8422821998643], [-1408.4132370038092, 3408.465664799484], [-1406.406170595448, 3418.8485633998257], [-1416.1926927525337, 3435.8548445997867], [-1418.199759160895, 3446.680039199797], [-1417.975830264411, 3467.8770750000203], [-1421.3098827269712, 3476.0484935996597], [-1427.0988593932184, 3478.702269600031], [-1433.9908932171807, 3478.0388255993485], [-1437.640104869175, 3472.675986599532]]]}, "properties": {"name": "", "area": 1896.4332979703322}}, {"type": "Feature", "geometry": {"type": "Polygon", "coordinates": [[[125.70704774202001, 229.46316480001832], [113.95492749069312, 217.65386159950688], [108.45622902446515, 215.12171699977165], [106.41598796433642, 206.9945279998633], [100.28697112159772, 196.5895145992633], [70.13121301734955, 160.67507939990014], [65.71069072060044, 157.6232369995914], [62.59227349099286, 158.06553299926037], [56.811590488277005, 158.8395509996632], [52.697933717430686, 158.72897699994238], [48.46816566657675, 157.18094099992243], [45.46585971697679, 154.20650039973253], [42.46355376619823, 149.45181839995183], [39.079739325986516, 143.66879819993898], [36.52529116935469, 135.80698679998912], [37.01461727762149, 129.00668579987337], [36.23501297051424, 123.82076519976721], [34.783621972776196, 118.07091719935634], [31.341751891382078, 113.88016259988034], [25.89281540280534, 109.67835059948943], [19.996021120081863, 109.34662859954128], [-28.920002339463018, 118.34735219944409], [-45.60685198404212, 122.21744219988683], [-53.170672498635135, 121.55399819999052], [-77.30523137779964, 120.33768419991871], [-87.19957115136181, 124.9817921999786], [-93.44469927410815, 132.35707799974261], [-97.65787999907833, 137.35502280000907], [-101.33197263930909, 151.49743739950117], [-99.65665274390838, 165.18649859998075], [-96.18160801192538, 182.54661659936284], [-114.22861836247122, 188.51761260000103], [-120.73914369582168, 193.81410719982802], [-123.77462429718913, 200.0283659993806], [-119.84342810870682, 204.89362199966783], [-108.87091216566579, 198.88945379942766], [-102.47649811232294, 198.1043783996813], [-98.23843639793783, 209.25023759951074], [-95.90791713896867, 232.3270313997017], [-96.86998202843992, 244.23585119980476], [-101.85447339816479, 257.13983699975233], [-108.46452268563911, 262.06037999989996], [-120.88013596524422, 266.9809229992619], [-144.1936222220028, 240.67536839983742], [-145.46255263737686, 232.4707775998102], [-121.46898602645629, 206.95029839934642], [-125.60752378671754, 202.46099399952422], [-158.9895167370497, 221.19222960000147], [-179.84807879247896, 196.55634239966133], [-200.83104579026838, 175.10498639960917], [-224.85778705177785, 141.1034813998161], [-236.60161364075216, 151.5637817994908], [-208.90077973783335, 182.3807555997816], [-176.97847144759177, 226.07960039976143], [-142.72564389838104, 262.87862760003395], [-124.8528004678466, 280.84690259945194], [-110.56281938577163, 275.4730061995061], [-92.46604705757454, 268.57318859979875], [-77.26376306250097, 266.46122519947403], [-72.04704913393947, 256.4542781995975], [-64.69057018994678, 253.46878019927846], [-35.27294807868579, 259.3513169996686], [-20.535109203642698, 258.1350029995968], [4.072188457904854, 251.13566879951213], [16.960540518714414, 250.30636380003457], [48.12812549008506, 258.6989303999015], [63.993902512258266, 260.0479331999526], [76.26022986008826, 258.6436433992554], [91.08100536337149, 253.95530579946433], [113.95492749069312, 239.61385800000332], [120.34104788050479, 240.75277019995627], [126.47835838559608, 240.37681859949123], [128.643004388085, 235.3014719998916]]]}, "properties": {"name": "Swan Lake", "area": 28693.78554408064}}, {"type": "Feature", "geometry": {"type": "Polygon", "coordinates": [[[-970.391727510398, -3490.4673432000254], [-861.8359745329876, -3488.2669206002383], [-854.7200118113626, -3487.1611806006727], [-851.5518326052825, -3485.016045000746], [-849.8267507334092, -3479.421000600573], [-849.1052020663057, -3430.403546400508], [-851.1039748111358, -3426.4339398004736], [-855.5493780961212, -3423.5590158006607], [-864.0586761754803, -3423.271523400444], [-998.5901811827575, -3423.3378678004333], [-1004.1552289525205, -3423.1167198002063], [-1005.9300728008666, -3424.2224598005573], [-1006.8174947256288, -3427.0863264002405], [-1003.9893556948617, -3445.5964140004903], [-995.9196217472968, -3482.3622690003754], [-993.696920104804, -3486.785229000208], [-990.1969943845847, -3489.151512600362], [-984.5738909748179, -3490.5336876000147]]]}, "properties": {"name": "", "area": 9986.89053138299}}, {"type": "Feature", "geometry": {"type": "Polygon", "coordinates": [[[-1242.009185682763, -3477.430668600098], [-1131.6702951934753, -3476.5460765999746], [-1126.7770341143435, -3475.219188600182], [-1123.6669105482667, -3472.3442646003696], [-1122.7794886235047, -3467.0367126004135], [-1123.1609971141163, -3463.3435410004668], [-1126.7272721378706, -3460.468617000654], [-1227.4952757042038, -3422.010979800641], [-1239.1146973496395, -3417.079379400364], [-1241.7354948086277, -3416.7034278006845], [-1244.6216894782199, -3417.5880198000227], [-1247.5742334513473, -3420.617747400073], [-1249.7388794538363, -3425.770495800577], [-1256.6392069413296, -3458.0359890005107], [-1257.9744866590602, -3464.449281000032], [-1257.8086134025798, -3469.0270446001023], [-1256.4733336836707, -3473.0077086002657], [-1253.80277424821, -3475.4403366004094], [-1249.2993153232205, -3477.2758650006463]]]}, "properties": {"name": "", "area": 5169.662336801412}}, {"type": "Feature", "geometry": {"type": "Polygon", "coordinates": [[[3465.9797585460656, 854.9139383999576], [3473.4689360947705, 851.2097093998818], [3481.6962496376423, 855.8538173999417], [3488.671220089844, 854.4716423995029], [3494.8251179208196, 844.1440307998075], [3491.267136560596, 833.7611321994659], [3482.202163070614, 825.280106399351], [3464.4288435942035, 846.079075799636]]]}, "properties": {"name": "", "area": 563.9806482661515}}, {"type": "Feature", "geometry": {"type": "Polygon", "coordinates": [[[-1146.7564679085415, -880.4123028001629], [-1096.9281415359978, -799.9697178005566], [-1064.450157835133, -761.5231380006726], [-1042.6461182161163, -739.4193954000676], [-1032.8595960590305, -734.5651968006954], [-1027.5184771857519, -734.5651968006954], [-1023.5126380325605, -738.5348034007297], [-1022.1773583136514, -742.0731714004386], [-1023.9604958255286, -746.4961314002712], [-1035.9697196251072, -758.4270660006326], [-1075.5719597099492, -800.8543098006803], [-1096.9281415359978, -829.5924924002484], [-1117.388607773753, -863.1738162006309], [-1137.4095098820712, -901.1891574001895], [-1157.8782697833576, -952.4623212006879], [-1168.1126497334112, -986.0436450002849], [-1174.341190530274, -1022.7320982000508], [-1179.234451609406, -1056.7667754002316], [-1181.009295457752, -1095.224412600245], [-1181.009295457752, -1137.6516564002925], [-1178.3470296846438, -1183.617268200049], [-1172.5580530183968, -1226.9401614003496], [-1164.10681058022, -1268.4828132002735], [-1151.649728986495, -1319.3136810003175], [-1118.723887492662, -1413.4674420006618], [-1102.260966744567, -1451.0294298004221], [-1080.904784919697, -1493.467731000599], [-1064.0023000409865, -1516.8983616002108], [-1028.4058991105142, -1561.0947894005058], [-991.4825121246639, -1601.7639066004353], [-927.4139666476966, -1666.2948930003022], [-918.9627242083412, -1675.1408129999675], [-918.5148664153733, -1682.6487876004962], [-920.2980039272504, -1687.9563396004526], [-925.1912650052038, -1689.7255236006997], [-930.0845260843361, -1689.7255236006997], [-936.7609246741669, -1685.3025636000816], [-992.4196960270774, -1626.8531472005736], [-1056.4799478405134, -1557.888143400745], [-1076.5008499488317, -1533.5839782003532], [-1093.8511926205103, -1506.1726836005776], [-1109.8247872591598, -1477.556132400074], [-1119.17174528563, -1459.8753498000872], [-1141.8632068294091, -1402.4100420002947], [-1168.5522138652057, -1323.73664100015], [-1182.3445751754825, -1272.0211811999825], [-1193.4663770514771, -1214.1135774005209], [-1198.8074959235776, -1151.7940710005703], [-1199.2553537165456, -1104.9438672006902], [-1196.136936486938, -1053.2284074005227], [-1191.2436754089845, -1016.1087156004312], [-1181.457153251899, -968.8162158000964], [-1171.2227733006664, -937.8776106007413], [-1156.542990065627, -898.9776774002733]]]}, "properties": {"name": "Main Injector Pond", "area": 19373.60121413454}}, {"type": "Feature", "geometry": {"type": "Polygon", "coordinates": [[[-677.8244769920111, -1858.1407830006997], [-610.6458079477889, -1863.0060390002013], [-563.0401832177381, -1862.5637430005322], [-518.5446820549423, -1858.5830790003688], [-473.60961676035237, -1852.8332310007436], [-432.23253282716416, -1844.8829604005457], [-393.5260083294368, -1836.0370404000948], [-358.82532298607936, -1824.548401800188], [-302.32059802370514, -1802.8869552000378], [-278.74171455516387, -1793.1675006003782], [-274.7358754019726, -1786.9753566002983], [-273.40059568306356, -1781.225508600673], [-276.071155119703, -1775.4756606002622], [-281.4122739918033, -1772.3906460003516], [-286.75339286390357, -1772.8329420000205], [-294.3172133784966, -1775.917956600717], [-355.70690575647177, -1802.8869552000378], [-379.2940828873657, -1809.9636912002413], [-446.47275193158794, -1828.0867698006825], [-483.3961389174381, -1834.7101524003021], [-513.203563182842, -1838.248520400011], [-563.4797473483536, -1843.1137764002983], [-606.639968793419, -1843.998368400422], [-648.9044746513695, -1841.7868884005056], [-685.3882975066041, -1838.248520400011], [-700.5159385357902, -1837.8062244003422], [-705.8487637443592, -1840.0177044002585], [-708.0797590503831, -1844.440664400091], [-708.0797590503831, -1848.863624400709], [-704.9613418207755, -1853.2755270004125], [-699.1806588180597, -1856.3715990004525]]]}, "properties": {"name": "", "area": 8698.423776721465}}, {"type": "Feature", "geometry": {"type": "Polygon", "coordinates": [[[-281.8518381224188, -1616.348617200382], [-250.26957000866895, -1580.5447560007397], [-229.80081010738263, -1551.3753348000605], [-212.4504674357039, -1517.7829536003344], [-200.44124363612548, -1489.4870670004354], [-191.98170753441758, -1463.4137178005817], [-187.08844645646403, -1434.2332392005592], [-184.8657448139713, -1410.3713700006217], [-187.53630424943216, -1387.8253314003477], [-191.54214340380204, -1369.2599568002374], [-197.77068420066462, -1351.579174200251], [-307.2138591016587, -1119.0862818001822], [-309.8844185382982, -1104.9438672006902], [-308.54913882056775, -1098.7517232006103], [-303.6558777414356, -1094.3398206001211], [-295.64419943387446, -1091.686044600536], [-287.64081478866586, -1091.686044600536], [-280.524852067041, -1095.224412600245], [-275.6232973255563, -1101.8477952006501], [-195.10012476402517, -1276.0018452001461], [-170.18596157775343, -1333.0137996001406], [-157.72887998520685, -1366.6061808006523], [-154.1708986238051, -1390.036811400264], [-152.8356189060747, -1415.6678646004486], [-153.723040830837, -1444.406047200017], [-157.28102219106012, -1466.067493800167], [-167.51540214229257, -1498.3329870001005], [-183.53046509506228, -1535.0214402006523], [-215.56059100295892, -1587.6214920001576], [-262.72665160239416, -1645.086799800736], [-278.74171455516387, -1661.4406944001444], [-292.53407586661945, -1669.3909650003422], [-304.1037355355823, -1669.3909650003422], [-315.66510154101405, -1664.525709000055], [-325.0120595674842, -1656.133142400188], [-329.01789872185407, -1645.5290958004048], [-329.01789872185407, -1631.8179198004525], [-325.8994814922465, -1623.8676492002546], [-320.56665628249874, -1617.6755052001747], [-284.5223975578797, -1583.640827999994], [-256.9376749361471, -1547.3946708006827], [-232.47136954402208, -1503.6294816007132], [-215.56059100295892, -1462.0868298000034], [-210.2277657932112, -1430.7059286001936], [-210.66732992382674, -1406.390706000458], [-212.4504674357039, -1384.286963400639], [-220.46214574444366, -1362.1942782001634], [-295.64419943387446, -1202.624938800614], [-335.68600364933224, -1115.9902098001423], [-337.0212833670626, -1106.7130512001518], [-334.3507239304232, -1101.8477952006501], [-329.45746285246963, -1100.5209072000719], [-323.22892205560703, -1103.1746832004428], [-319.23137656476837, -1109.3668272005227], [-252.04441385819354, -1257.8787666004905], [-204.43878912814276, -1363.9524048002813], [-200.44124363612548, -1380.3173568006046], [-197.77068420066462, -1401.083154000502], [-196.4354044817556, -1427.6098566001538], [-198.21024833128018, -1444.8483432004714], [-207.10934856360362, -1480.6522044001138], [-223.57226931052006, -1517.3406576006655], [-244.04102921180638, -1554.9137028005553], [-271.62575183471756, -1592.4756906003156], [-300.5457541753592, -1619.886985200091], [-310.3322763324449, -1629.1641438000815], [-311.2196982560286, -1633.1448078002452], [-311.2196982560286, -1636.6831758007397], [-306.77429497104316, -1637.5677678000777], [-300.0978963812124, -1633.5871038006999]]]}, "properties": {"name": "", "area": 31059.565738609293}}, {"type": "Feature", "geometry": {"type": "Polygon", "coordinates": [[[-685.8278616372196, -745.1692434004785], [-656.0204373718158, -745.6115394001475], [-619.5366145177597, -750.4767954004348], [-583.5006494566718, -757.5424740005091], [-539.9008638798123, -770.8002966006632], [-495.8532205111633, -788.9233752003188], [-444.2500502890952, -814.5544284005034], [-418.4401715157086, -832.2352110004902], [-380.18150481212797, -863.6161122002999], [-360.60016683560394, -883.9506708006576], [-341.4749803144006, -907.8125400005948], [-323.67677984975376, -934.3392426002466], [-311.66755605017534, -963.0663678004712], [-304.1037355355823, -986.9282370004084], [-298.31475886933526, -1006.8204996003115], [-295.64419943387446, -1013.0126436003914], [-291.198796148889, -1015.6664195999766], [-283.634975634296, -1015.6664195999766], [-278.29385676219573, -1010.3588676000204], [-275.1837331949407, -1003.2821316006025], [-275.6232973255563, -992.2357890003647], [-290.3113742241267, -951.5777292005644], [-313.00283576790576, -905.6121174000222], [-328.1221831347392, -884.8352627999955], [-352.5967821903954, -856.9927296006803], [-385.07476589008155, -829.1501964005794], [-429.5619733905247, -797.769295199984], [-493.1826610745238, -763.2923220001342], [-548.7999641133143, -742.0731714004386], [-577.7199664527774, -735.0074928003644], [-622.2071739532206, -724.834684800121], [-652.4624560115926, -721.7496702002102], [-675.759354943646, -721.1083410005723], [-700.5159385357902, -720.4227822004176], [-716.970565620354, -720.8650782000866], [-724.0948220043314, -724.392388800452], [-728.1006611575227, -731.4691248006554], [-728.1006611575227, -736.334380800157], [-724.0948220043314, -742.0731714004386], [-718.3058453380844, -744.7269474000238], [-710.3024606928758, -745.6115394001475]]]}, "properties": {"name": "", "area": 13480.005897478608}}, {"type": "Feature", "geometry": {"type": "Polygon", "coordinates": [[[-3.3423461260916456, -1187.5979322002127], [10.88957931597951, -1195.9904988000796], [22.45923898494239, -1198.6442748004506], [26.01722034516553, -1196.4327948005343], [29.13563757477311, -1188.0402282006673], [27.800357857042687, -1150.9094790004467], [22.01138119079566, -1137.2093604006236], [6.44417603099408, -1123.0669458003458], [-18.9178449494244, -1109.8091232001916], [-27.816945181747833, -1107.5976432002753], [-32.262348466733265, -1108.924531200068], [-32.262348466733265, -1111.578307200439], [-25.146385745108383, -1116.874801800266], [-1.5675022777456626, -1126.6053138000548], [10.88957931597951, -1137.6516564002925], [15.782840393933073, -1147.3711110007378], [19.349115417687386, -1165.4941896003934], [18.01383569995696, -1179.1943082002165], [14.895418470349382, -1184.0595642005037], [10.002157391217219, -1185.8287481999653], [3.3257588013865003, -1182.2903802002565], [-2.4549242013293537, -1180.0789002003403], [-6.0129055615524925, -1181.8480842005874]]]}, "properties": {"name": "", "area": 1283.1531972664413}}, {"type": "Feature", "geometry": {"type": "Polygon", "coordinates": [[[-19.80526687300809, -1230.467472000715], [-29.591789030093814, -1209.2593788003628], [-34.045485978610415, -1189.809412200129], [-42.048870623818985, -1173.8978136003896], [-57.17651165300501, -1160.1976950005665], [-74.52685432468374, -1148.6979990005304], [-92.32505478933061, -1131.9018084006673], [-99.88887530392363, -1120.4131697999749], [-106.56527389375434, -1107.1553472006065], [-119.02235548747952, -1075.7744460000108], [-120.7971993358255, -1063.843511400435], [-118.57449769333277, -1059.8628474002714], [-111.89809910350206, -1057.2090714006863], [-105.22999417602392, -1056.7667754002316], [-102.11157694641633, -1061.1897354000641], [-94.99561422597006, -1075.332150000342], [-86.54437178661476, -1099.6363152007339], [-76.75784962952903, -1115.9902098001423], [-64.74033216759801, -1131.0172164005437], [-45.60685198404212, -1145.6129844006198], [-32.710206259701394, -1150.9094790004467], [-24.698527952140253, -1161.5245830003591], [-17.13470743754724, -1173.013221600266], [-7.348185280461517, -1209.701674800032], [-0.23222255883663864, -1221.6326094003934], [10.45001518536395, -1233.5635439999692], [31.358339217265826, -1248.1482546007016], [64.72374484289287, -1274.2326612006846], [85.19250474417919, -1296.7676424000435], [99.43272384860292, -1316.2176090002774], [110.99408985403463, -1334.3406876007189], [139.47452806406068, -1394.0174754004277], [166.1635350986784, -1434.675535200228], [179.51633227951845, -1454.125501800462], [194.19611551455773, -1467.3833244006162], [218.66242090786136, -1489.0447709999808], [252.47568432645653, -1516.0137696000872], [279.61254915522096, -1532.809960200736], [344.12895242633493, -1570.3830054006255], [382.8354769240623, -1589.390676000405], [431.3285235776967, -1610.1564732003023], [486.0501110293724, -1629.1641438000815], [542.5548359917466, -1645.5290958004048], [588.825181004067, -1655.2485504000645], [642.2114887368336, -1664.525709000055], [695.6060901319528, -1668.9486690006731], [724.5260924725944, -1670.7178530001347], [731.1941974000725, -1673.3716290005057], [735.6478943474106, -1678.679181000462], [736.0874584780261, -1683.975675600289], [732.9773349119497, -1690.1678196003688], [724.5260924725944, -1693.2638916004087], [715.1791344461243, -1692.379299600285], [641.771924606218, -1682.217549000171], [589.273038797035, -1675.1408129999675], [531.4330341169305, -1661.8829904005988], [479.8215702325098, -1647.7295184001919], [445.12088488915236, -1636.6831758007397], [415.76131841789515, -1622.983057200131], [307.6451295711003, -1571.7098934004182], [247.58242324850298, -1536.7906242001138], [214.21701762287591, -1510.263921600462], [174.17521340741814, -1476.671540400736], [159.49543017120027, -1460.3176458005419], [145.70306886092328, -1439.9830872001842], [114.9999290084045, -1395.3443634002203], [97.20172854375762, -1355.1175422007454], [87.86306417964003, -1332.1292076000168], [81.63452338277745, -1324.1789370006045], [62.05318540625343, -1302.5174904004543], [43.367563016844265, -1286.605891800715], [9.114735467633528, -1260.0902466004068], [-10.018744715922365, -1243.7363520002127]]]}, "properties": {"name": "", "area": 22373.793311055786}}, {"type": "Feature", "geometry": {"type": "Polygon", "coordinates": [[[-89.2149312220756, -1069.5823020007167], [-58.95964916370356, -1094.7821166005758], [-46.50256757115699, -1104.5015712002355], [-40.274026774294406, -1104.5015712002355], [-38.04303146944912, -1100.078611200403], [-43.832008134517544, -1092.1283406002049], [-85.6486561994999, -1055.882183400108], [-94.10819230120777, -1051.4592234002753], [-98.5535955861932, -1053.2284074005227], [-100.33673309807035, -1058.9782554001479], [-96.77045807431604, -1062.9589194003115]]]}, "properties": {"name": "", "area": 887.1822918235412}}, {"type": "Feature", "geometry": {"type": "Polygon", "coordinates": [[[652.2219397904034, -1657.681178400208], [728.7475668610958, -1664.525709000055], [734.5365435261642, -1664.525709000055], [737.2071029628037, -1662.1041384000405], [738.5340890181815, -1657.4600303999807], [738.094524887566, -1654.142810400499], [736.0874584780261, -1652.594774400479], [730.754633269457, -1651.9313304005827], [641.1001379155872, -1643.7599118001576], [593.4945131855364, -1637.346619800636], [569.0282077922328, -1632.4813638003488], [549.2312345815774, -1626.5214252006256], [525.2044933200679, -1617.6755052001747], [504.07224039050334, -1609.7141772006332], [493.8378604404495, -1606.8503106001642], [462.03166343021553, -1596.0140586000246], [426.88312029271134, -1583.640827999994], [400.63367738870915, -1572.5944854005418], [368.59525781845997, -1556.892977400115], [340.12311327196505, -1541.865970800499], [330.11266221839526, -1534.8002922004248], [307.1972717769536, -1522.85830020072], [280.7321936388199, -1507.610145600091], [263.1579220706571, -1495.2369150000607], [249.80512489099567, -1485.5064030002718], [234.01399083353144, -1475.123504400716], [228.67287196143113, -1470.7005444000977], [213.10566680162955, -1458.9907577999636], [202.1995001609449, -1450.5871337999674], [192.41297800385917, -1441.7522712004316], [182.1785980526267, -1428.936744600732], [165.93960620219434, -1403.2946340004182], [148.36533463403154, -1375.8943967999865], [140.1380210911603, -1362.4154262003906], [127.0174464715141, -1336.7733156000768], [103.43026933944161, -1297.8733824003943], [77.18082643543944, -1262.511817200421], [62.27711430273749, -1246.157922600227], [47.37340217121414, -1234.8904320005474], [33.35711196327448, -1222.517201400517], [30.470917292503533, -1219.6422774007044], [27.57642895938002, -1218.7576854005808], [26.46507813931226, -1219.863425400146], [26.241149241649598, -1223.6229414000823], [30.246988396019468, -1228.4771400002403], [40.033510553105195, -1236.6596160000092], [71.17621453623953, -1266.05018520013], [91.8689033340099, -1292.5768878005674], [107.88396628795822, -1319.09253300009], [120.11711898402072, -1340.7539796002402], [158.82364348174806, -1405.2849660001073], [183.29824253622564, -1446.8386752001604], [186.8562238976274, -1452.1351697999874], [201.08814933969856, -1466.2886418003943], [230.00815167916156, -1491.4773990001243], [241.57781134812444, -1499.8810230001204], [268.49074728040483, -1516.8983616002108], [325.4433300369258, -1550.2695948004953], [355.026825404667, -1566.844637400131], [381.0523394121851, -1578.554424000265], [431.1045946812127, -1600.2158706004154], [473.5930294356472, -1616.1274692001548], [518.9759525232053, -1631.8179198004525], [557.6824770209327, -1643.0964678002613], [579.2625877434654, -1647.0660744002955], [611.9645003408141, -1653.0370704001482]]]}, "properties": {"name": "", "area": 10377.364558276284}}, {"type": "Feature", "geometry": {"type": "Polygon", "coordinates": [[[787.6989223624468, -1693.4850396006361], [842.8683676070906, -1689.283227600245], [874.458929383193, -1687.0717476003288], [889.3626415158949, -1684.8602676004125], [919.8335588083985, -1680.6695130001508], [948.5379259149087, -1675.8042570006494], [959.6597277897248, -1674.4773690000711], [976.5622126684353, -1673.1504810002784], [982.1272604370197, -1671.1601490005894], [987.244450412636, -1669.1698170001148], [1043.5252464785262, -1652.8159224007065], [1102.2526730833931, -1632.702511800576], [1152.9684213795204, -1613.4736932005694], [1170.094835154715, -1606.1868666002679], [1187.4451778263935, -1598.8889826006227], [1204.5798852639407, -1589.6118240006322], [1257.5183352037393, -1558.8833094005895], [1289.3328258763258, -1538.7698988004593], [1320.6994587559443, -1518.2252496000035], [1338.9372233523852, -1502.7448896005894], [1369.1925054107573, -1479.1041684000938], [1397.888578854915, -1458.9907577999636], [1412.7922909864383, -1446.175231200264], [1428.367789809771, -1429.6001886006284], [1461.0697024071198, -1394.2386234006551], [1470.8562245642056, -1384.729259400308], [1475.077698952707, -1381.190891400599], [1479.3074670035608, -1374.5675088001938], [1483.5372350544149, -1367.933068800445], [1506.8921896252934, -1340.090535600344], [1532.9177036328115, -1307.8250424004104], [1566.5070381549226, -1261.8483732005247], [1581.4107502876248, -1237.101912000464], [1595.6509693920484, -1211.0285628006102], [1620.5651325783201, -1160.418843000008], [1624.3470428362061, -1152.015219000012], [1623.4596209114436, -1148.476851000303], [1617.8945731428594, -1146.0442230001595], [1611.4421034495126, -1144.0649484005996], [1608.7715440128732, -1144.9495404007234], [1605.4374915491342, -1149.3614430004268], [1567.4027537420377, -1224.065237400537], [1537.587035814281, -1270.251997200521], [1518.6857781907404, -1297.2099384004982], [1484.8725147721452, -1340.090535600344], [1418.7969028868167, -1410.8136660002908], [1363.4118224080414, -1460.3176458005419], [1312.2482163177674, -1499.6598750006788], [1253.960353843516, -1538.106454800563], [1201.6853969308172, -1566.1811934002346], [1142.0705484023667, -1595.5717626003554], [1060.203802459574, -1627.6161078000616], [1022.8325576795771, -1639.1158038000976], [940.3023187096849, -1658.3446224001043], [883.3580296166951, -1667.179485000426], [863.3371275083769, -1669.6121130005695], [859.9947813822852, -1669.3909650003422], [859.1073594575229, -1666.073745000075], [861.3300611000155, -1664.525709000055], [869.7813035393708, -1662.7675824007226], [919.393994677783, -1655.9119944007464], [962.9937802534638, -1647.9506664004193], [989.4671520551287, -1641.990727800696], [1020.8337849347471, -1633.8082518001415], [1043.9648106091418, -1627.4060171999636], [1063.3222196891816, -1620.7715772002148], [1100.245606675032, -1607.5137546000606], [1107.809427189625, -1602.8696466000006], [1108.9207780108713, -1599.1101306000644], [1108.2572849825929, -1593.8025786001083], [1105.1388677529853, -1589.6118240006322], [1101.5808863927623, -1588.284936000054], [1093.5775017475537, -1590.0541200003013], [1083.7826859269367, -1593.139134600212], [1065.0970635375277, -1601.100462600539], [1027.0623257304312, -1615.4640252002584], [1009.4880541622682, -1620.3292812005457], [957.4287324848794, -1632.2602158001216], [919.393994677783, -1637.5677678000777], [866.2233221791478, -1643.9810598003849], [844.4275762224836, -1647.5083703999646], [819.513413036212, -1650.3832944005628], [791.9286904133006, -1651.2678864006866], [778.3602579995078, -1650.1621464003356], [763.0086880738378, -1650.1621464003356], [754.7730808686139, -1651.2678864006866], [749.8798197894818, -1653.7005144000445], [746.7696962234053, -1657.238882400539], [746.3218384292586, -1661.8829904005988], [748.3289048376198, -1665.4103010001786], [753.4460948132361, -1666.7371889999713], [806.6084736495185, -1666.9583370001985], [835.0806181960133, -1665.8525970006333], [847.0981356579445, -1665.8525970006333], [851.319610046446, -1665.8525970006333], [851.5435389429299, -1668.2852249999912], [849.7604014310527, -1669.6121130005695], [840.8695948610819, -1672.0447410007132], [824.6306030118282, -1672.929333000051], [778.3602579995078, -1674.035073000402], [761.4494794584446, -1672.487037000382], [755.4448675592447, -1672.0447410007132], [751.886886197843, -1674.2562210006295], [749.6641845553502, -1678.4580330002345], [749.4402556588661, -1685.08141560064], [751.6629573013589, -1692.1581516000576], [755.8927253522128, -1694.3696315999741], [761.6734083549287, -1695.033075600656], [768.1258780482754, -1694.5907796002014]]]}, "properties": {"name": "", "area": 27475.42333998566}}, {"type": "Feature", "geometry": {"type": "Polygon", "coordinates": [[[-96.25625097781293, -435.3077232005851], [-100.30355844630286, -429.8785397999932], [-108.39817338328274, -426.28488480042387], [-115.71318401197675, -426.4507458000051], [-121.24505712997222, -438.8903208000252], [-131.91900121182024, -465.6271140005608], [-140.81810144414368, -489.2678352002708], [-147.27057113749032, -512.91961380011], [-154.83439165208333, -550.4816016006561], [-163.95742078089083, -596.8895094000817], [-168.62675296353893, -639.5379012003566], [-172.6325921167302, -682.4074410000733], [-175.7427156839852, -731.9114208003244], [-175.30315155336964, -785.827303200279], [-173.07215624852438, -820.3042764001286], [-166.4040513210462, -872.2408842005234], [-164.84484270565312, -889.4793708000554], [-163.73349188440676, -913.56238800022], [-158.39237301230648, -937.6564626005139], [-150.82855249771347, -966.1624398005112], [-138.14754200750423, -1026.2704662005453], [-130.36808625877973, -1047.9319128006957], [-127.92145571980295, -1049.9111874002554], [-121.24505712997222, -1050.5746314001517], [-114.12909440834734, -1048.595356800592], [-110.34718415164015, -1044.3935448002012], [-109.67539746100934, -1039.9705848003687], [-113.017743587101, -1024.943578199967], [-138.14754200750423, -911.7932039999728], [-143.7125897772672, -883.7295228004302], [-152.61169000959063, -799.085125800433], [-156.16967136981376, -763.5134700003615], [-156.61752916396048, -735.2286408005916], [-153.0512541402062, -699.8670756006183], [-150.6046236012294, -683.7343290006515], [-149.7172016764671, -658.9878678005906], [-146.15922031624396, -629.3761506002425], [-141.92945226539004, -604.4085414007398], [-136.1487692626742, -576.112654800055], [-128.58494874808116, -531.263840399993], [-120.57327043934143, -495.45997920035063], [-110.12325525515608, -472.0404060000823]]]}, "properties": {"name": "", "area": 14089.223727885525}}, {"type": "Feature", "geometry": {"type": "Polygon", "coordinates": [[[1440.3770136093494, -110.97206640046576], [1489.7657758512776, -167.32057680056386], [1526.0256698088492, -214.82316720021117], [1529.8075800667352, -218.36153520070576], [1533.3655614269583, -219.2461272000437], [1537.8109647119436, -216.37120320023112], [1542.7042257898975, -212.1693912006259], [1543.8155766111438, -208.4209326000332], [1542.2646616592817, -203.7768245999733], [1507.3400474194402, -154.7151408001768], [1482.6415194673, -125.3356290001852], [1469.2970159488125, -110.5297704000111], [1449.9396068687724, -91.52209980023179], [1383.2087956186972, -31.42513080032667], [1352.729584663841, -6.015225600369391], [1330.038123120062, 12.32900099951361], [1310.4650788058902, 26.250267599564054], [1285.9987734125868, 41.49842219940713], [1251.9615810975076, 59.1681473992646], [1226.151702324121, 73.31056199954237], [1216.1412512705513, 79.06040999995324], [1213.4789854962644, 80.82959399941485], [1209.9127104736885, 80.16614999951854], [1205.9151649816713, 80.38729799974587], [1202.133254724964, 82.59877799966215], [1193.010225594978, 89.22216059928176], [1173.652816514938, 97.1834885996089], [1117.8198782431946, 120.60306179987724], [1091.1225775450457, 130.32251639953677], [1066.208414358774, 137.16704699938373], [1053.9752616627113, 139.59967499952734], [1039.5194073241564, 143.80148699991824], [959.6597277897248, 164.3461361995883], [934.7455646034531, 169.21139219987552], [927.3973793229915, 170.09598419999918], [923.6154690662844, 169.6536881995445], [920.7292743955132, 166.99991219995923], [920.0574877048825, 164.56728419981562], [920.9532032919974, 161.2611215996776], [922.728047141522, 159.27078959998863], [930.7397254490833, 156.6170135996177], [1065.5449213316745, 119.71846979975359], [1123.6005612459105, 99.6050591996233], [1170.318764051199, 78.8392619997259], [1220.8188771143734, 52.76591279987231], [1262.6355251793557, 31.115523599851272], [1293.3386650306957, 12.10785299928628], [1340.9442897607466, -21.915766799979565], [1384.0962175434593, -55.9504440001603], [1410.7935182416081, -80.25460920055228]]]}, "properties": {"name": "", "area": 14000.743472012298}}, {"type": "Feature", "geometry": {"type": "Polygon", "coordinates": [[[1891.5108040600544, -939.6357372000737], [1924.66057445155, -932.5700585999994], [1932.448323862627, -929.0316906002904], [1942.2348460197127, -923.502990600107], [1952.4692259709452, -913.56238800022], [1957.5864159453827, -905.1698214003532], [1961.5839614374001, -899.6411214001696], [1968.2603600272307, -894.3335694002134], [1976.2720383359704, -891.2485548003027], [1984.275422981179, -885.4987068006775], [1990.0643996462475, -875.9893428003304], [1992.9505943170186, -863.8372602005272], [1992.7266654205343, -859.8676536004929], [1991.1757504674938, -857.8773216000183], [1986.9459824166402, -858.761913600142], [1976.7116024665859, -863.6161122002999], [1968.4842889237148, -866.4910362001125], [1964.4784497705236, -866.4910362001125], [1960.6965395126376, -869.1448122004834], [1957.1385581524146, -873.3466242000886], [1950.2382306649213, -876.873934800454], [1938.6768646594894, -877.7585268005777], [1934.6710255051196, -876.2104908005577], [1932.224394966143, -871.7985882000687], [1932.8878879932424, -868.0390722001325], [1934.4470966086358, -862.9526682004037], [1934.2231677121515, -858.319617600473], [1932.224394966143, -857.8773216000183], [1926.6593471975584, -860.7411882004873], [1919.9912422700804, -865.8275922002161], [1918.8715977853028, -869.1448122004834], [1916.8728250404727, -874.010068199985], [1911.7556350648565, -877.7585268005777], [1903.752250419648, -878.421970800474], [1895.5166432144242, -877.0950828006813], [1889.2881024175617, -875.9893428003304], [1886.8414718785848, -876.873934800454], [1882.6117038277307, -881.518042800514], [1873.7208972577598, -888.5947788007174], [1863.2625884100437, -890.5851108004064], [1857.2579765108435, -889.4793708000554], [1851.916857638743, -888.1524828002628], [1847.9110184843732, -888.8159268001591], [1844.3530371241504, -892.1220894002971], [1843.2416863029036, -897.208493400026], [1844.1291082264877, -906.9279480004712], [1843.689544095872, -916.4373120000326], [1840.7950557639272, -921.5237160005472], [1835.230007994164, -930.3585786000831], [1830.5606758126949, -937.8776106007413], [1830.112818018548, -941.6260692005483], [1831.2324625033255, -946.4913252000498], [1833.231235249334, -952.0200252002334], [1835.677865788311, -953.5680612002533], [1841.018984660411, -953.7781518003515], [1850.8055068174967, -952.0200252002334], [1860.3681000769197, -949.1451012004208], [1869.938987001053, -945.6067332007118], [1879.9494380546225, -941.4049212003209], [1885.7301210573385, -940.5203292001972]]]}, "properties": {"name": "", "area": 7800.119339031051}}, {"type": "Feature", "geometry": {"type": "Polygon", "coordinates": [[[1696.8668307525284, -807.0464537999745], [1692.421427467543, -857.2138776001219], [1685.9689577741963, -905.3909694005805], [1679.0686302867032, -942.2895132004446], [1668.1707573083709, -990.2454570006757], [1655.9376046123082, -1028.2607982002344], [1639.2507549677293, -1079.5339620007328], [1626.345815581036, -1109.3668272005227], [1622.1243411937135, -1119.3074298004096], [1621.2369192689507, -1124.6149818003657], [1621.9004122960505, -1127.4899058001783], [1625.2344647597895, -1130.1326244004201], [1631.4630055566522, -1132.7864004000053], [1633.9096360956291, -1131.9018084006673], [1638.3633330441455, -1126.3841658006131], [1654.8262537910618, -1085.2727526002288], [1673.511876180471, -1033.1149968003924], [1681.0756966950642, -1007.7050916004351], [1690.4143610591816, -967.9316237999727], [1695.813535571286, -942.84238320062], [1700.2008832162674, -922.4083080006708], [1705.989859881336, -885.9410028003465], [1710.6591920628052, -850.5794376003731], [1713.9932445265445, -811.4694138005927], [1715.7763820384216, -787.3753392002989], [1718.2230125773983, -747.3807234003948], [1717.111661756152, -740.082839399964], [1714.8889601136593, -738.7559514001714], [1708.4364904203126, -737.6612688007352], [1703.7588645764906, -738.1035648004042], [1701.0965988033824, -740.5251354004187], [1698.8656034973585, -744.2846514003548], [1697.9781815737747, -749.3710554000837]]]}, "properties": {"name": "", "area": 7025.372422399931}}, {"type": "Feature", "geometry": {"type": "Polygon", "coordinates": [[[1546.9339938407513, -244.43488440055933], [1569.6254553845304, -280.8911321999688], [1581.4107502876248, -305.4164454005881], [1601.879510188911, -343.4317866001467], [1638.1394041464828, -420.5460942001422], [1642.3691721973369, -435.3519528003163], [1661.0547945879246, -498.9983472000596], [1671.2808808756258, -529.4946564005314], [1677.293786438357, -555.7891536006123], [1687.3042374919266, -603.7450974000578], [1692.8609915981585, -645.5088972002092], [1695.5315510336195, -682.4074410000733], [1697.5303237796281, -721.5285221999828], [1699.7613190844736, -728.8153488002845], [1703.3193004458751, -730.5845328005317], [1708.8760545521068, -731.0268288002007], [1713.3297514994447, -730.3633848003044], [1715.5524531419373, -727.7096088007191], [1716.0003109349057, -721.0862262003138], [1708.8760545521068, -629.8184466006971], [1703.0953715482121, -584.5162788000512], [1699.7613190844736, -568.8258282005391], [1689.0790813402728, -525.0716964006988], [1680.627838902096, -491.0370192005181], [1655.0418890251933, -417.01878360056253], [1623.4596209114436, -341.88375060012675], [1608.7715440128732, -309.61825740019333], [1602.7669321136732, -295.6969908001429], [1597.6497421380568, -291.7163267999793], [1592.3169169283092, -286.862128200607], [1588.0871488774553, -278.0162082001562], [1576.9653470026392, -257.2504110002588], [1555.1613073836224, -222.9945858006364], [1552.2751127128515, -219.9095712007257], [1549.6045532773908, -220.35186720039468], [1543.8155766111438, -222.121051200642], [1539.3701733261582, -225.64836180022166], [1538.258822504912, -228.52328580003427], [1538.7066802990587, -231.84050580030151], [1542.0407327627977, -237.35814840035584]]]}, "properties": {"name": "", "area": 10165.250252647093}}, {"type": "Feature", "geometry": {"type": "Polygon", "coordinates": [[[3330.2788470763594, -3191.34255840068], [3328.943567358629, -3132.9816012006345], [3329.839282945744, -3124.577977200638], [3333.3972643071456, -3122.808793200391], [3335.935125136715, -3125.8164060001827], [3338.2905253850995, -3141.3852252006304], [3339.62580510283, -3160.39289580041], [3343.05108785834, -3172.2464286006525], [3355.956027245033, -3180.196699200065], [3387.538295358783, -3201.415849800546], [3390.656712588391, -3209.8194738005423], [3391.096276719006, -3217.3385058004146], [3385.3155937162906, -3222.6460578003707], [3376.9970498828266, -3224.0614050004115], [3367.2105277257406, -3221.849925000495], [3344.071208387815, -3213.4463010004993], [3334.1519876260168, -3207.607993800626], [3330.5940062646146, -3200.5423152005515]]]}, "properties": {"name": "", "area": 2448.4207277009264}}, {"type": "Feature", "geometry": {"type": "Polygon", "coordinates": [[[3355.193010262631, -2974.2636816000354], [3566.9716910088828, -2975.590569600614], [3577.9607942789867, -2977.713590400282], [3589.2152947596937, -2981.32936020011], [3593.5362931011405, -2990.0868210003127], [3592.773276119917, -3005.2133442003055], [3594.1085558376476, -3053.8437894005624], [3591.305297796295, -3063.0324888003047], [3587.440450910169, -3066.6593160002617], [3581.9666334321773, -3064.3593768000974], [3577.206070960115, -3057.824453400726], [3567.859112933645, -3049.42082940073], [3555.8498891340664, -3042.344093400526], [3549.621348337204, -3033.066934800536], [3532.710569796141, -3011.3944308002565], [3520.2534882035943, -3005.6556401999746], [3502.9031455319155, -3003.0018642003893], [3354.3055883390475, -3006.540232200098], [3335.61996594846, -3005.2133442003055], [3326.7208657161364, -2997.694312200433], [3324.9460218677905, -2987.079208200521], [3325.8334437925523, -2980.89812160057], [3332.5015487188525, -2976.9174576004066]]]}, "properties": {"name": "", "area": 10252.591423891485}}, {"type": "Feature", "geometry": {"type": "Polygon", "coordinates": [[[2797.7261684770087, -3489.7817844006563], [2871.5812361110616, -3497.3008164005287], [2893.252577125366, -3497.2123572002806], [2906.1492228485276, -3494.5585812006952], [2917.403723329235, -3488.0126004004087], [2933.7339454714393, -3472.886077200416], [2943.2136021026217, -3468.562633800175], [2954.6422695033407, -3466.704990600465], [2972.1336044432633, -3465.9088578005894], [2986.68068907359, -3465.3781026006727], [2993.041928475165, -3462.370489800095], [3009.5048492220817, -3449.986201800721], [3041.9828329229463, -3427.440163200447], [3051.321497287064, -3420.805723200698], [3054.4399145166717, -3416.8250592005347], [3052.2172128741786, -3412.8443952003713], [3047.763515926841, -3412.8443952003713], [3029.5257513304, -3418.1519472003274], [2997.047767629535, -3426.9978671999925], [2962.7866464167932, -3432.7477152004035], [2938.759905155284, -3435.4014911999884], [2928.0859610734356, -3438.4975632000287], [2914.741457556127, -3444.23635380031], [2902.5912414883046, -3452.993814600513], [2886.576178534356, -3462.2820306006324], [2869.8063922627152, -3466.3511538002585], [2848.0023526425202, -3468.1203378005057], [2808.408406221209, -3469.0049298006297], [2787.9396463199228, -3472.0899444005404], [2782.158963317207, -3475.6283124002493], [2779.79526940647, -3481.289701200412], [2781.263247730092, -3484.4742324006997], [2786.1565088080456, -3486.685712400616]]]}, "properties": {"name": "", "area": 7861.707487961277}}, {"type": "Feature", "geometry": {"type": "Polygon", "coordinates": [[[3535.4060102210165, -4337.209863000343], [3609.037148958586, -4336.32527100022], [3613.018107124719, -4335.551253000603], [3615.9291827825477, -4333.892643000076], [3617.488391397941, -4331.017719000263], [3617.488391397941, -4324.825575000184], [3616.5760884849424, -4320.966542400655], [3614.8178319613016, -4318.86563640046], [3609.9245708833478, -4318.202192400564], [3597.6914181861066, -4317.759896400109], [3573.440748028113, -4319.529080400356], [3556.977827281197, -4321.519412400045], [3552.0845662020647, -4321.519412400045], [3544.7446745839557, -4319.307932400129], [3538.7400626847557, -4317.538748400668], [3533.1750149161717, -4317.981044400337], [3528.95354052767, -4320.634820400707], [3524.9477013733003, -4326.594759000431], [3523.8363505520533, -4330.796571000036], [3525.171630270963, -4334.998383000427], [3527.8173087181876, -4336.435845000726]]]}, "properties": {"name": "", "area": 1590.668011548929}}, {"type": "Feature", "geometry": {"type": "Polygon", "coordinates": [[[3870.644156077381, -4171.8353886005225], [3867.0778810536267, -4033.429912800023], [3867.9735966407416, -4029.228100800418], [3869.524511592603, -4026.574324800047], [3873.97820854112, -4024.1416968006893], [3881.0361156215627, -4022.8590384006275], [3896.0227643825046, -4021.3884042007267], [3900.30229441101, -4022.792694000638], [3903.5699975712137, -4025.0484036002854], [3904.2998399018484, -4032.036680400241], [3902.450353087615, -4042.054684800247], [3902.002495293468, -4053.5543808002826], [3899.7632063250917, -4111.362468000153], [3900.0037225474593, -4160.335692600487], [3898.444513933245, -4186.42009920047], [3897.781020906145, -4191.5065032001985], [3896.4457411872363, -4194.602575200239], [3893.3273239576283, -4196.150611200258], [3882.205522082813, -4197.035203200382], [3875.537417155334, -4196.150611200258], [3871.755506898627, -4193.717983200115], [3870.843203985629, -4190.732485200581]]]}, "properties": {"name": "", "area": 5441.487745925784}}, {"type": "Feature", "geometry": {"type": "Polygon", "coordinates": [[[3345.3235514773055, -4082.9781222000056], [3358.087498595755, -4080.5676090001202], [3372.46041630607, -4079.3181228004464], [3389.877108280105, -4078.4224734001937], [3401.728752485556, -4076.9960688000237], [3409.2676920119125, -4075.0389090007225], [3425.0920007199657, -4074.087972600609], [3433.2778459487167, -4072.639453200181], [3447.874692555516, -4069.4991516004097], [3464.3956689424363, -4068.603502200157], [3474.5554059277806, -4067.7299676001626], [3489.177133522816, -4064.1473700007223], [3501.0370713917982, -4062.8978838002627], [3506.519182532143, -4062.8978838002627], [3514.1410586867396, -4062.00223440001], [3516.6125702139525, -4062.532989600713], [3516.670625853956, -4064.2579440004433], [3514.008360080848, -4067.4977622005918], [3510.840180874768, -4071.810148200703], [3443.9766710188014, -4142.643852600371], [3413.0578959321506, -4175.594904600459], [3405.635067685802, -4184.075930400574], [3399.2157726442224, -4191.219010799981], [3395.9812441346076, -4192.291578600731], [3394.9777109298375, -4191.031035000142], [3394.23957493685, -4188.7642680003655], [3395.458743375752, -4180.990915800663], [3397.4243414699927, -4171.227231600487], [3401.04037847022, -4137.347358000544], [3401.4882362631874, -4109.925006000639], [3400.152956545457, -4107.050082000041], [3397.258468212334, -4107.050082000041], [3391.2538563131343, -4109.040414000516], [3386.360595234002, -4109.703858000412], [3379.684196644171, -4108.155822000392], [3370.635810480073, -4107.370746600645], [3307.4463932643366, -4104.484765200704], [3289.1505730290705, -4102.627122000208], [3262.162994130902, -4103.0362458002755], [3252.318416333813, -4101.808874400074], [3239.927684043623, -4101.631956000364], [3230.7714802630476, -4102.693466400198], [3196.11226323381, -4101.98579280057], [3195.1833729949276, -4100.327182800044], [3221.8143243907207, -4097.795038200309], [3237.837681007021, -4095.80470620062], [3249.5234519559917, -4094.80954019999], [3267.1474855006268, -4092.3216251999856], [3289.490613205562, -4090.3865802001574], [3330.436426670487, -4084.4929860004236]]]}, "properties": {"name": "", "area": 10114.73766285181}}, {"type": "Feature", "geometry": {"type": "Polygon", "coordinates": [[[3628.3862643762727, -4085.8309314003454], [3627.946700244479, -4056.197099400524], [3626.8104684349964, -4051.0111788004183], [3620.382879729886, -4049.13142080045], [3608.3653622679544, -4049.13142080045], [3599.0266979050157, -4053.1120848006135], [3592.997205016401, -4057.192265400369], [3589.24017574793, -4061.9469474001494], [3588.9913658620308, -4066.038185400034], [3591.910735183391, -4069.9082754004767], [3618.1601780885717, -4092.9076674005487], [3622.1577235794102, -4095.561443400134], [3626.16356273378, -4095.561443400134], [3628.145748153905, -4091.691353400477]]]}, "properties": {"name": "", "area": 1247.7242840137333}}, {"type": "Feature", "geometry": {"type": "Polygon", "coordinates": [[[621.2782837155167, 3011.1401105996415], [582.571759218968, 3390.1435529998594], [583.9070389366984, 3398.9784155993952], [586.5775983721593, 3405.6017981998007], [593.6935610937842, 3411.782884799751], [601.7052394013454, 3414.8789567997915], [643.5218874663277, 3422.3869313995347], [666.992953317214, 3424.7974445994196], [675.9998711671925, 3424.156115399782], [680.0057103215623, 3421.060043399742], [681.2331724216377, 3415.07798999976], [678.5626129861769, 3404.031647399522], [662.2075098557368, 3312.3989735995697], [660.880523800359, 3296.9407283996284], [660.7644125203514, 3285.6511229996904], [663.1032254428517, 3272.2053245996967], [675.0046316259537, 3242.3614019997776], [717.2691374839042, 3150.04316939967], [733.2842004366739, 3123.980877599946], [763.2077359820853, 3081.8190113998567], [806.8075215577664, 3028.36753979983], [818.2610699467216, 3018.8471183993533], [832.1695425370062, 3007.612799999276], [840.9525314905005, 3000.735097199827], [844.0709487201082, 2995.880898599669], [844.1787663365845, 2991.2589053998677], [841.0603491069771, 2986.8470027993785], [834.3922441794989, 2982.8663388000004], [789.0093210919408, 2965.638909599812], [771.6589784202621, 2962.111598999447], [735.6230133591743, 2958.130934999283], [646.1924469017886, 2948.8537763992927], [636.4059247447028, 2948.8537763992927], [630.625241741987, 2952.3921443997874], [626.6194025876171, 2961.2270069993233], [623.9488431521562, 2975.8006601999264]]]}, "properties": {"name": "", "area": 54896.013804049}}, {"type": "Feature", "geometry": {"type": "Polygon", "coordinates": [[[521.6216309704298, 2866.6972943992996], [523.3964748199544, 2970.9464615997686], [522.0694887645766, 2981.5394507994224], [519.8384934597312, 2990.8166093994128], [512.7225307381063, 3002.30524799932], [490.91849111908965, 3027.925243799375], [488.25622534598136, 3033.232795799331], [488.25622534598136, 3039.413882399282], [495.37218806642767, 3047.8064489999347], [514.5056682499835, 3070.33037279995], [519.8384934597312, 3079.6075313999404], [526.514892049562, 3084.915083399897], [533.9708949464999, 3087.3145391996527], [537.18883613141, 3082.7036033999807], [540.1994357433625, 3066.5597993998845], [556.770174107934, 2931.62634719989], [563.7783192119039, 2912.828767199423], [573.2330948548505, 2898.0560807996367], [591.8026059654306, 2889.4202513992836], [610.0486642242242, 2881.027684799417], [620.3908617919332, 2878.174875599863], [621.7261415096635, 2871.5514929994574], [618.1681601494404, 2864.0435183997142], [567.444118189782, 2840.181649199777], [545.2005144389711, 2831.78908259991], [536.3014142066477, 2830.9155479999154], [530.0728734097851, 2831.3467865994553], [526.0670342554153, 2837.538930599535], [522.9569106893389, 2849.016511799313]]]}, "properties": {"name": "", "area": 11640.932443752186}}, {"type": "Feature", "geometry": {"type": "Polygon", "coordinates": [[[-302.3454790119415, 2430.6708401997435], [81.49353111453351, 2606.6935907998636], [118.53302938039131, 2623.290748199758], [126.54470768913106, 2629.4718347997086], [129.21526712459192, 2637.8644013995754], [132.77324848481504, 2678.5003463999033], [130.55054684232232, 2689.5466889993554], [123.87414825249161, 2694.8542409993115], [114.08762609540588, 2696.1811289998896], [-94.13307328944408, 2693.0850569998497], [-99.91375629215995, 2695.296536999766], [-104.8070173712921, 2700.1507355999242], [-106.14229708902252, 2708.543302199791], [-105.25487516426023, 2845.489201199733], [-106.59015488316926, 2852.554879799807], [-110.58770037400795, 2856.093247799516], [-111.92298009173838, 2851.227991800015], [-112.92651329650829, 2654.848567799278], [-111.59123357877786, 2534.6878019998558], [-114.15397539776227, 2526.9807941993577], [-120.38251619344625, 2523.884722199318], [-126.61105699030884, 2523.4424261996487], [-262.30367479648373, 2518.588227599491], [-328.59492191594364, 2519.0305235999454], [-337.4940221494457, 2518.145931599822], [-341.93942543443114, 2515.492155599451], [-344.1704207392764, 2510.637956999293], [-346.3931223817691, 2431.113136199412], [-345.16566028051517, 2421.5927147997218], [-342.835141021546, 2415.212594999802], [-338.497555353037, 2414.5270361996472], [-329.1505973265668, 2417.1808122000184]]]}, "properties": {"name": "", "area": 43532.435974305496}}, {"type": "Feature", "geometry": {"type": "Polygon", "coordinates": [[[-3398.70156554654, -3450.461669999992], [-3374.898753181515, -3442.721490000678], [-3368.446283488169, -3437.8562340003905], [-3365.1122310244295, -3432.9909780001035], [-3359.9950410488136, -3415.3101954001168], [-3356.884917482737, -3409.781495400719], [-3354.05677845197, -3404.860952400571], [-3351.319869712974, -3398.0606514004553], [-3351.319869712974, -3392.5319514002717], [-3354.2143580460975, -3388.34119680001], [-3361.1727411735947, -3383.4206538006483], [-3366.5138600456953, -3378.334249800134], [-3374.011331256753, -3369.7647648005563], [-3380.978008046603, -3367.2768498005526], [-3392.539374053213, -3364.1807778005123], [-3423.176164602197, -3367.55328480064], [-3427.6879171895384, -3371.0363658004885], [-3433.626179786382, -3377.2837968004287], [-3436.520668119506, -3383.475940800509], [-3436.9685259136527, -3386.7931607999903], [-3436.520668119506, -3393.8588394000644], [-3431.1795492474057, -3426.7988340000234], [-3425.8467240388363, -3447.365598000738], [-3421.459376393855, -3451.069827000028], [-3415.0069066993296, -3452.396715000606], [-3409.607732188404, -3452.4520020004666], [-3404.266613315125, -3451.7885580005704]]]}, "properties": {"name": "", "area": 5757.9602987850085}}, {"type": "Feature", "geometry": {"type": "Polygon", "coordinates": [[[-4073.4076253089443, -3817.8990720001843], [-4122.78809388852, -3817.4567760005157], [-4135.693033275213, -3813.476112000352], [-4150.372816510252, -3801.976416000316], [-4269.453227637736, -3606.702732000716], [-4313.210592808723, -3540.225643200106], [-4314.985436657069, -3529.610539200193], [-4312.605155420448, -3526.226974800722], [-4304.759350369368, -3522.9760992004444], [-4275.391490235757, -3519.4377312007355], [-4264.269688359763, -3518.553139200612], [-4259.376427281809, -3520.764619200528], [-4255.818445921586, -3526.0721712004843], [-4237.423101731018, -3569.118629400697], [-4227.785865505707, -3583.106240400737], [-4194.860024010695, -3621.5749350000942], [-4180.180240775656, -3629.97855900009], [-4160.607196461485, -3637.9398870004175], [-4148.15011486776, -3639.7090710006646], [-4133.022473838573, -3637.9398870004175], [-4121.0132500389955, -3636.17070300017], [-4113.888993655018, -3636.17070300017], [-4107.220888728718, -3638.382183000086], [-4103.505327773189, -3641.190762600695], [-4101.431912062471, -3648.1126950006606], [-4097.873930702248, -3668.889549600687], [-4094.1583697478973, -3677.89027320059], [-4089.4226882628923, -3687.454924200012], [-4081.8588677482994, -3692.762476199968], [-4072.9597675159757, -3694.0893642005467], [-4056.4968467678814, -3692.320180200299], [-4011.113923680323, -3687.454924200012], [-4000.4399795996537, -3687.012628200343], [-3994.659296596938, -3689.666404200714], [-3990.0480200542934, -3696.013351800246], [-3985.3123385704675, -3702.050692200088], [-3978.486654048862, -3706.628455800158], [-3973.5933929697294, -3710.1668238006528], [-3972.2581132519995, -3714.147487800031], [-3976.413238338144, -3744.500050800394], [-3983.089636927975, -3771.9113454001695], [-3984.864480776321, -3789.1608894006163], [-3983.977058852737, -3797.1111600000286], [-3982.2022150032126, -3806.3993760001485], [-3982.2022150032126, -3811.2646320004355], [-3985.3123385704675, -3814.3607040004754], [-3993.3240168780285, -3815.687592000268]]]}, "properties": {"name": "", "area": 39582.58787397109}}, {"type": "Feature", "geometry": {"type": "Polygon", "coordinates": [[[-3912.3446928599983, -4194.624690000497], [-3917.5282321379714, -3891.8951928006672], [-3918.86351185688, -3881.2800887999692], [-3923.026930604199, -3878.913805200601], [-3929.7033291952084, -3880.2406932003937], [-3932.3655949683166, -3885.1059492006807], [-3932.813452761285, -3893.509573200677], [-3927.157174700929, -4068.780420600653], [-3927.032769758569, -4072.5841662003204], [-3927.4723338891845, -4092.0451902006835], [-3929.5457496010804, -4101.488209800255], [-3944.3831124302474, -4130.9561808004955], [-3959.353173865306, -4158.079983000053], [-3968.849417823551, -4179.155387400427], [-3992.7185794909333, -4235.470725600137], [-4007.1163781894843, -4265.380992600046], [-4026.241564709509, -4293.234583200276], [-3991.0930215731837, -4282.630536600493], [-3971.9678350531585, -4274.669208600165], [-3955.5049143050637, -4268.034768600416], [-3945.27053435501, -4266.707880600624], [-3931.926030837701, -4268.034768600416], [-3923.026930604199, -4266.707880600624], [-3911.905128729383, -4261.842624600336], [-3902.848448902932, -4254.9206922003705], [-3895.4422079824662, -4247.246856600261], [-3886.385528156015, -4241.209516200419], [-3878.091865310788, -4238.411994000725], [-3866.522205641825, -4238.854290000394], [-3856.2878256917706, -4241.054712600181], [-3850.5071426878767, -4243.708488600551], [-3845.0084442216485, -4246.959364200044], [-3839.3853408130603, -4247.689152600716], [-3834.4920797351065, -4245.919968600468], [-3825.1451217086365, -4244.593080600675], [-3815.358599551551, -4244.593080600675], [-3804.0792180826065, -4246.959364200044], [-3799.343536597603, -4249.016040600508], [-3791.7797160830096, -4249.458336600177], [-3784.5061737684355, -4246.959364200044], [-3746.8446507895983, -4223.816226000648], [-3749.3576306309315, -4215.125109600435], [-3898.552331549721, -4218.508674000693], [-3905.2287301395518, -4217.181786000114], [-3909.234569293922, -4213.201122000736], [-3911.299691342287, -4206.279189599985]]]}, "properties": {"name": "", "area": 17708.065928547643}}, {"type": "Feature", "geometry": {"type": "Polygon", "coordinates": [[[-3285.5677106782537, -3813.4429397999643], [-3284.1412006699306, -3676.397524200431], [-3285.700409284145, -3649.870821599993], [-3289.034461747884, -3622.227321600647], [-3288.8105328514, -3615.382791000014], [-3284.580764800546, -3573.8180244006176], [-3282.5819920545373, -3567.183584400083], [-3279.4718684872823, -3564.087512400043], [-3269.900981564328, -3562.3183284005813], [-3261.225810228489, -3561.2125884002303], [-3257.5102492741385, -3561.1573014003698], [-3254.997269432805, -3562.3183284005813], [-3254.4001257068826, -3565.1379654005336], [-3255.445127225773, -3570.5008044003503], [-3259.0031085859964, -3577.5775404005535], [-3260.7862460978736, -3585.0855150002967], [-3261.5160884285074, -3594.097296000329], [-3260.1808087107775, -3652.458253200374], [-3256.3988984528914, -3779.1428850006105], [-3256.1086202540514, -3819.6571986003028], [-3256.332549150535, -3826.5127866002786], [-3253.8859186115583, -3834.905353200146], [-3252.3930592985216, -3840.1576182002414], [-3250.6182154501757, -3844.3594302006322], [-3250.991430278435, -3846.8473452006365], [-3253.952267913915, -3847.6766502001137], [-3259.069457889531, -3845.4651702001975], [-3280.807148206192, -3835.3476492006002], [-3285.0286225935142, -3831.1458372002094], [-3286.3639023124233, -3826.5127866002786]]]}, "properties": {"name": "", "area": 7575.847247631289}}, {"type": "Feature", "geometry": {"type": "Polygon", "coordinates": [[[-3100.395100339558, -3901.459843800089], [-3014.5225152423955, -3940.149686400459], [-3010.8152479515757, -3940.9789914007224], [-3008.517903343196, -3939.7073904000044], [-3009.2560393361828, -3936.777179400331], [-3011.1884627786562, -3928.4288424001957], [-3011.8602494692873, -3894.82540380034], [-3013.8590222152957, -3891.7293318003003], [-3018.0887902661498, -3887.748667800137], [-3022.086335756989, -3887.306371800468], [-3036.774412655559, -3886.8640758000133], [-3107.28713416352, -3888.854407800488], [-3110.629480289612, -3890.4024438005076], [-3111.9647600085214, -3893.056219800093], [-3111.807180414393, -3894.991264800707], [-3109.800114006032, -3897.423892800065]]]}, "properties": {"name": "", "area": 3114.9577765669674}}, {"type": "Feature", "geometry": {"type": "Polygon", "coordinates": [[[-2952.0878213455303, -4758.596319600092], [-2951.639963552562, -4791.315166200609], [-2949.856826040685, -4795.295830199988], [-2945.4114227556997, -4797.507310200689], [-2939.622446090631, -4797.949606200358], [-2933.3939052937685, -4794.41123820065], [-2931.171203651276, -4788.230151600699], [-2929.3963598017513, -4782.480303600288], [-2924.942662854413, -4778.057343600455], [-2920.04940177646, -4776.288159600208], [-2912.9334390548347, -4774.076679600292], [-2906.704898257972, -4771.422903600706], [-2903.146916897749, -4765.673055600296], [-2903.5864810283647, -4760.365503600339], [-2907.1444623897664, -4758.596319600092]]]}, "properties": {"name": "", "area": 1242.0560063989833}}, {"type": "Feature", "geometry": {"type": "Polygon", "coordinates": [[[-1938.5192850641831, -2616.6341934005363], [-1920.057591571258, -2616.191897400082], [-1912.9333351872808, -2615.3073054007436], [-1910.0471405176884, -2612.4323814001455], [-1909.159718592926, -2606.903681399962], [-1909.5992827235416, -2554.0714242001], [-1910.9345624424504, -2500.144484400016], [-1912.3361914625373, -2494.5604973999725], [-1915.1643304933045, -2491.9620084002477], [-1921.6168001866513, -2491.74086040002], [-1946.530963372923, -2492.404304400702], [-1951.2002955543926, -2493.731192400495], [-1953.1990683004012, -2496.606116400307], [-1953.8708549898533, -2499.7021884003475], [-1954.7582769146159, -2506.325570999967], [-1954.7582769146159, -2532.8522736004043], [-1954.094783887516, -2588.559454800079], [-1954.1611331898723, -2604.8580624004126], [-1953.7132753969045, -2609.5021704004726], [-1952.535575272123, -2613.759269400724], [-1950.3128736296303, -2615.3073054007436], [-1946.0831055787762, -2616.191897400082]]]}, "properties": {"name": "", "area": 5479.676470129285}}, {"type": "Feature", "geometry": {"type": "Polygon", "coordinates": [[[-1809.055208054871, -2708.3663838000807], [-1771.750312578409, -2703.224692800491], [-1766.7824085345678, -2702.1742398000006], [-1764.6260561944314, -2699.0228808001], [-1763.0004982766823, -2693.1071718001085], [-1760.5538677377053, -2665.6958772003327], [-1761.4495833248202, -2659.9570866000513], [-1763.6722849673129, -2657.0821626002385], [-1771.8995985090055, -2656.4187186003423], [-1829.2917453961422, -2658.1879026005895], [-1833.5215134469959, -2658.851346600486], [-1835.5202861930047, -2660.620530600733], [-1836.4160017801194, -2663.2743066003186], [-1836.7062799801386, -2667.852070200389], [-1832.6340915234123, -2682.2819772000976], [-1825.5761844417912, -2705.2150248001803], [-1823.3534827992985, -2708.5322448004476], [-1820.6829233638377, -2709.637984800013], [-1816.6853778718203, -2709.637984800013]]]}, "properties": {"name": "", "area": 3407.0019134022295}}, {"type": "Feature", "geometry": {"type": "Polygon", "coordinates": [[[-1579.0387627133568, -2666.5804692004567], [-1563.9111216841707, -2666.5804692004567], [-1557.5250012931806, -2666.746330200038], [-1554.630512960057, -2666.0828862001413], [-1552.341462015208, -2664.6011946001113], [-1551.669675324577, -2660.841678600175], [-1551.8936042210612, -2645.361318599975], [-1553.2952332423265, -2640.8941290004113], [-1556.4136504719343, -2638.682649000495], [-1562.1279841722935, -2638.516788000128], [-1580.8136065617027, -2640.5071200006028], [-1586.8182184609027, -2641.380654600597], [-1588.3774270762958, -2643.149838600059], [-1589.2648490010579, -2647.1305026002224], [-1589.9366356905105, -2653.9860906001986], [-1589.7790560975611, -2660.565243600087], [-1589.3311983034146, -2664.3247596000233], [-1588.6013559727799, -2665.91702520056], [-1585.5492880455288, -2666.525182200596]]]}, "properties": {"name": "", "area": 995.7248242879286}}, {"type": "Feature", "geometry": {"type": "Polygon", "coordinates": [[[-1702.7221567199533, -2693.1071718001085], [-1654.9589523957748, -2686.64965020007], [-1640.8763128843, -2684.7146052002413], [-1635.3859080816032, -2682.668986200692], [-1629.5305821129998, -2680.2916452004088], [-1626.6360937798763, -2676.089833200018], [-1624.637321033868, -2670.3399852003927], [-1623.9738280067681, -2658.6301986002586], [-1624.637321033868, -2650.226574600262], [-1626.420458545745, -2646.024762600657], [-1630.268718105987, -2643.0945516001984], [-1636.6465448334463, -2642.486394600163], [-1714.507451621869, -2645.361318599975], [-1718.2893618797548, -2646.4670586003263], [-1720.296428288116, -2649.3419826001386], [-1721.6234143434938, -2654.207238600426], [-1721.9136925423343, -2677.5825822001775], [-1720.9599213152158, -2686.9260852001576], [-1718.355711182111, -2691.7249968004553], [-1713.6863790006419, -2693.273032800475], [-1708.594070013262, -2693.5162956001755]]]}, "properties": {"name": "", "area": 4274.1613164339215}}, {"type": "Feature", "geometry": {"type": "Polygon", "coordinates": [[[-2919.5351946799565, -3085.257862799974], [-2789.689609178854, -3077.0200998003447], [-2781.6862245336456, -3075.6932118005525], [-2776.502685255673, -3073.5370188004963], [-2774.056054716696, -3070.009708200131], [-2772.0489883083346, -3064.0387122002785], [-2769.6023577681794, -3042.3772656001283], [-2770.713708589426, -3037.2908616003992], [-2773.8321258190335, -3033.5313456004633], [-2777.2325275863077, -3031.7068746003556], [-2782.2833682583887, -3032.6467536003397], [-2788.9597668482193, -3034.6370856000285], [-2939.116532656481, -3062.0483802005897], [-2943.122371810851, -3064.259860200506], [-2945.3450734533435, -3068.019376200442], [-2945.5690023498273, -3072.2211882000474], [-2944.963564962731, -3077.6835438002413], [-2943.338007044982, -3081.7194948002652], [-2941.1153054024894, -3084.152122800409], [-2937.3997444481383, -3085.2025758001137], [-2930.9141001030243, -3085.2799776002325]]]}, "properties": {"name": "", "area": 5843.315844167024}}, {"type": "Feature", "geometry": {"type": "Polygon", "coordinates": [[[-2422.5789170098997, -3072.8846322007294], [-2317.647494696247, -3066.858349200231], [-2308.018552133289, -3065.5867482002986], [-2299.7829449280653, -3062.0483802005897], [-2294.6657549524493, -3057.4042722005297], [-2290.444280563948, -3051.6544242001187], [-2288.6611430520707, -3044.809893600272], [-2289.1090008462174, -3038.396601599965], [-2292.509402612313, -3025.2935826000485], [-2307.5706943391424, -2982.025976400394], [-2311.3526045958497, -2978.2664604004576], [-2316.760072771485, -2976.2208414001225], [-2323.3618283954283, -2976.939572400665], [-2450.163639632811, -2993.9569109999698], [-2453.945549889518, -2995.5049469999894], [-2455.7203937390423, -2997.7164270006915], [-2457.3459516556136, -3003.189840000229], [-2457.3459516556136, -3008.4973920001853], [-2452.676619474144, -3050.935693200362], [-2450.163639632811, -3064.702156200175], [-2447.0452224032033, -3069.1251162000076], [-2442.1519613240707, -3070.6731522000273], [-2437.034771348455, -3071.557744200151]]]}, "properties": {"name": "", "area": 13400.565090432297}}, {"type": "Feature", "geometry": {"type": "Polygon", "coordinates": [[[-2555.8249042770976, -2093.663403000033], [-2473.9664519978364, -2089.6937963999985], [-2366.7459787381563, -2086.1554284002896], [-2357.241441117558, -2084.54104800028], [-2350.5733361900798, -2080.5603840001168], [-2346.56749703571, -2072.1678174002495], [-2345.6717814485955, -2062.437305400461], [-2348.052062685216, -2056.0903578001435], [-2356.8018769869427, -2050.0640748004303], [-2370.3039600983793, -2044.6017192002364], [-2388.8320028936605, -2043.8719308003506], [-2458.8388109686503, -2046.3709032004838], [-2483.752974154922, -2045.4863112003602], [-2512.963254694404, -2046.0834108002668], [-2528.978317648352, -2047.8525948005142], [-2546.038382120012, -2050.7938632003165], [-2585.0351848165797, -2054.033681400465], [-2590.3763036886803, -2056.245161400381], [-2593.644006850063, -2059.1864298001833], [-2594.8217069736656, -2065.0910814000463], [-2595.8667084925555, -2077.3095084006245], [-2594.531428774825, -2085.270836400166], [-2591.263725613442, -2090.73319200036], [-2585.922606741342, -2093.375910600602], [-2579.403787745639, -2093.221107000364]]]}, "properties": {"name": "", "area": 10386.094727532007}}, {"type": "Feature", "geometry": {"type": "Polygon", "coordinates": [[[-2389.429146618404, -1962.3678354001245], [-2344.941939117961, -1961.483243400001], [-2339.1612561152447, -1960.3775034004354], [-2335.6696240573783, -1958.7741804005552], [-2334.0440661396287, -1954.1853594003558], [-2333.3722794501764, -1928.9966022006258], [-2334.483630271423, -1921.256422200526], [-2336.4906966797844, -1917.7180542000312], [-2339.6008202458606, -1916.8334622006935], [-2346.27721883687, -1916.612314200466], [-2351.61833770897, -1916.3911662002388], [-2354.728461275047, -1915.064278200446], [-2357.175091815202, -1910.6523756007427], [-2364.1417686050518, -1892.91630600011], [-2366.5220498404933, -1888.548633000138], [-2368.2968936900184, -1887.8851890002416], [-2371.8548750502414, -1888.3274850006962], [-2375.703134610483, -1890.925974000421], [-2377.867780612972, -1894.7297196000884], [-2381.4921112767306, -1901.308872599977], [-2385.2076722310812, -1905.1236756005592], [-2387.430373873574, -1909.5466356003917], [-2389.2135113842724, -1913.748447599997], [-2393.6589146692577, -1917.7180542000312], [-2397.9550320236467, -1919.8742472000872], [-2400.774877390883, -1923.4679022004423], [-2402.1765064109695, -1928.0567232006417], [-2402.55801490276, -1934.956540800349], [-2403.22150792986, -1952.4272328002376], [-2403.072221999263, -1958.9953283999969], [-2402.1101571086133, -1961.2620954005592], [-2398.7761046448745, -1962.1466874006828]]]}, "properties": {"name": "", "area": 3685.3005985151976}}, {"type": "Feature", "geometry": {"type": "Polygon", "coordinates": [[[-1544.105854809984, -2223.632082600149], [-1550.1851096750715, -2028.8449242007348], [-1553.0049550423075, -1923.0366636001168], [-1554.7880925541847, -1911.105729000541], [-1557.458651990824, -1904.9135850004611], [-1563.0817553994125, -1902.414612600328], [-1571.6905774317167, -1904.9135850004611], [-1575.256852455471, -1910.2211370004172], [-1575.6964165860868, -1917.7291116001606], [-1572.58629302001, -1923.9212556002403], [-1569.0283116586086, -1931.440287600113], [-1565.3127507042575, -1942.1991378001337], [-1564.1267569171237, -1949.1210702000997], [-1564.5746147112704, -1964.148076800501], [-1567.693031940878, -1976.0790114000768], [-1578.366976022726, -1994.2020900005182], [-1592.001757740054, -2004.0874056005446], [-1602.8332814148512, -2014.53664860009], [-1608.1744002869511, -2022.0556805999627], [-1610.8449597235908, -2029.5747126006208], [-1611.292817516559, -2034.8712072004478], [-1609.9575377988283, -2041.9479432006513], [-1604.6164189267283, -2055.20576580002], [-1593.9424748448803, -2078.636396400417], [-1570.803155508133, -2111.3552430001487], [-1558.7939317085545, -2132.1320976001757], [-1553.452812836454, -2147.159104200577], [-1550.3343956068468, -2160.8592228004], [-1549.8948314762313, -2173.685806800229], [-1549.8948314762313, -2195.347253400379], [-1552.5653909116918, -2231.593410600476], [-1552.1175331175452, -2239.985977200343], [-1549.7372518821035, -2243.6791488002896], [-1546.3368501148293, -2242.639753200714], [-1544.105854809984, -2238.227850600225]]]}, "properties": {"name": "", "area": 8089.9131856136955}}, {"type": "Feature", "geometry": {"type": "Polygon", "coordinates": [[[-2366.9616139722875, -1995.29677260074], [-2366.5220498404933, -2015.631331200312], [-2362.8064888861427, -2020.8835962004077], [-2357.9132278081893, -2023.095076200324], [-2351.2368292183583, -2023.3162242005512], [-2337.6683968033867, -2023.537372199993], [-2334.483630271423, -2022.044623200619], [-2333.5962083466607, -2018.7274032003518], [-2334.2679950372913, -2008.5656526002376], [-2334.931488064391, -1997.0659566002016], [-2337.2205390092404, -1993.6934496000738], [-2341.1600288612535, -1991.7694620003745], [-2344.7180102214766, -1991.3271660007056], [-2350.7226221218552, -1991.990610000602], [-2357.399020711686, -1993.5275886004927]]]}, "properties": {"name": "", "area": 951.4160771057941}}, {"type": "Feature", "geometry": {"type": "Polygon", "coordinates": [[[-1240.2343418332384, -2255.4663372005425], [-1241.1300574203533, -2209.489668000657], [-1238.3019183907647, -2168.0907624000556], [-1235.6313589553038, -2125.652461200664], [-1234.9015166246693, -2111.7975390006036], [-1234.9015166246693, -2094.1056990004877], [-1238.4594979848923, -2076.86721240017], [-1241.4203356203723, -2072.1678174002495], [-1248.9841561349654, -2071.283225400126], [-1259.3678220167942, -2072.4553098004667], [-1267.2219207314063, -2077.4643120000765], [-1269.0050582432834, -2083.2141600004875], [-1269.15434417388, -2087.924612400537], [-1265.596362813657, -2092.3475724003697], [-1261.590523659287, -2098.086363000651], [-1259.8156798109412, -2106.0476910001926], [-1258.480400092032, -2132.1320976001757], [-1257.1451203743015, -2166.609070800025], [-1258.032542299064, -2181.6360774004265], [-1260.7031017345246, -2201.5283400003295], [-1266.4837847384192, -2228.939634600105], [-1270.9374816857571, -2242.197457200259], [-1272.2727614034877, -2251.04337720071], [-1272.7206191976343, -2258.5624092005824], [-1269.6022019680267, -2260.3205358007003], [-1263.3736611711643, -2263.8589038004093], [-1252.6997170893162, -2265.185791800202], [-1244.2401809876083, -2265.628087800657], [-1240.7485489297414, -2261.8685718007205]]]}, "properties": {"name": "", "area": 4649.164528439753}}, {"type": "Feature", "geometry": {"type": "Polygon", "coordinates": [[[-1682.477325715151, -2326.631763600158], [-1577.9191182285795, -2324.862579600697], [-1569.467875789224, -2323.5467490002475], [-1565.5366796007418, -2317.9295898006017], [-1564.1267569171237, -2309.8355730002954], [-1564.5746147112704, -2299.231526400512], [-1566.648030421988, -2287.8866340007135], [-1571.2510133011012, -2300.5584144003046], [-1577.479554097964, -2306.739501000255], [-1590.2269138905292, -2309.5480806000783], [-1634.4238431909537, -2312.9316450003353], [-1666.0144049682347, -2311.6047570005426], [-1691.6667041474936, -2311.7595605999945], [-1698.4923886690992, -2312.9316450003353], [-1700.7150903115921, -2317.7969010006223], [-1699.3798105926833, -2322.662157000124], [-1696.709251157222, -2325.7471716000346], [-1692.2638478722367, -2327.074059600613]]]}, "properties": {"name": "", "area": 2078.5513287251815}}, {"type": "Feature", "geometry": {"type": "Polygon", "coordinates": [[[-1295.403787077882, -2442.0157326003273], [-1241.5696215521475, -2440.24654860008], [-1236.6763604730152, -2438.9196606002874], [-1233.1183791127921, -2433.1808700000056], [-1232.0733775939023, -2425.374345600702], [-1231.7830993950618, -2396.923655400565], [-1233.408657312811, -2366.582149800331], [-1235.6313589553038, -2347.121125799968], [-1235.1917948235098, -2332.094119200352], [-1234.4536588305225, -2323.1044530005784], [-1235.3410807552848, -2318.2391970002914], [-1239.794777702623, -2315.585421000706], [-1264.2610830959266, -2314.7008290005824], [-1268.5572004491369, -2314.8556326000344], [-1272.2727614034877, -2318.681493000746], [-1274.4954630459804, -2324.420283600242], [-1276.2786005578575, -2333.2662036006927], [-1278.5013022003502, -2339.016051600318], [-1284.2819852030661, -2342.9967156004814], [-1290.8008041987691, -2346.23653380063], [-1294.5163651542987, -2349.1778022004323], [-1296.1419230720478, -2355.082453800295], [-1295.8516448720288, -2363.773570200508], [-1294.0685073601517, -2376.1468008005386], [-1292.7332276424215, -2386.761904800451], [-1290.9583837928967, -2401.3466154003977], [-1291.4062415870435, -2413.2775499999734], [-1291.845805717659, -2424.3349500003405], [-1292.7332276424215, -2431.8539820002134]]]}, "properties": {"name": "", "area": 6989.174001207575}}, {"type": "Feature", "geometry": {"type": "Polygon", "coordinates": [[[3924.693956837247, -4696.730166600725], [3932.8300400883472, -4697.194577400653], [3937.283737035685, -4698.079169399991], [3939.597668969949, -4699.6050906005385], [3939.597668969949, -4701.816570600455], [3938.925882279318, -4703.806902600143], [3935.815758712063, -4715.306598600179], [3933.5930570695705, -4720.603093200007], [3929.587217916379, -4727.6798292002095], [3926.468800686772, -4733.650825200062], [3926.0292365549776, -4735.641157200537], [3927.356222610355, -4737.410341199999], [3929.8111468128636, -4738.294933200123], [3934.9200431249483, -4739.179525200246], [3938.619016754594, -4738.75934400005], [3940.4850908947114, -4736.9680452003295], [3941.820370612442, -4732.987381200166], [3945.0714864479405, -4725.269316000325], [3949.608120023519, -4716.622429200628], [3955.8366608203814, -4707.12412260041], [3961.169486028951, -4699.6050906005385], [3965.8471118739512, -4693.191798600231], [3974.52228320979, -4685.893914600586], [3980.435664818398, -4681.493069400226], [3987.2032937, -4677.656151600171], [3995.6462424758242, -4674.460563000539], [4002.5465699633173, -4672.625034600303], [4010.5582482708787, -4671.298146600509], [4017.4502820948405, -4670.634702600613], [4024.0354503940785, -4669.108781400067], [4029.8244270603254, -4666.455005400481], [4034.361060635904, -4662.452226600059], [4037.471184203159, -4657.144674600103], [4038.806463920889, -4652.069328000503], [4038.3668997902737, -4645.434887999969], [4036.5837622783965, -4638.579299999992], [4033.2497098146578, -4631.06026800012], [4028.79601286732, -4623.983532000702], [4023.678822891703, -4618.233684000291], [4017.8981398889873, -4613.589576000231], [4011.6695990921244, -4610.051208000523], [4006.112844985893, -4607.618580000379], [3999.2125174995786, -4606.0705440003585], [3994.0953275239617, -4604.08021200067], [3990.761275060223, -4600.762992000403], [3988.090715624762, -4596.118884000342], [3988.314644521246, -4591.706981400639], [3990.761275060223, -4587.0628734005795], [3992.5361189085693, -4584.187949399981], [3997.2137447535697, -4580.428433400045], [4002.5465699633173, -4576.890065400336], [4008.692174130761, -4574.479552200451], [4014.920714927624, -4572.710368200203], [4020.7013979303397, -4572.710368200203], [4027.6017254178328, -4574.7007002006785], [4034.361060635904, -4576.005473400212], [4042.505437550535, -4576.027588200471], [4052.1592611017295, -4574.899733400647], [4061.4979254646687, -4572.024809400049], [4065.6364632249292, -4569.393148200722], [4069.2856748769236, -4566.93840540032], [4074.1789359548775, -4564.726925400404], [4082.9785122330773, -4558.778044200024], [4088.195226162817, -4553.448377400595], [4095.535117780926, -4548.140825400639], [4103.007708003747, -4544.182276200734], [4110.347599621857, -4541.970796200032], [4116.57614041872, -4541.307352200136], [4121.91725929082, -4541.970796200032], [4126.229963969914, -4544.381309400703], [4129.124452303037, -4547.919677400411], [4132.018940634982, -4554.996413400615], [4133.354220353891, -4561.409705400137], [4133.354220353891, -4568.928737400009], [4132.018940634982, -4577.9958054006875], [4130.235803124284, -4586.399429400683], [4127.125679557029, -4593.907404000426], [4121.560631788444, -4600.320696000734], [4119.114001248288, -4603.637916000215], [4117.778721530558, -4606.291692000586], [4114.444669066819, -4611.599244000542], [4108.879621298234, -4618.675980000746], [4106.432990759258, -4624.425828000371], [4105.097711040349, -4631.281416000347], [4104.210289116765, -4639.242744000674], [4103.986360219103, -4646.761776000547], [4105.097711040349, -4650.078996000028], [4108.879621298234, -4653.6063066003935], [4115.332090991582, -4656.260082599979], [4121.237178936658, -4656.536517600067], [4124.894684252183, -4656.702378600434], [4138.380180037736, -4657.166789400361], [4161.378507106239, -4656.038934600538], [4170.949394029194, -4654.048602600063], [4178.421984253194, -4649.87996280006], [4184.293897547681, -4643.223408000053], [4188.88029310091, -4637.274526800458], [4191.185931371643, -4634.3774880003875], [4193.773554178864, -4632.851566800626], [4194.9678416283505, -4630.396824000223], [4193.416926676488, -4627.521900000411], [4190.970296137512, -4624.425828000371], [4190.522438343365, -4621.550904000558], [4190.298509446881, -4618.012536000064], [4188.739300832666, -4613.589576000231], [4188.96322972915, -4609.387764000626], [4187.412314777289, -4605.8493960001315], [4182.071195905189, -4598.772660000714], [4173.396024569349, -4588.6109094006], [4166.7196259783395, -4580.8707294005], [4161.378507106239, -4571.58251340038], [4156.70917492477, -4564.284629400735], [4154.262544385793, -4557.207893400531], [4152.7033357703995, -4546.81393740006], [4153.599051358693, -4535.767594800608], [4154.926037412893, -4526.700526800716], [4157.380961615401, -4517.191162800369], [4162.274222693354, -4507.018354800125], [4165.832204054756, -4497.730138800006], [4171.165029263325, -4488.441922800672], [4177.0867045354635, -4480.5137670007325], [4191.409860268128, -4459.703740200318], [4197.107606642603, -4452.2068230007035], [4203.651306627721, -4442.675344200098], [4205.874008270213, -4436.262052200576], [4206.313572400829, -4430.069908200497], [4205.874008270213, -4423.888821600546], [4204.762657448968, -4420.12930560061], [4201.64424021936, -4414.379457600199], [4192.5212110893735, -4405.754685599975], [4182.071195905189, -4397.793357600434], [4171.836815953956, -4393.149249600374], [4163.161644618117, -4390.2743256005615], [4154.926037412893, -4388.726289600541], [4145.36344415347, -4388.505141600314], [4137.360059508261, -4389.389733600438], [4130.235803124284, -4391.380065600127], [4121.336702890781, -4395.803025600745], [4113.333318245573, -4403.10090960039], [4106.209061861596, -4411.283385600159], [4100.42837885888, -4420.12930560061], [4095.75904667741, -4430.069908200497], [4090.641856701794, -4437.5889402003695], [4083.3019650848632, -4447.761748200613], [4074.1789359548775, -4457.934556200071], [4065.5037646190385, -4468.328512200541], [4061.7218543611525, -4476.289840200083], [4055.9411713584363, -4486.672738800425], [4050.1521946933685, -4494.634066799966], [4046.5942133319663, -4500.826210800045], [4039.254321715036, -4509.893278800724], [4032.362287891074, -4518.960346800616], [4027.0211690189735, -4529.354302800301], [4021.6800501468733, -4538.631461400292], [4018.3459976831346, -4545.044753400599], [4014.5640874252485, -4547.919677400411], [4007.0002669106552, -4553.669525400037], [4001.659148038555, -4557.6501894002], [3998.1011666783315, -4562.073149400033], [3995.2066783452087, -4567.380701399989], [3990.761275060223, -4573.572845400069], [3984.5327342633605, -4579.101545400253], [3976.744984852284, -4585.293689400332], [3971.627794876667, -4586.8417254003525], [3966.5106049022297, -4586.8417254003525], [3960.9538507959974, -4584.409097400208], [3954.9409452332666, -4581.091877400727], [3947.1614894845416, -4578.659249400584], [3942.483863639541, -4578.880397400025], [3936.9271095333097, -4580.428433400045], [3933.3691281730867, -4583.303357400643], [3929.139360122232, -4589.274353400496], [3927.356222610355, -4595.234292000219], [3926.9166584797395, -4600.98414000063], [3928.2519381974703, -4605.8493960001315], [3931.3620617647252, -4610.051208000523], [3936.7031806368254, -4612.926132000335], [3945.0714864479405, -4617.150058800199], [3950.719470844765, -4621.550904000558], [3955.3888030262347, -4625.5315680007225], [3957.387575772243, -4628.185344000307], [3957.83543356639, -4630.839120000678], [3957.611504668728, -4633.7140440004905], [3954.9409452332666, -4637.915856000096], [3950.2716130517974, -4643.223408000053], [3946.0501386632955, -4647.425220000443], [3940.932948687679, -4650.74244000071], [3931.8099195588716, -4654.4908986005175], [3921.3516107111554, -4660.019598600701], [3913.124297168284, -4665.548298600099], [3907.7831782961844, -4670.413554600386], [3903.777339142993, -4674.39421860055], [3899.7797936509755, -4679.480622600278], [3898.444513933245, -4682.576694600319], [3897.9966561390984, -4686.557358600482], [3899.1080069603445, -4690.759170600088], [3900.667215575738, -4695.845574600602], [3903.561703908861, -4697.393610600622], [3908.8945291174305, -4697.393610600622], [3916.6822785296863, -4696.951314600167], [3914.6835057836774, -4707.5664186000795], [3911.291397679934, -4713.426840600211], [3896.943360957856, -4713.869136600666], [3883.209055286404, -4710.330768600172], [3877.030276467193, -4703.97276360051], [3868.413160771357, -4696.066722600043], [3862.0187467180144, -4698.388776600466], [3856.9015567423976, -4708.6721586004305], [3855.6243326646713, -4713.26097960063], [3852.2819865385795, -4723.433787600088], [3846.2773746382013, -4728.686052600184], [3839.2692295342313, -4734.867139200134], [3837.7680765600207, -4741.61215320039], [3838.920895695387, -4744.487077200202], [3843.3828863050776, -4750.95565620037], [3852.2819865385795, -4758.916984200697], [3858.7344562319263, -4763.395231200389], [3874.8656304647034, -4751.729674199987], [3882.869015109912, -4740.451126200178], [3885.929376700695, -4730.399949600571], [3890.0430334715406, -4725.3135456000555], [3902.7820996005753, -4723.323213600367], [3916.350532015547, -4723.765509600036], [3925.0257033513863, -4721.167020600311], [3926.25316545264, -4711.491795600383], [3926.5268563255963, -4701.871857600315]]]}, "properties": {"name": "", "area": 38437.8443618156}}, {"type": "Feature", "geometry": {"type": "Polygon", "coordinates": [[[3659.296745799392, -4879.807538400006], [3655.9543996721222, -4880.028686400233], [3653.3584832025485, -4879.398414600724], [3651.0611385941684, -4876.9326144001925], [3651.0611385941684, -4872.730802400588], [3651.732925284799, -4867.644398400073], [3653.798047333164, -4862.591166600731], [3657.579957589871, -4857.504762600217], [3660.408096620639, -4854.154370400348], [3660.8061924371336, -4853.358237600472], [3661.743376338369, -4852.263555000251], [3662.473218669003, -4851.412135200515], [3664.256356179702, -4850.428026600014], [3666.9269156163414, -4847.331954599974], [3673.155456413204, -4841.803254600576], [3678.712210519436, -4836.937998600289], [3681.7642784455084, -4835.799086400336], [3684.210908985664, -4835.356790400667], [3686.276031034029, -4836.274554600393], [3687.1053973176085, -4838.674010400148], [3687.5449614494028, -4843.096970399981], [3685.5461887033944, -4850.3948544004115], [3682.6517003702706, -4857.471590400615], [3680.205069831294, -4862.336846400117], [3679.383997208888, -4865.244942600317], [3678.421932319417, -4868.528990400197], [3676.8710173675545, -4870.298174400444], [3674.042878336788, -4871.4370866003965], [3669.149617258834, -4874.533158600437], [3665.3677070009485, -4877.186934600022], [3663.0786560560996, -4878.480650400213]]]}, "properties": {"name": "", "area": 881.9376057814807}}, {"type": "Feature", "geometry": {"type": "Polygon", "coordinates": [[[3527.0377044110805, -4825.272441600671], [3519.8222177353314, -4826.964223800014], [3516.3720539915844, -4826.632501800066], [3508.9243447569993, -4824.752743800098], [3505.366363396776, -4823.425855800306], [3501.6922707565454, -4823.204707800078], [3497.6864316021756, -4821.877819800286], [3495.9862307185385, -4820.860539000182], [3485.926017688496, -4821.678786600316], [3478.3621971739026, -4824.332562600687], [3470.8896069499024, -4830.0602958000545], [3465.9880522084186, -4839.348511800174], [3461.9905067175796, -4852.606334400328], [3457.8934372726167, -4860.147481200459], [3457.5368097702412, -4866.31751040028], [3453.000176193485, -4877.839321200575], [3446.4150078942466, -4888.874606400684], [3438.4116232490383, -4902.143486400181], [3431.643994367436, -4916.319073200061], [3427.1985910824505, -4932.230671800586], [3424.080173852843, -4946.384143800207], [3423.283982219852, -4956.092541000523], [3425.4154535717516, -4968.056647800487], [3424.5280316469893, -4975.13338380069], [3421.8574722103504, -4980.440935800647], [3413.9370241933816, -4985.726373000344], [3418.8302852725137, -4984.84178100022], [3422.8361244268835, -4987.053261000136], [3421.8574722103504, -4993.7098158001445], [3430.6902231403174, -4995.180450000045], [3440.4684516350508, -4996.805887800184], [3440.84166646331, -4976.427099600095], [3440.84166646331, -4954.544505000504], [3441.13194466215, -4939.981909200029], [3443.5785752023053, -4929.366805200117], [3449.0772736685335, -4912.747532999964], [3456.0356567948525, -4898.848381200172], [3457.594865410245, -4890.665905200403], [3462.1978482881796, -4877.374910400647], [3471.320877418166, -4850.616002400639], [3473.833857260678, -4844.6781786003885], [3475.7745743655037, -4839.779750400499], [3479.398905029262, -4835.1688146000415], [3484.9556591354935, -4831.630446600332], [3489.343006780475, -4830.712682400607], [3496.4589695009217, -4830.712682400607], [3502.239652503638, -4830.712682400607], [3509.8034730182303, -4830.9338304000485], [3524.7237724768165, -4833.045793800373], [3526.8552438275374, -4832.327062800617], [3527.070879061669, -4828.99878540022]]]}, "properties": {"name": "", "area": 2715.5234892396256}}, {"type": "Feature", "geometry": {"type": "Polygon", "coordinates": [[[3393.7502488297623, -5221.027845000236], [3395.0855285474927, -5211.07618500022], [3393.90782842389, -5207.946940800578], [3390.6401252625074, -5201.566821000658], [3383.7397977750134, -5187.634497000478], [3383.7397977750134, -5183.874981000542], [3385.7468641833743, -5180.778909000503], [3389.462425138904, -5178.755404800426], [3394.7952503474735, -5178.09196080053], [3399.9124403230894, -5179.63999680055], [3402.582999759729, -5185.389844800175], [3405.91705222229, -5197.995280800562], [3407.1030460094235, -5201.7879690001], [3406.655188216456, -5204.662893000698], [3405.0959796010625, -5207.316669000284], [3399.025018398327, -5217.01400880047], [3397.913667577081, -5223.648448800219], [3397.913667577081, -5227.85026080061], [3399.9124403230894, -5230.7251848004225], [3403.030857552697, -5232.715516800112], [3409.483327246044, -5234.705848800586], [3415.4879391464224, -5235.369292800482], [3419.0459205066454, -5234.705848800586], [3421.1276298808943, -5233.279444200416], [3422.2223933762566, -5232.527541000272], [3424.4533886811023, -5228.546877000108], [3429.3466497602344, -5224.1239170002755], [3439.730315642063, -5213.696788800203], [3443.9600836929176, -5207.062348800454], [3445.361712713004, -5197.1438610000405], [3443.5122258987703, -5186.937880800195], [3439.5810297102885, -5175.692504999988], [3437.2836851019074, -5168.361448800741], [3436.4626124806805, -5162.202477000263], [3433.7257037416853, -5159.294380800063], [3429.056371560215, -5157.525196800601], [3398.427874673584, -5145.174081000044], [3392.4149691108532, -5141.414565000107], [3388.3427806541263, -5137.400728800341], [3386.8582150046213, -5132.137406400117], [3385.2990063904067, -5123.0703384002245], [3382.404518057283, -5115.330158400125], [3380.8536031054214, -5108.916866400603], [3382.3381687549268, -5103.13384620059], [3383.2338843420416, -5096.278258200614], [3384.8511485962604, -5090.119286400136], [3387.297779136415, -5085.91747440053], [3392.1246909120127, -5081.240194200083], [3399.472876192474, -5075.269198200231], [3405.91705222229, -5067.971314200586], [3409.5496765484004, -5062.696934400231], [3413.2652375039297, -5060.231134200486], [3418.22484788424, -5057.168234400047], [3421.782829245641, -5051.418386400423], [3428.8987919660876, -5038.602859800723], [3433.1285600169413, -5033.516455800209], [3438.9092430196574, -5025.555127800667], [3441.737382050425, -5017.3394796005105], [3441.065595359794, -5007.608967600721], [3440.4684516350508, -4996.805887800184], [3430.6902231403174, -4995.180450000045], [3421.8574722103504, -4993.7098158001445], [3416.607583630021, -5002.091325000668], [3414.741509489904, -5006.52534240063], [3412.510514185059, -5011.390598400131], [3402.3673645255976, -5014.906851600367], [3397.830730948841, -5020.236518400581], [3390.8059985189875, -5022.868179600694], [3380.5716185689334, -5024.195067600487], [3369.449816694117, -5028.175731600651], [3369.3585864023457, -5031.736214400617], [3361.4381383853774, -5037.463947599985], [3353.3435234483973, -5040.139838400613], [3343.639937919552, -5046.309867600436], [3339.551162136942, -5052.524126399988], [3331.9873416223495, -5060.485454400315], [3317.747122517925, -5065.350710400602], [3303.5151970758543, -5068.8890784003115], [3292.0367676986625, -5068.866963600052], [3278.6839705190014, -5065.328595600344], [3266.5835164276514, -5063.581526400355], [3255.0138567586887, -5064.466118400478], [3240.8731616083887, -5067.097779600591], [3220.404401707103, -5072.4053316005475], [3207.059898189794, -5077.712883600503], [3195.846866023206, -5082.600254400263], [3183.4727210588994, -5085.674211600045], [3167.9055158979195, -5087.885691600747], [3157.579905656094, -5090.561582400591], [3147.4367559966327, -5096.278258200614], [3138.53765576431, -5103.354994200032], [3129.1989914013707, -5107.77795420065], [3123.6919992716116, -5111.570642400188], [3119.8437397113694, -5114.854690200068], [3117.397109172393, -5118.393058200562], [3116.061829454662, -5123.700610200518], [3116.9575450417774, -5128.56586620002], [3119.18024668427, -5134.083508800074], [3122.962156942155, -5139.8333568004855], [3130.7499063532323, -5146.025500800565], [3140.0885707161715, -5150.890756800067], [3150.7625147980193, -5155.092568800457], [3160.10947282449, -5158.630936800167], [3163.443525288229, -5161.727008800206], [3165.516940998946, -5167.06773300055], [3165.45059169659, -5171.457520799995], [3162.7800322599505, -5177.649664800075], [3158.3263353126126, -5183.8418088001545], [3153.499423537015, -5186.971053000582], [3146.8313186095374, -5190.288273000064], [3143.0494083516514, -5189.845977000395], [3140.75206374445, -5189.812804800007], [3139.2011487925884, -5190.697396800131], [3135.709516734721, -5189.182533000499], [3134.1503081193277, -5183.653833000315], [3134.523522947587, -5177.428516800634], [3135.1953096382176, -5174.111296800366], [3135.709516734721, -5171.269545000156], [3131.479748683867, -5169.058065000239], [3124.8033500928577, -5165.961993000199], [3120.0676686090324, -5165.928820800597], [3116.1281787570188, -5168.61576900057], [3109.8332886577996, -5175.6593328003855], [3101.1581173219597, -5185.168696800733], [3097.6001359617376, -5187.822472800318], [3092.7068748837837, -5188.707064800442], [3084.919125471528, -5188.043620800546], [3074.311530693215, -5186.086461000458], [3072.2381149813186, -5187.159028800422], [3059.4078185605126, -5182.990389000419], [3050.6662979223174, -5180.745736800115], [3046.660458767947, -5180.082292800218], [3044.0562486348426, -5181.00005700073], [3041.609618095866, -5182.548092999964], [3040.4319179710847, -5185.610992800402], [3039.53620238397, -5193.130024800274], [3039.53620238397, -5196.889540800211], [3040.4319179710847, -5199.543316800582], [3041.7671976899937, -5201.754796800498], [3046.884387664431, -5203.523980800745], [3062.2276639277493, -5209.494976800598], [3076.2439541356885, -5216.571712800016], [3088.477106831751, -5223.20615280055], [3096.2648562440068, -5228.513704800506], [3106.947093988207, -5233.157812800566], [3114.286985606316, -5233.600108800235], [3122.066441353862, -5233.600108800235], [3128.5189110472083, -5235.369292800482], [3154.3287898217736, -5233.821256800463], [3161.892610336367, -5232.715516800112], [3171.0736951051786, -5228.989173000563], [3176.4148139772783, -5225.0085090003995], [3185.2475649072453, -5219.446636800614], [3191.990312800611, -5216.162589000734], [3197.03285981034, -5211.706456800514], [3205.99830934502, -5205.547485000036], [3212.38442973601, -5201.091352800601], [3216.904475986883, -5199.576489000184], [3222.461230091936, -5194.711233000682], [3232.6956100431685, -5190.288273000064], [3242.9299899944012, -5185.644165000004], [3262.27910541091, -5177.461689000235], [3275.5655532882147, -5173.005556800015], [3286.0155684735787, -5172.120964800677], [3295.8020906306647, -5172.784408800573], [3304.037697835888, -5174.995888800489], [3308.5494504232306, -5178.7885770000275], [3312.712869171728, -5187.159028800422], [3316.046921635467, -5199.98561280025], [3317.382201353197, -5212.81219680008], [3318.4935521744437, -5222.763856800096], [3320.119110092193, -5229.210321000005], [3323.2375273218004, -5236.939443599975], [3326.57157978554, -5244.679623600075], [3323.486337206521, -5245.641617400318], [3314.902396162453, -5244.723853200592], [3304.6846035371045, -5239.438416000108], [3293.189586834029, -5236.751467800135], [3285.18620218882, -5238.74179980061], [3276.6851977729925, -5244.502705200364], [3268.5159398701253, -5257.4398632007], [3278.8498437754815, -5265.73291320019], [3292.0948233386666, -5274.88844040033], [3302.412139918139, -5284.784813400485], [3311.327827476346, -5296.704690600718], [3314.786284882445, -5298.0979230005005], [3321.993477894663, -5305.550610600383], [3328.2137250279943, -5308.513993800444], [3333.894884077765, -5315.61284460012], [3337.1791745638525, -5322.357858600375], [3339.8829086510814, -5323.430426400339], [3343.8141048395632, -5325.564504600136], [3347.5794277715654, -5324.292903600203], [3349.8353040658258, -5319.129097800356], [3347.902880622173, -5313.180216599976], [3347.836531319817, -5304.610731600399], [3344.543947170198, -5294.869162200481], [3336.2005223484975, -5278.017684599972], [3326.554992459656, -5267.037686400509], [3324.2659415148073, -5260.513820400482], [3324.075187268912, -5255.051464800287], [3328.694757473909, -5253.149592000061], [3332.0619845882366, -5255.482703400613], [3338.738383179246, -5263.665179400382], [3346.078274796176, -5273.39569140017], [3352.7546733871854, -5281.357019400498], [3359.870636107632, -5286.2222753999995], [3361.695241933629, -5286.985236000272], [3364.1004041584856, -5287.991459400247], [3364.7970718373526, -5287.416474600598], [3365.153699339728, -5283.247834800595], [3364.921476779713, -5281.511823000736], [3365.3029852715035, -5278.482095400685], [3366.953424177489, -5275.585056600614], [3368.8526729681957, -5273.185600800072], [3369.748388556489, -5270.531824800487], [3370.635810480073, -5265.23533020066], [3372.535059271957, -5260.1820984005335], [3374.948515160345, -5254.498594800112], [3375.0812137650582, -5250.971284200532], [3376.2174455745408, -5249.578051799965], [3376.5989540663313, -5247.808867800502], [3376.5989540663313, -5245.796421000555], [3377.3619710475546, -5243.905605600458], [3379.7754269359425, -5242.003732800232], [3383.3334082961655, -5239.604277000475], [3386.883095994036, -5236.07696640011], [3389.4292504871364, -5232.416967000551], [3390.4410773542595, -5230.01751120001], [3391.8427063755244, -5228.126695800698], [3392.3486198084966, -5224.964279400669]]]}, "properties": {"name": "", "area": 50455.90723800566}}, {"type": "Feature", "geometry": {"type": "Polygon", "coordinates": [[[3298.5389993696604, -5444.807506200618], [3307.662028498468, -5431.317478200108], [3314.7116419165577, -5421.33264600049], [3318.1203373461844, -5416.721710200032], [3321.678318706408, -5413.404490200551], [3327.2350728126394, -5411.414158200076], [3332.957700175352, -5409.611802000227], [3336.109292056726, -5409.390653999999], [3338.2988190474516, -5409.169506000558], [3343.921922457219, -5408.318086200035], [3348.9727631292994, -5407.400322000311], [3352.3068155930387, -5408.063766000207], [3355.6491617191305, -5408.284914000434], [3359.049563486404, -5406.770050200016], [3361.4961940253816, -5403.673978199976], [3362.383615950144, -5399.029870200702], [3363.652546365518, -5391.477666000442], [3366.0991769044945, -5381.526006000426], [3367.8823144163716, -5375.776158000014], [3371.2827161824675, -5370.059482199991], [3372.327717701357, -5365.161054000102], [3374.5587130062027, -5347.701419400343], [3371.9545028730977, -5346.407703600153], [3366.3894551033345, -5345.744259600256], [3361.944051818349, -5345.965407600484], [3355.864796953262, -5346.595679399992], [3353.6420953107695, -5347.037975400446], [3350.30804284703, -5347.92256740057], [3355.89797160503, -5345.666857800137], [3360.4926608206115, -5344.8043806002715], [3368.736561689366, -5344.8043806002715], [3372.5516465978408, -5344.82649540053], [3374.625062308559, -5343.753927600567], [3376.7814146486953, -5327.355803400642], [3376.7814146486953, -5322.932843400024], [3375.512484233321, -5318.321907600352], [3371.730573975435, -5311.687467600603], [3365.941597310367, -5300.630067600236], [3363.718895667874, -5296.649403600071], [3363.942824564358, -5292.889887600136], [3363.2129822337233, -5288.87605140037], [3361.695241933629, -5286.985236000272], [3364.1004041584856, -5287.991459400247], [3364.7970718373526, -5287.416474600598], [3367.276877028097, -5289.7938156000955], [3369.217594134102, -5293.962455400098], [3372.1037888036944, -5298.606563400159], [3377.220978779311, -5310.548555400649], [3380.563324905402, -5317.404143400626], [3382.786026547895, -5325.586619400395], [3383.4495195761733, -5331.5576154002465], [3382.5620976514106, -5338.192055399996], [3380.115467112434, -5347.701419400343], [3377.8927654699414, -5360.7380940002695], [3375.8856990615805, -5375.555010000573], [3372.7755754943255, -5386.612410000154], [3370.328944955348, -5394.794886000709], [3368.83608564349, -5402.1259422007415], [3367.0612417939656, -5407.654642200139], [3364.1004041584856, -5410.938690000019], [3361.0483362312343, -5413.183342200323], [3354.977375029678, -5414.477058000513], [3348.7488342328156, -5414.9193540001825], [3342.520293435953, -5415.14050200041], [3339.6423924287137, -5416.036151400663], [3334.3012735566135, -5416.920743400001], [3328.0727327597506, -5420.459111400495], [3322.7316138876504, -5424.882071400328], [3316.950930884934, -5434.170287400448], [3312.057669806981, -5440.8047274001965], [3308.4913947832265, -5447.870406000271], [3303.423966785261, -5446.02382020069]]]}, "properties": {"name": "", "area": 1411.2308783307672}}, {"type": "Feature", "geometry": {"type": "Polygon", "coordinates": [[[2894.745436437224, -5471.743332600337], [2889.8521753580917, -5478.377772600086], [2879.219699591542, -5481.739222200084], [2869.3834154568053, -5482.800732600705], [2859.5968932997193, -5480.5892526000025], [2853.368352504035, -5476.608588600625], [2847.587669500141, -5466.435780600381], [2845.3566741952955, -5450.070828600058], [2849.3625133496653, -5445.647868600226], [2852.0745410992463, -5440.163398200559], [2851.585214992158, -5430.167508600026], [2846.2523897824103, -5419.110108600445], [2833.3474503957173, -5402.745156600121], [2819.5965573983817, -5385.318694199964], [2812.8786904944313, -5370.899844600384], [2809.3704711106802, -5358.338638200514], [2809.320709134208, -5347.026918000317], [2812.9284524720824, -5326.9466796005745], [2820.4425110090237, -5305.4510940000055], [2831.166217067345, -5288.024631600634], [2836.507335939445, -5275.640343600474], [2838.6885692678175, -5265.202158000272], [2839.128133398433, -5255.029350000029], [2834.6827301134476, -5236.452918000575], [2831.1247487532246, -5220.099023400381], [2830.6768909602565, -5207.272439400553], [2833.3474503957173, -5190.46519140056], [2836.9054317559403, -5172.773351400444], [2840.91127091031, -5161.273655400408], [2837.7928536807026, -5151.985439400289], [2835.57015203821, -5137.831967400667], [2836.465867625325, -5127.227920800098], [2837.3947578642073, -5121.743450400431], [2842.6944084221873, -5116.170520800517], [2848.4750914249034, -5112.632152800023], [2853.368352504035, -5109.978376800437], [2856.9760958407314, -5108.916866400603], [2862.756778844626, -5109.359162400272], [2867.6500399225793, -5112.8975303999805], [2871.655879076949, -5117.320490400599], [2874.7660026430253, -5123.954930400348], [2878.2825156903073, -5136.947375400543], [2879.219699591542, -5151.8085210005775], [2877.8346578961605, -5168.792687400281], [2878.2825156903073, -5194.888151400392], [2879.219699591542, -5209.749297000427], [2881.890259027003, -5225.671953000296], [2885.88780451902, -5239.372071600119], [2893.0452355535867, -5255.604334800463], [2903.2215598648154, -5270.9520060006835], [2905.568666449668, -5274.435087000532], [2905.858944649687, -5275.551884400226], [2905.6598967414398, -5277.188379600494], [2905.759420695563, -5279.58783540025], [2906.754660236802, -5281.124814000141], [2908.6207343769192, -5281.732971000177], [2910.1716493287813, -5281.37913419997], [2911.6479213147554, -5282.086807800383], [2917.4368979810024, -5286.874662000552], [2931.718585399546, -5298.639735600546], [2945.063088916855, -5304.831879600626], [2955.7453266622347, -5315.446983600538], [2965.482086841669, -5327.56589400074], [2972.1999537456195, -5342.869335600443], [2974.430949051644, -5353.926735600025], [2972.58146223741, -5369.572956600591], [2965.0839910251734, -5387.972470200335], [2956.14342247873, -5400.97597260066], [2953.5143313562107, -5406.548902200574], [2926.335998213326, -5433.263580600065], [2918.7721776987332, -5440.782612600724], [2902.3092569518167, -5458.916748600509]]]}, "properties": {"name": "", "area": 30620.333326702006}}, {"type": "Feature", "geometry": {"type": "Polygon", "coordinates": [[[2307.678511956797, -5367.17350080005], [2298.3398475938584, -5366.067760800484], [2292.998728721758, -5364.077428800009], [2287.881538746142, -5359.875616800405], [2284.5143116306353, -5354.324801999963], [2283.6268897070518, -5348.132658000668], [2283.2122065646727, -5341.299184800165], [2286.7370132731285, -5332.88450340004], [2302.536440992945, -5306.125595400032], [2310.3158967416693, -5291.750975400182], [2316.1380480585053, -5284.254058200569], [2324.108258053125, -5276.934059400665], [2332.7834293889646, -5264.10747540005], [2334.151883758462, -5259.927778200704], [2332.6009688066006, -5257.937446200229], [2332.7834293889646, -5255.924999400282], [2334.3426380031788, -5255.040407400158], [2340.7951076965255, -5253.271223400697], [2352.588696261973, -5251.059743399995], [2366.4142322251955, -5249.312674200006], [2381.060840809646, -5249.7328554002015], [2412.203544791602, -5252.607779400015], [2419.3195075132267, -5254.155815400034], [2423.9888396946963, -5257.694183400529], [2426.4686448854404, -5263.466146200412], [2427.140431576071, -5271.206326200512], [2426.253009651309, -5281.821430200425], [2423.134592421701, -5320.3011822006965], [2421.135819675693, -5346.385588800679], [2420.4640329850617, -5358.991024800281], [2419.3526821638156, -5363.635132800341], [2416.9060516248387, -5366.5100568001535], [2414.0115632917154, -5368.279240800401], [2407.3434583654157, -5369.384980799966]]]}, "properties": {"name": "", "area": 13895.138064640574}}, {"type": "Feature", "geometry": {"type": "Polygon", "coordinates": [[[1550.3426892703778, -5280.372910799996], [1547.340383320778, -5280.262336800276], [1544.744466850026, -5281.467593400218], [1542.2231933451617, -5283.026686800367], [1537.545567500161, -5285.6804628007385], [1535.098936961184, -5288.113090800096], [1533.8797685234615, -5289.550552800396], [1532.0966310115843, -5289.882274800344], [1523.0897131616057, -5288.334238800324], [1516.0815680576359, -5287.339072800479], [1510.5248139514042, -5287.007350800531], [1507.6303256182807, -5286.343906800635], [1504.7358372863357, -5279.930614800328], [1504.6280196686807, -5277.055690800515], [1505.8471881075823, -5271.869770200409], [1510.1847737749126, -5264.2401642000295], [1520.0874072120057, -5249.64439620074], [1526.61451987124, -5240.444639400082], [1536.2102877824307, -5230.515094200325], [1564.7985436089332, -5198.338060200639], [1571.806688712903, -5189.16041820024], [1578.8148338168728, -5176.776130200081], [1584.2637703066282, -5166.282657600018], [1587.3821875362357, -5156.330997600002], [1591.7197732035663, -5141.07178560003], [1592.3832662318443, -5135.985381600301], [1591.9354084376976, -5131.672995600189], [1590.459136451723, -5128.775956800118], [1587.8217516668515, -5125.480851600109], [1584.3384132713372, -5123.026108800493], [1581.0375354593655, -5121.610761600452], [1576.9238786885192, -5121.500187600732], [1573.2497860482886, -5121.500187600732], [1566.9134276349494, -5120.615595600608], [1563.3554462735476, -5119.841577600205], [1562.2440954523013, -5118.514689600413], [1562.2440954523013, -5117.2983756003405], [1563.2393349947185, -5115.971487600548], [1565.4703302995638, -5114.644599599969], [1571.8813316787903, -5113.638376199996], [1581.783965115884, -5113.417228200554], [1589.8288180752124, -5113.870581600352], [1598.3547034792766, -5114.744116200347], [1623.857716727939, -5120.394447600381], [1643.1819511562117, -5124.021274800338], [1647.3287825788254, -5125.370277600388], [1650.8867639390487, -5127.913479600253], [1654.1959354145513, -5131.54030680021], [1656.8913758394272, -5136.095955600022], [1658.0856632889136, -5139.612208800258], [1658.4505844536413, -5143.393839600452], [1658.4505844536413, -5145.937041600317], [1657.1982413641515, -5147.905258800533], [1655.4151038534526, -5151.111904800294], [1653.3002198274366, -5156.640604800477], [1645.4378274504716, -5176.223260200691], [1644.9567950057362, -5180.303440800446], [1644.7411597716045, -5183.952382800661], [1645.3300098339953, -5187.391234199993], [1646.8809247858571, -5193.3622302006315], [1650.778946322572, -5210.5012002005715], [1652.1888690061899, -5221.647059400401], [1651.964940109706, -5227.839203400481], [1650.4140251578442, -5233.0361814007165], [1647.8844579894485, -5238.697570200094], [1644.3264766292257, -5243.56282620038], [1638.2057534500182, -5249.202100200285], [1633.3124923708856, -5252.961616200221], [1626.5282761645783, -5256.38941020021], [1584.1559526889732, -5271.869770200409], [1574.9251059425108, -5274.855268200728], [1567.3612854279177, -5276.071582200014], [1564.7985436089332, -5275.297564200397], [1563.3554462735476, -5274.4129722002735], [1562.1279841734722, -5274.191824200046], [1560.4609579416028, -5274.634120200501], [1559.4574247368328, -5275.961008200293], [1559.0178606062173, -5277.166264800236], [1557.7903985049632, -5278.272004800587], [1555.0120214518474, -5279.377744800152]]]}, "properties": {"name": "", "area": 14035.753654143773}}, {"type": "Feature", "geometry": {"type": "Polygon", "coordinates": [[[1608.680313721102, -4500.118537200418], [1606.5073740562605, -4496.469595200203], [1606.0429289374088, -4493.428810200023], [1606.0429289374088, -4489.857270000713], [1607.610431215154, -4486.374189000078], [1610.4302765823902, -4483.322346600555], [1615.597228534479, -4481.1661536004995], [1621.2286256065984, -4479.817150800448], [1625.6823225539363, -4479.9608970005565], [1627.7889129164216, -4480.027241400546], [1633.4949529532498, -4482.294008400323], [1637.0363469887677, -4484.992014000425], [1642.2032989408565, -4489.680351600216], [1650.1403342837089, -4494.600894600364], [1654.9091904193021, -4496.370078600611], [1659.138958470156, -4496.734972800161], [1663.0203926821657, -4495.474429200358], [1667.4740896295036, -4492.079807399972], [1671.42187314387, -4486.473705600455], [1676.1243799771069, -4481.630564400427], [1680.2795050620732, -4479.319567800133], [1685.1064168376706, -4478.600836800376], [1689.8338046591437, -4479.319567800133], [1694.3621445723693, -4481.46470340006], [1697.8454829678835, -4484.527603200498], [1700.1925895527363, -4488.099143400595], [1702.0254890410858, -4492.643734800276], [1703.518348354123, -4498.692132600248], [1703.5929913188318, -4507.936119000637], [1702.3074735787527, -4519.977627600719], [1700.4082247868678, -4530.426870600265], [1700.1511212386163, -4537.60312320006], [1700.1511212386163, -4546.5596172002315], [1701.6522742140057, -4559.994358200096], [1704.2730716729936, -4566.661970400232], [1706.9685120966908, -4574.5790688000425], [1707.9305769873408, -4580.174113200216], [1707.6402987873216, -4586.797495800621], [1706.114264823696, -4594.780938600421], [1703.3607687599952, -4603.118218200428], [1702.3489418928727, -4606.568127000674], [1701.1463607798548, -4609.21084560013], [1699.8359620503609, -4610.051208000523], [1698.0362372125999, -4610.405044800729], [1694.8265896923997, -4610.305528200352], [1689.7259870426674, -4607.983474200715], [1682.2202221680782, -4601.172115800469], [1669.6387356319929, -4589.539731000455], [1661.3284854608812, -4578.559732800206], [1655.4068101899215, -4567.712423400723], [1653.416331107444, -4561.155385200307], [1652.752838079166, -4552.630129800461], [1651.0277562084711, -4541.849164800182], [1648.282553805944, -4532.992187400388], [1643.9947301150864, -4525.04191680019], [1637.8325386217589, -4519.247839200048], [1627.1171262257908, -4513.4205894003035], [1617.9609224452156, -4508.157267000079], [1611.898254906012, -4503.8559384000955]]]}, "properties": {"name": "", "area": 6896.058631537482}}, {"type": "Feature", "geometry": {"type": "Polygon", "coordinates": [[[1679.5745437208534, -4427.294500800276], [1675.983387708863, -4423.623444000587], [1671.0486583156107, -4415.717403000121], [1668.2371066107273, -4411.360787400278], [1664.9776971128756, -4408.695954000564], [1660.980151622037, -4407.99933780028], [1657.1235983994425, -4408.795470600156], [1651.2185104531875, -4411.615107600107], [1640.8182572454748, -4418.315892000632], [1633.8018184791524, -4423.103746200014], [1629.1158989717992, -4425.381570600705], [1624.0816456244231, -4426.7084586004985], [1619.35425780295, -4426.50942540053], [1615.7299271403706, -4425.248881800727], [1613.7062734061253, -4422.838368600056], [1612.9266690978395, -4419.487976400186], [1613.5072254978777, -4415.142418200473], [1615.6221095227154, -4410.1665882004645], [1618.8068760558579, -4405.666226400514], [1623.5757321914514, -4401.398070000133], [1631.9440380013878, -4395.670336799981], [1646.217431757579, -4387.985443800527], [1649.9578737013449, -4384.933601400218], [1652.7860127309334, -4380.908707800323], [1654.270578380439, -4373.0137241999855], [1654.3783959969153, -4362.221701800363], [1656.0620095546685, -4354.713727200619], [1659.0643155042687, -4348.842247800359], [1662.7715827962668, -4344.341886000407], [1667.5072642812713, -4340.869862400687], [1674.2417185111058, -4337.80696260025], [1680.5034339585573, -4336.1483526005095], [1697.140521625485, -4335.927204600282], [1700.2838198445074, -4336.2478692001005], [1701.660567876358, -4336.546419000447], [1703.6178723082467, -4338.138684600198], [1705.8654549389755, -4340.748231000052], [1706.5289479660753, -4344.950043000443], [1706.2054951154676, -4353.563757600537], [1704.4223576035904, -4376.109796200026], [1703.974499810622, -4387.87486980002], [1704.5467625459505, -4395.703509000368], [1706.6284719201992, -4403.04562260053], [1707.9471643132247, -4413.063627000536], [1707.7232354155617, -4416.601995000245], [1706.1723204636999, -4420.582659000408], [1703.0539032340926, -4424.5633230005715], [1698.1606421561387, -4426.995951000716], [1692.8195232840385, -4427.880543000053], [1685.7035605624137, -4428.543987000736]]]}, "properties": {"name": "", "area": 5194.600273232441}}, {"type": "Feature", "geometry": {"type": "Polygon", "coordinates": [[[-3029.9819027857206, 667.5573527993823], [-3048.551413895122, 657.2850281995472], [-3078.599354382894, 632.0078117995693], [-3101.8299040114125, 602.0533151999293], [-3111.525195877906, 580.7567627993293], [-3112.512141755613, 567.134045999625], [-3111.95646634499, 560.0683673995507], [-3107.1710228835123, 556.6405733995626], [-3098.6036691653285, 555.8665553999455], [-3090.1690140518567, 563.9605721994662], [-3085.5909121609798, 572.7733199995293], [-3079.9180467747406, 578.6226845995318], [-3065.7939389503244, 583.930236599488], [-3045.6735128890614, 603.7340399999287], [-3024.8647128101043, 621.4922244000342], [-3009.405325267958, 634.6394729996817], [-3004.395952908818, 651.0928841994674], [-3010.2927471915414, 669.4371107993504], [-3017.3008922955114, 672.0908867997214]]]}, "properties": {"name": "", "area": 5216.564906353364}}, {"type": "Feature", "geometry": {"type": "Polygon", "coordinates": [[[-2553.9256554852127, 411.0367301997951], [-2544.421117865794, 414.4645241997832], [-2534.3526111710416, 416.3442821997513], [-2523.8943023245038, 418.0028921994921], [-2513.776033653279, 416.6760041996995], [-2508.551026061186, 417.67117019954395], [-2499.535814548855, 415.90198619929663], [-2495.0904112638696, 416.45485619947215], [-2492.41985182723, 415.1279681996795], [-2491.4163186236387, 412.41890519944815], [-2490.7528255953603, 408.93582419959967], [-2495.0904112638696, 397.778907599641], [-2496.6496198780837, 392.20597799972626], [-2496.309579701592, 380.88320039940066], [-2495.9197775474495, 377.23425839997094], [-2497.3711685463663, 373.64060339961594], [-2500.6471653701014, 371.7608453996478], [-2505.1008623174394, 370.72144979928646], [-2509.4965036247736, 371.20797539947233], [-2513.494049116791, 366.68549879926246], [-2519.2249701418555, 369.1734137992665], [-2529.401294453084, 374.1934733997914], [-2534.9663422216686, 374.85691739968775], [-2540.35722307142, 376.4602403995681], [-2543.641513557508, 377.4554063994126], [-2547.813225968358, 377.068397399604], [-2548.808465510775, 379.61159939946845], [-2550.757476279133, 380.88320039940066], [-2557.1518903324754, 381.7677923995243], [-2562.600826821052, 382.54181039992716], [-2565.9431729483226, 386.67727799954275], [-2567.610199180192, 396.1202975999002], [-2567.3862702825295, 399.2163695999401], [-2564.4917819505845, 402.0912935997527], [-2563.380431129338, 405.68494859932207]]]}, "properties": {"name": "", "area": 2835.5434837413486}}, {"type": "Feature", "geometry": {"type": "Polygon", "coordinates": [[[5051.645157872781, -4750.026834600515], [5052.756508694027, -4747.815354600599], [5053.428295383479, -4689.222192000197], [5053.876153177625, -4681.924308000552], [5056.322783716602, -4676.837904000037], [5059.8807650780045, -4673.962980000224], [5064.102239465326, -4671.530352000081], [5070.115145028059, -4670.866908000185], [5075.447970237806, -4671.088056000412], [5095.69280124143, -4669.318872000164], [5138.629093790011, -4669.540020000391], [5163.095399183314, -4669.097724000722], [5170.211361903761, -4667.5607454000465], [5175.452956821737, -4668.036213600103], [5179.782248826715, -4668.44533740017], [5190.232264012078, -4670.866908000185], [5193.798539034655, -4671.972648000536], [5195.133818752385, -4676.17446000014], [5195.349453986516, -4680.376272000532], [5193.350681241686, -4686.347268000384], [5189.950279474412, -4689.100560600346], [5186.458647416545, -4690.327932000548], [5182.004950469207, -4690.327932000548], [5173.553708029852, -4689.00104399997], [5168.436518055414, -4688.7798960005275], [5159.313488925429, -4690.770228000217], [5131.504837406033, -4696.077780000172], [5122.547681533706, -4699.715664600259], [5113.491001707254, -4706.0294400001885], [5101.257849011192, -4719.077172000245], [5093.627679193064, -4729.791792600535], [5087.4654876997365, -4735.4310666004385], [5082.572226621784, -4740.296322600726], [5080.125596081628, -4746.930762600475], [5078.34245856975, -4750.026834600515], [5075.67189913429, -4752.459462600658], [5075.00840610719, -4756.882422600491], [5075.224041340143, -4761.305382600323], [5073.158919291778, -4764.279823200513], [5069.667287233911, -4766.391786600052], [5064.7740261559575, -4767.939822600072], [5060.544258105104, -4767.939822600072], [5057.956635297884, -4767.309550800564], [5055.77540196951, -4766.7566808003885], [5054.332304634125, -4764.125019600276], [5051.429522638648, -4764.843750600033], [5047.863247614894, -4766.391786600052], [5044.529195151155, -4769.266710600651], [5042.530422406326, -4768.824414600196], [5043.127566131068, -4760.973660600375], [5043.193915433425, -4757.32471860016], [5047.199754587795, -4755.555534600699], [5049.356106926753, -4753.443571200373]]]}, "properties": {"name": "", "area": 6359.776785068214}}, {"type": "Feature", "geometry": {"type": "Polygon", "coordinates": [[[5017.325981020035, -4863.276725400101], [4966.328248186242, -4863.818538000147], [4958.888832614008, -4862.358961200375], [4947.9826659733235, -4862.801257200044], [4945.312106536684, -4863.464701200726], [4943.976826818954, -4865.233885200188], [4941.090632149361, -4866.339625200539], [4938.420072712722, -4865.233885200188], [4937.308721891475, -4862.137813200148], [4937.748286022091, -4858.820593200667], [4941.090632149361, -4856.166817200296], [4942.359562564735, -4853.391409800074], [4943.313333791854, -4848.205489199968], [4945.983893227315, -4838.0326812005105], [4953.7052933360355, -4815.353953800257], [4953.09985594894, -4810.3891812003785], [4953.920928570167, -4807.834921800385], [4953.987277872523, -4803.533593200403], [4955.322557591433, -4796.910210599997], [4957.769188130409, -4774.35311460038], [4959.77625453877, -4763.0745666005705], [4962.156535775391, -4758.972271200557], [4964.669515617903, -4756.440126600037], [4970.6741275171025, -4754.892090600017], [4979.954736241217, -4754.328163200497], [4983.80299580028, -4753.5652026002235], [4988.472327982929, -4753.5652026002235], [4996.923570421104, -4754.449794600348], [5001.816831500237, -4754.007498600678], [5006.270528447575, -4753.5652026002235], [5021.398169476761, -4753.786350600451], [5027.626710273624, -4754.670942600575], [5032.296042455093, -4756.440126600037], [5034.74267299407, -4757.988162600056], [5036.077952712979, -4762.8534186003435], [5037.413232430709, -4777.891482600088], [5036.965374636563, -4794.256434600412], [5034.74267299407, -4800.216373200135], [5031.848184660947, -4808.841145200358], [5031.184691633846, -4817.244769200354], [5031.624255764463, -4826.532985200474], [5032.296042455093, -4834.715461200243], [5031.40862053033, -4844.888269200486], [5029.177625225485, -4854.618781200275], [5027.8423455077545, -4858.157149199984], [5025.171786071115, -4860.589777200128], [5020.950311683792, -4862.358961200375]]]}, "properties": {"name": "", "area": 8859.18876389414}}, {"type": "Feature", "geometry": {"type": "Polygon", "coordinates": [[[-2807.496103307032, -227.4728328003294], [-2818.1783410512326, -279.6195312000366], [-2740.7652920569562, -274.3119792000804], [-2740.7652920569562, -223.93446480062047]]]}, "properties": {"name": "", "area": 3670.935395220644}}, {"type": "Feature", "geometry": {"type": "Polygon", "coordinates": [[[-2536.9982896194447, -208.0228662000954], [-2535.2151521075675, -236.30769540065097], [-2507.630429484656, -233.65391940028002], [-2510.300988921296, -221.28068880024955], [-2523.6454924386044, -210.67664220046635]]]}, "properties": {"name": "", "area": 593.0338152613258}}, {"type": "Feature", "geometry": {"type": "Polygon", "coordinates": [[[-45.23363715578295, -5470.571248199997], [-40.9789881166927, -5470.217411400576], [-36.08572703756053, -5468.890523399998], [-33.19953236796819, -5466.679043400081], [-30.081115138360612, -5462.919527400145], [-26.970991571105603, -5456.727383400065], [-22.293365727283536, -5443.016207400113], [-17.847962442298105, -5432.401103400201], [-6.950089463966021, -5413.824671400746], [2.1729396660200786, -5390.604131400447], [5.623103409766771, -5380.309692000354], [6.842271847489575, -5373.3545874], [7.5140585381203735, -5363.402927399984], [7.290129641636307, -5316.088312800177], [7.066200743973641, -5305.694356800492], [5.730921026243218, -5299.059916800743], [3.06036159078237, -5293.0889208001045], [1.061588844773721, -5288.002516800376], [-1.8328994883497927, -5278.05085680036], [-11.619421645435517, -5256.820648800534], [-16.736611621051747, -5243.109472800582], [-18.51145546939773, -5235.148144800255], [-19.183242160028527, -5229.188206200532], [-17.176175751667305, -5219.2365462005155], [-16.288753826905015, -5209.948330200396], [-16.736611621051747, -5205.967666200232], [-18.735384365881796, -5203.756186200316], [-21.18201490603718, -5202.650446199965], [-31.19246595960697, -5201.5447062004], [-44.09740534630027, -5202.650446199965], [-49.878088349016124, -5204.198482199985], [-53.65999860690193, -5206.409962200687], [-57.217979967125075, -5209.7271822001685], [-59.44897527197036, -5215.255882200352], [-60.4442148132091, -5221.9898388004785], [-60.89207260735583, -5230.161257400118], [-59.780721786109474, -5256.035573400002], [-58.66937096486311, -5336.754593400482], [-57.88976665775587, -5420.901407400164], [-57.441908863609136, -5438.150951400611], [-55.88270024821605, -5457.611975400189], [-54.77134942814829, -5465.131007400061], [-52.996505578623704, -5467.563635400205], [-50.52499405141061, -5469.808287600509]]]}, "properties": {"name": "", "area": 13975.470578327193}}, {"type": "Feature", "geometry": {"type": "Polygon", "coordinates": [[[-527.6511238578661, -5164.248096000598], [-577.9273080245563, -4919.691580200189], [-578.3751658175244, -4913.05714020044], [-576.1524641750317, -4909.076476200276], [-568.5886436604387, -4906.86499620036], [-537.445939678483, -4901.115148200734], [-531.2173988816204, -4901.115148200734], [-528.986403576775, -4904.211220199989], [-488.05717743655504, -5100.126233400012], [-477.82279748532255, -5146.998552000151], [-476.4875177675921, -5151.863808000438], [-473.3773942003371, -5155.402176000147], [-469.819412840114, -5156.729064000726], [-464.03043617504557, -5156.729064000726], [-360.81580206973547, -5135.94115200057], [-341.6823218861796, -5132.413841400205], [-336.7890608070474, -5132.413841400205], [-334.11850137158655, -5135.056560000446], [-331.8957997290938, -5139.921816000733], [-325.2194011380845, -5173.094016000263], [-325.2194011380845, -5177.95927200055], [-326.115116726378, -5181.497640000259], [-330.11266221721667, -5183.266824000507], [-506.30323569534863, -5221.746575999992], [-511.19649677330216, -5221.304280000323], [-516.0897578524343, -5218.208208000284], [-518.3124594949271, -5211.13147200008]]]}, "properties": {"name": "", "area": 24228.45922811574}}, {"type": "Feature", "geometry": {"type": "Polygon", "coordinates": [[[1208.0549299959239, -4958.801603999969], [1206.752824929961, -4954.113266400178], [1207.0431031288015, -4949.19272340003], [1208.7847723265586, -4944.12843420056], [1213.736089044516, -4939.6391298007375], [1216.356886503504, -4937.615625600661], [1220.7193531602493, -4931.832605400648], [1225.6706698793853, -4925.762092800418], [1229.4525801360926, -4923.1525464005645], [1237.5969570495452, -4921.272788400596], [1265.6875931054283, -4914.184995000263], [1272.2395867528987, -4910.137986600111], [1447.7417862156947, -4871.514488400516], [1450.5948062335196, -4870.397691000036], [1455.1646144620438, -4868.617449600445], [1241.5281532380275, -4915.489768200583], [1231.1942493338497, -4918.519495800634], [1227.27134680772, -4919.968015200277], [1224.9408275487506, -4921.272788400596], [1222.759594220378, -4923.008800200456], [1222.3200300897624, -4925.319796799964], [1218.5381198318767, -4929.665355000463], [1215.768036442292, -4933.137378600182], [1211.8451339161622, -4935.160882800259], [1207.0431031288015, -4939.35163740052], [1203.543177408582, -4943.409703200017], [1198.7411466212213, -4945.720699800311], [1196.8501914928677, -4949.048977200708], [1193.7981235656164, -4955.1858342001415], [1201.113134195489, -4957.032420000507]]]}, "properties": {"name": "", "area": 684.916651610285}}, {"type": "Feature", "geometry": {"type": "Polygon", "coordinates": [[[379.4433688203194, -5114.2797054004195], [377.84269189080624, -5113.848466800094], [376.3913008930682, -5112.831185999991], [376.8225713613312, -5111.382666600349], [378.86281242028133, -5110.8076818007], [386.13635473603387, -5109.790401000597], [403.02225228768214, -5106.030885000661], [418.0089010486242, -5101.408891800073], [431.3948728812317, -5098.655599200111], [434.01567034021997, -5098.655599200111], [435.7656332003296, -5099.816626200322], [436.05591139917004, -5101.840130400399], [435.90662546857357, -5106.616927200438], [431.3948728812317, -5126.575534200331], [428.92336135284, -5134.680608399981], [427.3226844233269, -5137.710336000031], [425.2824433643768, -5138.583870600026], [423.2504959666006, -5137.4228436006], [415.82766772025155, -5129.030277000733], [404.3326510171762, -5119.200248400567], [400.11117662985345, -5116.734448200035], [396.76053684023066, -5115.871971000171]]]}, "properties": {"name": "", "area": 1033.5462185973302}}, {"type": "Feature", "geometry": {"type": "Polygon", "coordinates": [[[1178.8114748046742, -4991.199786000668], [1175.311549084455, -4990.481055000125], [1172.6990452878194, -4988.01525480038], [1170.219240097075, -4986.566735400736], [1169.1991195676, -4982.519727000584], [1170.509518297094, -4978.90395719997], [1171.0983683594848, -4972.10365620064], [1171.0983683594848, -4962.273627600474], [1172.1101952266072, -4959.232842600294], [1174.5900004173516, -4956.623296200441], [1178.2226247434623, -4955.32958040025], [1189.1370850464996, -4954.599792000364], [1193.7981235656164, -4955.1858342001415], [1201.113134195489, -4957.032420000507], [1208.0549299959239, -4958.801603999969], [1210.9660056549312, -4961.975077800128], [1213.00624671506, -4966.751874600167], [1214.1673595127788, -4972.833444600526], [1214.026367244535, -4979.478942000404], [1211.9861261844062, -4983.968246400226], [1208.4944941265394, -4987.440270000731], [1203.8417492709536, -4989.607520400131], [1191.3266120384033, -4992.217066799984], [1186.814859449883, -4992.0622632005325], [1183.3232273920162, -4990.9122936004505], [1181.42397860131, -4990.768547400342]]]}, "properties": {"name": "", "area": 1410.468981992919}}, {"type": "Feature", "geometry": {"type": "Polygon", "coordinates": [[[344.4358179510591, -5284.762698600227], [341.674028223827, -5283.900221400362], [340.21434356373635, -5282.73919440015], [339.78307309547336, -5281.0031826002905], [340.94418589319235, -5279.123424600322], [350.69753339968923, -5274.202881600175], [362.0432641709894, -5270.443365600239], [369.4660924173385, -5269.282338600027], [376.74792839544364, -5270.155873200022], [385.62214763953074, -5273.052912000093], [396.826886142587, -5279.698409399971], [404.8302707877956, -5287.659737400299], [409.34202337631604, -5293.730250000528], [410.80170803640664, -5298.075808200241], [410.6524221058101, -5301.835324200178], [408.90245924570047, -5305.307347800683], [404.8302707877956, -5308.779371400402], [399.2983976709787, -5310.227890800044], [394.9359310142334, -5310.227890800044], [392.8956899541047, -5309.210610000728], [391.1540207575262, -5307.330851999974], [389.40405789623793, -5303.140097400498], [387.9526668984999, -5292.580280400446], [386.4929822384093, -5288.964510600618], [384.1707566417927, -5286.929949000412], [380.82011685216986, -5285.636233200222], [355.209285987031, -5285.492487000113]]]}, "properties": {"name": "", "area": 1183.8696586180013}}, {"type": "Feature", "geometry": {"type": "Polygon", "coordinates": [[[141.7221106947897, -5041.533070800396], [139.66528230995587, -5033.140504200529], [138.23047863692295, -5024.548904400694], [135.55162553793093, -5017.184676000273], [131.8443582471113, -5013.093438000388], [127.10867676210681, -5011.667033400218], [111.47512229994885, -5011.667033400218], [94.59751840947456, -5010.848785800084], [85.12615544064421, -5010.229571400705], [79.77674290619133, -5011.047819000053], [74.63467194233878, -5013.303528600487], [69.69164888673399, -5016.985642800304], [65.98438159473574, -5022.503285400358], [63.52116372987521, -5032.322256600395], [62.492749536868985, -5047.669927800615], [64.13489478050221, -5068.126117800038], [66.81374787949422, -5076.308593800592], [72.57784355632633, -5083.871855400195], [77.09788980719932, -5087.764060200111], [86.36191120542935, -5090.417836200482], [105.50368505133783, -5092.673545800129], [114.35302330718862, -5091.446174400714], [118.88136322041417, -5088.582307800245], [122.78767841948157, -5082.854574600093], [125.05184837609436, -5073.4447272001225], [127.73070147508638, -5068.535241600104], [132.6654308683386, -5065.2622512003545], [137.6084539239434, -5059.125394200135], [141.10837964416274, -5052.369322800536]]]}, "properties": {"name": "", "area": 5364.204009909561}}, {"type": "Feature", "geometry": {"type": "Polygon", "coordinates": [[[-503.9975974246158, -5221.768690800251], [-508.1112541954621, -5222.376847800287], [-511.30431439095724, -5221.66917420066], [-513.8753498722942, -5220.132195599983], [-516.8361875089527, -5214.172257000259], [-557.2926748656112, -5017.151503800671], [-577.9604826751452, -4916.473876800299], [-577.9604826751452, -4913.576838000227], [-575.3396852161569, -4909.529829600075], [-571.2674967594307, -4907.793817800215], [-536.9234389184487, -4900.849770599991], [-531.9721222004913, -4900.849770599991], [-529.351324741503, -4902.298290000419], [-526.7388209448675, -4907.207775600437], [-478.71021941008485, -5150.2383702003], [-476.08942195109665, -5155.147855800318], [-473.1783462920894, -5156.883867600178], [-466.4853603763749, -5158.044894600389], [-454.260501342665, -5156.021390400312], [-343.08395090626635, -5132.292210000354], [-335.80211492933984, -5132.292210000354], [-332.6007610703135, -5134.315714200431], [-331.1493700725755, -5141.558311200216], [-324.74666235688005, -5173.9564932001285], [-322.4161430967323, -5177.716009200065], [-323.28697769561086, -5179.595767200032], [-325.3272187557396, -5180.756794200244], [-335.2215585293017, -5184.660056400288], [-463.7235706491428, -5211.418964400297], [-488.4635669154031, -5217.788026800087]]]}, "properties": {"name": "", "area": 23972.43253010302}}, {"type": "Feature", "geometry": {"type": "Polygon", "coordinates": [[[1018.0719952063363, -5296.417198200501], [1027.0955003821985, -5302.9300068003995], [1037.1391260875357, -5307.994296000656], [1046.4529094622385, -5311.024023600706], [1057.7986402347174, -5312.472543000349], [1064.4999198127844, -5314.208554800209], [1071.4831839285177, -5314.208554800209], [1076.2852147158787, -5312.760035400565], [1079.4865685737263, -5310.305292600164], [1080.7969673032205, -5305.815988200341], [1080.647681372624, -5301.050248800431], [1077.595613445373, -5286.001127400557], [1077.8858916442134, -5278.482095400685], [1079.33728264313, -5264.30650860002], [1079.1962903737074, -5257.937446200229], [1078.0268839136359, -5253.304395600298], [1075.4143801170003, -5250.13092180014], [1072.503304457993, -5248.538656200389], [1069.1526646695488, -5247.808867800502], [1058.3874902959294, -5248.682402400497], [1051.2549402495995, -5248.09636020072], [1048.7834287212077, -5247.808867800502], [1042.6709992055314, -5248.682402400497], [1038.3002388852549, -5248.969894800714], [1035.2481709591823, -5249.4011334002535], [1031.8975311695594, -5250.9933990000045], [1030.1558619718023, -5254.321676400401], [1028.1156209116737, -5260.978231200409], [1025.204545253845, -5265.60022440021], [1020.253228534709, -5269.227051600167], [1014.5803631496481, -5273.130313800212], [1011.379009290622, -5276.889829800148], [1010.2178964929028, -5280.793092000193], [1010.2178964929028, -5285.138650200693], [1011.2297233600253, -5289.041912400737], [1014.8706413484886, -5293.52015940043]]]}, "properties": {"name": "", "area": 3611.957805152517}}, {"type": "Feature", "geometry": {"type": "Polygon", "coordinates": [[[905.8753242404628, -5374.106490600145], [902.3753985202434, -5373.520448400367], [899.7628947236076, -5372.071929000725], [898.4524959941136, -5369.329693800106], [898.4524959941136, -5364.840389400283], [899.7628947236076, -5358.040088400167], [900.4844433907112, -5341.553504999994], [899.3233305929921, -5331.281180400159], [899.3233305929921, -5321.008855800324], [900.1941651918708, -5315.944566600068], [902.0851203202243, -5313.489823800452], [904.5649255109685, -5311.897558200701], [907.6169934382199, -5311.897558200701], [911.3989036949268, -5313.058585200126], [915.4793858151845, -5313.63357000056], [918.0918896106414, -5315.082089400203], [949.5331654561473, -5347.624017600224], [953.4560679822771, -5350.233564000078], [955.9358731730213, -5352.8320530005885], [957.826828301375, -5356.447822800416], [961.7580244898573, -5360.649634800022], [966.4107693454431, -5363.1043776004235], [971.5030783328231, -5364.552897000066], [974.9947103906896, -5364.265404600635], [979.9460271086471, -5362.385646600667], [983.727937366533, -5357.896342200059], [990.8604874128629, -5350.233564000078], [992.3118784106009, -5349.216283199975], [994.5014054013262, -5349.503775600192], [997.4041873968022, -5351.825829600615], [999.3034361886871, -5354.568064800448], [999.5937143887061, -5356.746372599977], [998.7145861262965, -5360.063592600244], [995.3722400002047, -5365.713924000278], [991.7313220117414, -5368.898455200566], [988.3889758844712, -5371.065705599965], [985.4779002266425, -5371.640690400399], [973.5433193929517, -5372.215675200047], [952.2949551833796, -5370.778213200534], [934.1069525645896, -5371.353198000182], [910.8183472960675, -5373.664194600476]]]}, "properties": {"name": "", "area": 3040.424222089816}}, {"type": "Feature", "geometry": {"type": "Polygon", "coordinates": [[[436.79404739333586, -5234.7279636000585], [434.46352813318805, -5235.734187000033], [431.851024337731, -5235.015456000276], [432.2822948048154, -5228.502647400377], [432.2822948048154, -5223.294612000012], [434.32253586494414, -5210.855036999992], [436.0642050627012, -5204.054736000662], [437.66488199103577, -5190.310387800322], [438.39472432167037, -5187.855645000706], [439.8544089829396, -5186.119633200061], [441.8863563795371, -5185.389844800175], [444.50715383852537, -5185.389844800175], [446.257116698635, -5186.407125600278], [450.4785910871364, -5190.454134000431], [458.1916975323259, -5195.805915600118], [475.5088655534158, -5202.031231800585], [483.80252839746476, -5205.215763000088], [484.82264892811844, -5203.623497400337], [486.5643181258755, -5203.192258800012], [489.91495791431976, -5204.3422284000935], [494.1364323028211, -5204.928270600657], [496.31766563119373, -5206.36573260017], [498.20862075954733, -5207.239267200164], [501.99053101743317, -5206.808028600625], [546.6684927625929, -5187.125856600034], [558.1635094656682, -5182.503863400233], [562.2439915859256, -5181.055344000591], [565.7356236437925, -5180.624105400265], [568.9369775016402, -5181.48658260013], [570.2473762311342, -5183.366340600098], [570.5376544299747, -5185.688394600521], [569.6585261687436, -5187.855645000706], [565.5863377120173, -5192.4776382005075], [546.2289286319774, -5206.664282400517], [506.6515695353715, -5237.470198800678], [496.31766563119373, -5245.719019200436], [492.2454771744675, -5248.173762000053], [488.7455514530696, -5249.76602760059], [486.71360405647204, -5250.495816000475], [484.96364119636235, -5251.50203940045], [482.7824078679897, -5250.639562200584], [481.91157326911116, -5249.191042800156], [481.03244500788, -5246.8800462006475], [474.7790232227811, -5242.103249400609], [466.48536037755355, -5232.693402000639], [461.9736077902117, -5229.376182000372], [457.6028474711138, -5227.640170200512], [452.800816683753, -5227.054128000735], [448.58763595878276, -5227.640170200512], [444.2168756385063, -5230.094913000128]]]}, "properties": {"name": "", "area": 4232.303879944142}}, {"type": "Feature", "geometry": {"type": "Polygon", "coordinates": [[[-2402.549721239229, -4411.946829600056], [-2405.3280982923447, -4411.062237600718], [-2408.3221105795924, -4409.635833000548], [-2409.6656839608536, -4408.1873136001195], [-2411.332710192723, -4405.644111600255], [-2412.1123144998305, -4403.10090960039], [-2412.1123144998305, -4400.557707600526], [-2411.7805679856915, -4398.5673756000515], [-2410.3291769879534, -4396.588101000491], [-2408.877785990215, -4395.261213000699], [-2405.8754800406155, -4394.266047000069], [-2398.42777080603, -4393.259823600095], [-2391.535736980889, -4392.485805600478], [-2387.5216041641665, -4391.612271000484], [-2384.5275918769194, -4389.942603600613], [-2381.964850057935, -4387.299885000371], [-2379.626037136613, -4383.993722400234], [-2377.743375670612, -4379.0068350000965], [-2376.7398424658422, -4372.925265000523], [-2376.6320248493657, -4368.944601000359], [-2376.3002783352267, -4366.290824999989], [-2376.5159135693584, -4363.637049000404], [-2377.6272643906045, -4359.877533000467], [-2377.967304567096, -4355.896869000304], [-2378.0751221835726, -4343.954877000599], [-2377.411629156473, -4335.230588399998], [-2376.0763494387425, -4329.259592400145], [-2374.0692830303815, -4323.741949800091], [-2371.846581387889, -4320.41367240048], [-2367.7246309535108, -4317.328657800569], [-2367.401178102903, -4315.327268399966], [-2365.7258582075024, -4316.112343800498], [-2363.942720696804, -4315.559473800322], [-2361.50438382018, -4314.884972400297], [-2357.830291179949, -4314.453733799971], [-2353.268776614956, -4314.23258580053], [-2348.8150796676177, -4314.785455800705], [-2344.3696763826324, -4316.001769799991], [-2340.596059788278, -4318.202192400564], [-2337.2537136610076, -4321.9727658006295], [-2334.467042945539, -4327.169743800079], [-2332.6921990960145, -4327.379834400177], [-2333.803549917261, -4329.049501800047], [-2332.4765638630615, -4331.913368400516], [-2331.6969595547757, -4335.120014400277], [-2331.6969595547757, -4338.094455000467], [-2332.4765638630615, -4341.632823000175], [-2334.0274788149236, -4346.166357000515], [-2337.5854601751466, -4352.1373530003675], [-2343.7061833543544, -4358.771793000116], [-2350.382581944185, -4365.074511000703], [-2353.716634407924, -4369.6080450002555], [-2355.939336050417, -4373.69928300014], [-2357.1667981516707, -4377.348225000355], [-2357.830291179949, -4381.107741000292], [-2358.170331356441, -4387.620549600191], [-2357.946402458778, -4395.139581600063], [-2358.054220076433, -4398.8990976], [-2359.281682177687, -4402.548039600215], [-2361.0565260260328, -4405.876317000611], [-2363.9510143591565, -4408.519035600068], [-2367.5089957193795, -4410.509367600542], [-2371.954399004365, -4411.736739000743], [-2378.746908874203, -4412.499699600231], [-2394.5380429316674, -4413.052569600406], [-2399.207375113137, -4412.610273600738]]]}, "properties": {"name": "", "area": 3527.772478583269}}, {"type": "Feature", "geometry": {"type": "Polygon", "coordinates": [[[-1462.230815204839, -4235.293807200426], [-1466.2366543592088, -4237.5052872003425], [-1472.0173373619245, -4240.280694600564], [-1472.4651951548926, -4244.02915320037], [-1470.9059865406782, -4248.230965199976], [-1468.0114982075547, -4253.416885800082], [-1464.2295879496687, -4255.971145200076], [-1458.8967627410998, -4260.493621800286], [-1456.2262033044603, -4261.720993200486], [-1453.1077860748528, -4260.493621800286], [-1453.1077860748528, -4258.503289800597], [-1451.7725063571222, -4256.634589199972], [-1449.9976625087763, -4257.298033200654], [-1448.88631168753, -4258.724437800039], [-1449.5498047146295, -4263.810841800553], [-1448.6623827898675, -4268.012653800158], [-1450.6611555358759, -4270.887577799971], [-1451.7725063571222, -4274.425945800465], [-1452.6682219442373, -4276.316761200563], [-1454.4430657925832, -4277.422501200128], [-1457.1136252292226, -4277.964313800174], [-1459.7841846646834, -4276.759057200232], [-1461.5590285142082, -4275.3105378005885], [-1463.5660949225692, -4275.3105378005885], [-1464.6774457438157, -4276.858573800609], [-1467.3480051792765, -4277.743165800733], [-1471.5694795677778, -4278.627757800071], [-1476.023176515116, -4278.406609800629], [-1479.1333000823709, -4276.637425800382], [-1480.2446509036172, -4272.43561379999], [-1480.916437594248, -4267.691989200339], [-1482.9152103402566, -4264.15362120063], [-1486.697120596964, -4261.05754920059], [-1489.8155378265715, -4257.519181200096], [-1494.0370122150728, -4254.74377380066], [-1498.0428513694428, -4253.19573780064], [-1501.3851974955342, -4249.657369800146], [-1504.7192499592734, -4248.109333800126], [-1505.8306007805197, -4245.013261800086], [-1506.4940938076193, -4241.165286600687], [-1508.0533024230124, -4235.6365866005035], [-1511.8352126797197, -4230.870847200594], [-1515.17755880699, -4228.4382192004505], [-1515.6171229376055, -4224.236407200059], [-1514.7297010128432, -4220.034595200454], [-1514.9536299093272, -4214.948191200725], [-1512.5069993703505, -4208.8776786004955], [-1512.5069993703505, -4206.102271200274], [-1511.1717196526201, -4202.785051200007], [-1508.5011602159807, -4200.031758600045], [-1503.831828034511, -4196.814055200155], [-1501.1612685990503, -4192.402152600452], [-1500.4894819084195, -4187.094600600495], [-1500.2655530119355, -4181.787048600539], [-1502.7121835509122, -4174.268016600667], [-1505.1671077534202, -4167.191280600463], [-1508.0533024230124, -4161.883728600506], [-1512.5069993703505, -4159.451100600363], [-1516.952402655336, -4156.797324599992], [-1520.510384015559, -4152.595512600387], [-1521.4060996026737, -4147.520166000002], [-1521.6217348368054, -4138.453098000109], [-1522.7330856580518, -4132.260954000029], [-1524.740152066413, -4129.164881999989], [-1529.1855553513983, -4127.29618140015], [-1535.4140961482608, -4125.847662000508], [-1538.972077508484, -4123.636182000591], [-1541.6426369451235, -4122.972738000695], [-1545.2089119676994, -4121.325185400298], [-1546.0963338924616, -4118.770926000304], [-1545.2089119676994, -4114.7902620001405], [-1542.3144236357543, -4112.136486000555], [-1537.8607266872377, -4109.703858000412], [-1534.0788164305304, -4107.503435400625], [-1533.4153234022524, -4105.2919554007085], [-1535.1984609141296, -4103.743919400688], [-1538.3085844813845, -4103.9650674001305], [-1541.203072814508, -4105.2919554007085], [-1542.7539877663698, -4106.397695400274], [-1545.4245472018308, -4106.397695400274], [-1549.8782441503474, -4102.980958800415], [-1552.548803585808, -4098.779146800024], [-1555.2193630224479, -4093.349963400218], [-1556.3307138436942, -4087.6001154005926], [-1556.1067849460312, -4082.7348594003056], [-1554.3236474353328, -4079.8599354004928], [-1554.547576331817, -4075.658123400102], [-1555.2193630224479, -4071.799090800574], [-1552.3248746893241, -4057.977340800115], [-1553.2122966140864, -4049.695348199969], [-1555.6589271530634, -4039.622056800103], [-1556.3307138436942, -4032.9876168003543], [-1555.6589271530634, -4028.122360800067], [-1553.2122966140864, -4025.689732800709], [-1551.2135238680778, -4023.489310200136], [-1548.9825285632323, -4017.7505196006405], [-1550.541737177447, -4012.885263600353], [-1552.10094579284, -4011.116079600106], [-1552.7644388199399, -4007.7988596006244], [-1550.1021730468315, -4004.813361600305], [-1547.207684713708, -4001.6067156005442], [-1547.207684713708, -3998.289495600277], [-1547.207684713708, -3994.529979600341], [-1545.2089119676994, -3991.433907600301], [-1539.643864199115, -3989.0012796001574], [-1535.1984609141296, -3988.5589836004883], [-1530.9686928632755, -3987.4532436001373], [-1528.522062324299, -3986.1263556003446], [-1526.2993606818063, -3986.2369296000657], [-1523.6288012451664, -3987.5638176006437], [-1517.6241893459667, -3988.337835600261], [-1514.2818432198749, -3991.765629600249], [-1513.3944212951128, -3994.9722756000097], [-1511.3956485491042, -3995.3039976007435], [-1506.4940938076193, -3994.3088316001135], [-1502.4965483167805, -3993.2030916005483], [-1498.9385669565575, -3991.32333360058], [-1497.6032872376486, -3989.0012796001574], [-1495.3722919328031, -3987.2320956006956], [-1491.81431057258, -3986.789799600241], [-1488.2563292123568, -3989.222427600385], [-1487.3689072875948, -3992.3184996004247], [-1485.3618408792333, -3994.9722756000097], [-1481.5799306213478, -3995.3039976007435], [-1475.7992476186319, -3994.529979600341], [-1472.0173373619245, -3992.5396476006517], [-1467.7875693110707, -3992.5396476006517], [-1462.4547441013228, -3992.0973516001973], [-1455.7783455114923, -3991.2127596000737], [-1451.7725063571222, -3992.7607956000934], [-1445.7678944567438, -3993.6453876002174], [-1441.7620553035524, -3992.7607956000934], [-1437.7562161491826, -3991.87620359997], [-1432.4233909394347, -3992.4290736001453], [-1429.0810448133434, -3994.41940560062], [-1427.0822720673345, -3997.51547760066], [-1426.194850143751, -4000.7221236004207], [-1427.3062009649973, -4002.270159600441], [-1431.0881112217046, -4002.933603600337], [-1433.0868839677132, -4001.6067156005442], [-1436.2053011973208, -4001.3855676003172], [-1437.316652018567, -4002.7124556001095], [-1435.53351450669, -4004.702787600584], [-1431.52767535232, -4007.0248416002214], [-1426.6344142743665, -4008.020007600066], [-1424.8595704248419, -4010.894931600664], [-1424.8595704248419, -4012.111245600736], [-1426.418779040235, -4013.1064116005805], [-1429.976760400458, -4012.885263600353], [-1429.976760400458, -4014.433299600373], [-1423.3003618106275, -4019.9619996005567], [-1421.9650820917184, -4024.274385600668], [-1423.0764329129647, -4027.138252200352], [-1427.0822720673345, -4029.349732200268], [-1432.4233909394347, -4030.333840799983], [-1434.4221636854436, -4031.3400642007427], [-1434.4221636854436, -4035.0995802006787], [-1433.0868839677132, -4040.4071322006353], [-1433.0868839677132, -4044.830092200468], [-1436.6448653279363, -4049.13142080045], [-1447.3271030721369, -4053.333232800055], [-1453.3317149713369, -4054.438972800406], [-1460.2237487964776, -4054.438972800406], [-1469.122849028801, -4056.4293048000955], [-1476.4627406469099, -4060.531600200109], [-1484.698347850955, -4064.291116200045], [-1490.0394667230555, -4067.475647400333], [-1493.3735191867945, -4073.225495400744], [-1493.3735191867945, -4075.658123400102], [-1490.7029597513338, -4078.2123828000954], [-1486.697120596964, -4077.206159400122], [-1484.026561161503, -4074.4528668001594], [-1482.2517173119786, -4074.331235400309], [-1481.3642953883946, -4077.6484554005765], [-1480.6925086977637, -4080.965675400058], [-1478.469807055271, -4084.183378800734], [-1477.582385130509, -4085.0679708000716], [-1478.0219492611245, -4087.6001154005926], [-1480.0290156694857, -4089.3692994000544], [-1483.363068133225, -4088.484707400716], [-1485.8096986722016, -4086.8371548003192], [-1489.3676800336034, -4086.2732274000145], [-1494.2609411115568, -4086.4943754002416], [-1499.3781310871732, -4087.6001154005926], [-1506.278458573488, -4090.917335400074], [-1510.9477907561359, -4093.349963400218], [-1515.8410518340895, -4096.125370800439], [-1518.2876823730662, -4099.099811400629], [-1518.2876823730662, -4100.327182800044], [-1515.8410518340895, -4101.311291400545], [-1508.0533024230124, -4101.090143400317], [-1499.1542021906891, -4101.311291400545], [-1491.590381676096, -4102.859327400565], [-1481.3642953883946, -4107.18277080002], [-1472.6891240525554, -4113.24222600012], [-1463.7900238190532, -4120.661741400401], [-1459.1123979752313, -4126.190441400585], [-1454.4430657925832, -4133.80899000005], [-1453.5556438689994, -4140.1227653999795], [-1452.2203641500905, -4147.741314000229], [-1453.7795727654836, -4159.130436000544], [-1456.0022744079763, -4165.98602400052], [-1457.1136252292226, -4174.710312600336], [-1455.3304877173455, -4179.354420600395], [-1453.1077860748528, -4179.796716600064], [-1450.2132977417293, -4180.581792000597], [-1448.6623827898675, -4183.777380600228], [-1449.3258758181455, -4185.668196000325], [-1452.6682219442373, -4190.190672600535], [-1455.5544166138295, -4193.729040600244], [-1456.8896963327386, -4196.161668600387], [-1456.8896963327386, -4198.041426600355], [-1455.114852483214, -4200.131275200421], [-1451.1090133288442, -4204.012422600208], [-1447.3271030721369, -4208.977195200087], [-1447.1031741756528, -4214.063599200602], [-1447.7666672027524, -4219.1500032003305], [-1451.7725063571222, -4222.246075200371], [-1451.7725063571222, -4224.358038600695], [-1449.9976625087763, -4226.569518600611], [-1449.3258758181455, -4229.223294600197], [-1450.4372266393918, -4232.982810600133], [-1452.2203641500905, -4235.514955200653], [-1454.666994690246, -4235.957251200322], [-1456.2262033044603, -4233.745771200406], [-1456.8896963327386, -4230.649699200367], [-1458.224976050469, -4227.774775200553], [-1460.2237487964776, -4227.011814600281], [-1461.782957410692, -4229.986255200471], [-1461.5590285142082, -4232.418883200614]]]}, "properties": {"name": "", "area": 20127.188449820504}}, {"type": "Feature", "geometry": {"type": "Polygon", "coordinates": [[[-950.155190169127, -4049.13142080045], [-952.6018207081037, -4049.13142080045], [-955.0484512470804, -4048.025680800099], [-956.3671436389271, -4045.2723882001364], [-957.2711528895732, -4041.3912408003503], [-957.9429395802039, -3948.5422530003257], [-957.7024233578363, -3946.662495000358], [-955.7036506118276, -3944.6832204000125], [-953.0330911763667, -3943.5774804004473], [-928.5750794465943, -3942.8034624000443], [-924.5692402922244, -3943.688054400168], [-922.5704675462157, -3945.446181000286], [-921.4591167249692, -3948.5422530003257], [-923.0100316768312, -4039.622056800103], [-924.5609466286932, -4043.06090820022], [-926.1284489064388, -4044.929608800059], [-928.7907146795471, -4046.3781282004875], [-933.9161983186945, -4047.58338480043]]]}, "properties": {"name": "", "area": 3664.7815784111153}}, {"type": "Feature", "geometry": {"type": "Polygon", "coordinates": [[[-1373.6959643345679, -4321.298264400604], [-1378.8131543101842, -4320.855968400149], [-1383.034628697507, -4320.634820400707], [-1385.7051881341465, -4319.750228400584], [-1386.8165389553928, -4316.996935800621], [-1387.703960880155, -4311.12545640036], [-1389.2631694943698, -4301.83724040024], [-1392.1576578274933, -4291.343767800178], [-1395.0521461606168, -4285.704493800274], [-1395.9395680853788, -4278.848905800298], [-1395.0521461606168, -4268.454949800613], [-1391.2702359027307, -4255.849513800225], [-1387.703960880155, -4242.138337800273], [-1385.9291170306306, -4231.313143200263], [-1385.0416951070467, -4218.707707200661], [-1388.59967646727, -4149.068202000021], [-1389.0392405978855, -4133.1455460001525], [-1388.823605363754, -4122.309294000013], [-1387.703960880155, -4114.126818000244], [-1385.2573303399997, -4105.734251400378], [-1383.7064153881379, -4103.2021068006425], [-1381.6993489797765, -4101.974735400441], [-1379.4766473372838, -4101.875218800064], [-1376.806087901823, -4103.9650674001305], [-1360.343167153728, -4149.510498000476], [-1357.8965366147513, -4160.777988600155], [-1353.4511333297658, -4170.287352600503], [-1337.4360703769962, -4207.9930866003715], [-1313.8571869084547, -4266.365101200547], [-1299.3930389063682, -4300.853131800525], [-1295.8433512084978, -4310.683160400691], [-1294.9559292849142, -4314.884972400297], [-1295.1632708555144, -4317.660379800518], [-1296.4985505732448, -4319.429563799979], [-1299.185697335768, -4321.519412400045], [-1303.846735854885, -4322.525635800019], [-1314.968537729701, -4322.4040044001695]]]}, "properties": {"name": "", "area": 11635.02224477334}}, {"type": "Feature", "geometry": {"type": "Polygon", "coordinates": [[[-2051.727782898358, -4374.141579000595], [-2053.7348493067193, -4373.920431000368], [-2055.7336220527277, -4372.593543000575], [-2055.509693155065, -4370.824359000328], [-2052.399569588989, -4367.728287000288], [-2044.611820176733, -4362.420735000332], [-1980.1037105691503, -4320.192524400253], [-1966.974842285973, -4311.788900400256], [-1956.9643912312247, -4304.0487204001565], [-1916.4830228851513, -4271.993317800321], [-1909.3587665011737, -4265.8011738002415], [-1905.800785140951, -4260.714769800513], [-1903.5780834984582, -4254.4231092000555], [-1901.1314529594813, -4241.043655200052], [-1900.2440310347188, -4231.091995200036], [-1896.6777560121432, -4220.034595200454], [-1891.3449308023955, -4209.6406391999835], [-1885.3320252396643, -4202.685534600416], [-1875.7694319790626, -4194.171336600699], [-1870.4283131069626, -4190.190672600535], [-1867.7660473338542, -4186.110491999994], [-1866.8703317467393, -4183.335084600559], [-1864.4237012077624, -4182.008196599981], [-1861.0896487440234, -4179.133272600168], [-1858.1951604109, -4179.254904000018], [-1853.7497571259144, -4179.354420600395], [-1850.1917757656913, -4177.706867999998], [-1833.2809972246282, -4168.075872600587], [-1826.6045986347974, -4165.322580000624], [-1820.599986734419, -4164.537504600092], [-1816.5941475812276, -4164.437988000501], [-1813.0361662198259, -4165.764876000293], [-1809.9260426537496, -4167.633576600132], [-1808.8146918325033, -4171.6142406002955], [-1809.0386207289873, -4175.152608600004], [-1809.9260426537496, -4177.806384600375], [-1814.1475170410722, -4182.450492600436], [-1866.8703317467393, -4226.669035200203], [-1884.668532212565, -4239.716767200259], [-1890.4492152152804, -4245.45555780054], [-1894.9029121626186, -4253.19573780064], [-1900.020102138235, -4265.137729800345], [-1941.1732571749392, -4349.715782400353], [-1944.955167431646, -4354.238259000563], [-1949.6244996142943, -4357.113183000375], [-1956.9643912312247, -4359.988107000188], [-1966.311349257695, -4361.978439000663]]]}, "properties": {"name": "", "area": 8331.45055591641}}, {"type": "Feature", "geometry": {"type": "Polygon", "coordinates": [[[3472.6478634735436, -2200.632690600077], [3468.6420243191737, -2203.7287626001166], [3465.954877557829, -2204.1710586005715], [3462.8364603282216, -2198.885621400088], [3461.5260615987277, -2174.548284000094], [3462.8364603282216, -2133.0166896002993], [3465.0591619707143, -2131.2475056000517], [3469.065001123906, -2132.1320976001757], [3472.1834183535134, -2129.4783216005903], [3468.6420243191737, -2109.121648199974], [3472.2000056793972, -2101.1713776005618], [3472.2000056793972, -2085.259779000037], [3467.754602394412, -2084.375187000699], [3464.636185164804, -2085.259779000037], [3462.861341316458, -2049.88715640072], [3463.723882251805, -2044.1704806006967], [3466.419322676681, -2042.8214778006457], [3473.0874276041595, -2041.0522938003983], [3581.203616450954, -2035.3024457999875], [3586.096877528908, -2037.0716298002349], [3587.880015040785, -2040.6099978007294], [3587.880015040785, -2043.2637738003145], [3583.874175886415, -2047.675676400018], [3558.072590776559, -2079.9522270000807], [3548.725632750089, -2097.1907136003983], [3534.04584951505, -2119.736752200672], [3525.146749281548, -2135.2060548007425], [3503.342709662531, -2162.1750534000635], [3485.552802860237, -2180.2981320005047]]]}, "properties": {"name": "", "area": 10928.324464332312}}, {"type": "Feature", "geometry": {"type": "Polygon", "coordinates": [[[3065.346081157356, -3095.4196134000886], [3065.570010055019, -3099.400277400252], [3065.122152260872, -3102.0540534006227], [3064.0108014396264, -3103.602089400643], [3060.9006778723706, -3104.4866813999806], [3054.88777230964, -3105.5924214003317], [2993.93764406228, -3104.707829400208], [2991.491013523303, -3103.8232374000845], [2990.5704169479523, -3101.855020200654], [2990.5704169479523, -3098.758948200614], [2993.904469411691, -3095.2205802001195], [2994.567962438791, -3091.472121600312], [2997.022886641299, -3085.722273600687], [3003.9480951170285, -3075.5273508001856], [3008.144688516115, -3070.6842096001565], [3018.8518072485517, -3058.7311602003224], [3030.1975380210306, -3047.231464200286], [3044.6202177078185, -3033.332312400494], [3087.589684908167, -2980.0356444007048], [3089.1157188717925, -2975.6347992003452], [3089.3396477682763, -2970.769543200058], [3090.708102137775, -2963.891840400609], [3093.594296807367, -2957.489605800431], [3115.6222653240466, -2901.782424599971], [3120.7394552996625, -2888.7346926007003], [3131.637328277995, -2865.52521000053], [3134.938206089966, -2857.143700800007], [3135.162134986451, -2855.164426200447], [3138.0897979713413, -2851.6039434004797], [3139.425077689072, -2848.50787140044], [3141.8717082280486, -2845.854095400069], [3144.757902897641, -2843.2003194004837], [3145.620443834167, -2840.5686582003714], [3148.7637420520114, -2837.4504714000727], [3168.5607152626667, -2813.3563968005647], [3171.645957841685, -2812.715067600141], [3175.013184956013, -2813.7986928002338], [3177.2358865985057, -2816.01017280015], [3177.2358865985057, -2834.7966954004874], [3177.020251365553, -2850.4982034001287], [3175.684971646644, -2868.400134000343], [3176.1245357772596, -2871.938502000052], [3177.020251365553, -2889.8404326002656], [3176.79632246789, -2914.155655200001], [3177.4598154961686, -2920.7900952005357], [3177.6837443926524, -2940.2400617999842], [3178.1316021867992, -2944.8841698000438], [3179.6825171386613, -2947.7590938006424], [3180.1303749316294, -2949.5282778001038], [3179.906446035145, -2953.951237800722], [3177.6837443926524, -2966.5456164001944], [3175.46104275016, -2969.4205404000068], [3172.533379766447, -2970.327247200389], [3167.8972222355665, -2970.526280400358], [3140.7603574068025, -2970.526280400358], [3136.530589355948, -2971.4108724004814], [3133.636101022825, -2972.737760400274], [3128.079346916593, -2980.0356444007048], [3124.52136555637, -2982.4682724000627], [3106.051378401092, -3007.44693900048], [3070.015413338826, -3050.769832199995], [3065.7939389515036, -3056.077384200737], [3064.458659233773, -3058.7311602003224], [3064.8982233643883, -3063.5964162006094]]]}, "properties": {"name": "", "area": 15223.300462130457}}, {"type": "Feature", "geometry": {"type": "Polygon", "coordinates": [[[3285.294019805297, -2660.8748508005624], [3318.709187408575, -2621.0460960002397], [3348.9395884775327, -2582.1682776000303], [3381.8820172984274, -2546.773540200455], [3389.0062736824048, -2539.7078616003805], [3394.786956685121, -2538.823269600257], [3397.9053739147284, -2540.1501576000496], [3400.5510523619528, -2553.8723910001313], [3398.7679148500756, -2576.860725600074], [3397.4326351323452, -2593.214620200268], [3400.5510523619528, -2609.5795722005914], [3402.3258962114774, -2633.0102028002034], [3401.0154974819834, -2659.9460292007075], [3398.7927958394907, -2666.138173200002], [3395.674378609883, -2670.56113320062], [3389.0228610071104, -2672.7726132005364], [3286.2312037077104, -2677.637869200038], [3280.89008483561, -2676.3109812002454], [3277.688730976584, -2672.3745468005986]]]}, "properties": {"name": "", "area": 9477.354978826828}}, {"type": "Feature", "geometry": {"type": "Polygon", "coordinates": [[[4478.818452496778, -4862.347903800246], [4477.483172779048, -4865.090139000079], [4474.588684445925, -4863.984399000514], [4475.260471136555, -4861.68445980035], [4474.588684445925, -4859.030683799979], [4474.149120315309, -4855.713463800497], [4475.484400033039, -4844.965671000606], [4475.260471136555, -4838.6850678002775], [4474.588684445925, -4831.608331800074], [4470.806774189216, -4818.427911000039], [4469.919352264455, -4812.379513200068], [4470.143281160939, -4807.956553200235], [4471.4785608798475, -4804.860481200195], [4475.036542240071, -4801.410572400734], [4477.707101675532, -4799.641388400487], [4480.817225242787, -4798.668337200115], [4485.934415218403, -4796.678005200426], [4490.612041062224, -4793.228096400179], [4494.1700224236265, -4787.699396399996], [4497.056217093219, -4778.190032400435], [4498.615425708612, -4766.159581200482], [4498.615425708612, -4758.7290084000715], [4498.839354605097, -4754.969492400135], [4500.622492116973, -4751.652272400654], [4502.621264861803, -4748.688889200593], [4502.621264861803, -4746.787016400366], [4504.180473477197, -4747.80429720047], [4508.401947865697, -4746.046170600352], [4511.74429399179, -4744.7192826005585], [4515.965768380291, -4744.276986600104], [4522.866095866605, -4744.940430600001], [4533.3161110519695, -4746.267318600579], [4540.216438538284, -4746.477409200676], [4549.339467668271, -4745.382726600455], [4558.238567900594, -4743.171246600538], [4565.578459518703, -4742.507802600642], [4568.464654188295, -4743.613542600207], [4570.911284727272, -4744.940430600001], [4573.142280033296, -4747.362001200015], [4574.9171238816425, -4751.784961200633], [4575.588910572273, -4759.967437200402], [4574.253630854542, -4765.053841200131], [4571.807000314387, -4768.149913200171], [4568.912511982442, -4770.582541200314], [4564.467108697456, -4771.688281200665], [4552.67352013201, -4771.24598520021], [4544.222277692654, -4772.130577200334], [4535.547106356815, -4774.563205200478], [4529.5342007940835, -4777.216981200063], [4525.088797509098, -4780.755349200557], [4521.082958354728, -4785.399457200618], [4518.860256712235, -4791.591601200697], [4518.636327815751, -4803.533593200403], [4520.419465327629, -4815.685675800206], [4522.642166970121, -4820.993227800162], [4524.640939716131, -4823.204707800078], [4530.869480511814, -4826.300779800118], [4537.098021308677, -4830.0602958000545], [4544.222277692654, -4832.714071800425], [4546.892837128115, -4833.81981179999], [4546.892837128115, -4835.588995800238], [4545.557557410385, -4836.91588380003], [4543.110926871408, -4838.021623800381], [4541.9995760501615, -4840.233103800298], [4541.327789359531, -4843.329175800338], [4539.329016613522, -4845.540655800254], [4535.771035253299, -4846.646395800604], [4522.418238073637, -4848.194431800624], [4510.409014274059, -4850.405911800541], [4502.173407068835, -4853.280835800354], [4490.612041062224, -4859.030683799979], [4485.270922190124, -4861.021015800454]]]}, "properties": {"name": "", "area": 5948.001436963677}}, {"type": "Feature", "geometry": {"type": "Polygon", "coordinates": [[[3811.2034744665843, -4891.849047000088], [3812.68804011609, -4891.760587800625], [3817.5813011952223, -4888.012129200032], [3819.9615824318425, -4886.265060000043], [3822.1179347708007, -4885.292008800458], [3822.383331982583, -4884.352129800473], [3822.65702285554, -4883.058414000283], [3823.8181356544374, -4881.632009400113], [3826.555044393433, -4878.45853560074], [3828.893857315934, -4876.766753400611], [3832.9328711208923, -4871.636119800366], [3843.125782756826, -4860.114309000071], [3860.5922367085127, -4838.430747600449], [3860.948864210888, -4836.827424600568], [3861.6206509015187, -4835.13564240044], [3862.6075967804045, -4832.902047600265], [3862.0104530556614, -4831.984283400539], [3861.355253690914, -4831.243437600524], [3860.277077520257, -4831.652561400591], [3859.1491393743054, -4831.917939000549], [3857.3079462224246, -4832.769358800286], [3853.8246078269103, -4835.732742000346], [3845.3733653887334, -4846.148812800289], [3834.3262064786263, -4861.596000600101], [3828.056197367644, -4869.645787800677], [3827.160481780529, -4871.614005000108], [3826.9614338722813, -4873.549050000722], [3821.894005874316, -4877.51865659997], [3818.477016782337, -4880.06185860062], [3817.5315392175708, -4881.134426400584], [3817.042213110483, -4882.516601400237], [3816.5445933386845, -4883.633398800717], [3814.9273290844667, -4885.336238400188], [3813.807684600867, -4886.585724600648], [3810.622918067725, -4889.084696999996], [3809.8101391088503, -4890.201494400476]]]}, "properties": {"name": "", "area": 425.8723102994263}}, {"type": "Feature", "geometry": {"type": "Polygon", "coordinates": [[[3415.4879391464224, -5235.369292800482], [3418.299490850127, -5239.803310200445], [3422.6121955292215, -5243.330620800024], [3427.5635122483573, -5246.117085600375], [3434.6794749688033, -5247.753580800642], [3438.992179649076, -5247.753580800642], [3442.4257560657607, -5246.747357400668], [3445.726633878911, -5244.8454846004415], [3448.6460032002706, -5242.833037800495], [3451.0594590874803, -5238.918718200321], [3452.577199388753, -5235.0043986001465], [3454.6091467853507, -5231.466030600438], [3457.155301278451, -5228.314671600538], [3459.8175670527376, -5224.146031800534], [3462.355427882307, -5219.734129200046], [3463.6243582976813, -5213.420353800116], [3465.4074958095584, -5204.8398114004085], [3467.057934715545, -5198.404404600628], [3467.057934715545, -5196.635220600381], [3466.2949177343207, -5195.241988200599], [3464.520073884796, -5194.987667999984], [3462.8696349788106, -5194.987667999984], [3461.65876020344, -5195.4963084004285], [3461.0284418281085, -5197.774132800334], [3459.261891642115, -5201.224041600581], [3458.183715471457, -5210.678118600282], [3456.9230787196148, -5216.925549600222], [3454.2359319570915, -5222.819143800742], [3449.599774427389, -5231.145366000619], [3447.634176333148, -5235.811588800151], [3445.851038821271, -5237.901437400218], [3444.7728626517915, -5240.300893199974], [3442.740915254016, -5242.313340000706], [3441.024127045674, -5243.264276400035], [3438.934124009072, -5243.828203800339], [3436.454318818328, -5244.270499800008], [3433.2861396110693, -5243.772916800479], [3427.248353060102, -5241.627781200552], [3424.9675957776053, -5239.913884200165], [3421.475963719738, -5236.253884800606], [3421.285209475022, -5234.739021000189], [3421.1276298808943, -5233.279444200416], [3419.0459205066454, -5234.705848800586]]]}, "properties": {"name": "", "area": 415.9779748991132}}, {"type": "Feature", "geometry": {"type": "Polygon", "coordinates": [[[4280.201814686649, -3981.648108600652], [4277.639072867665, -3977.33572260054], [4276.021808612269, -3972.868533000191], [4275.839348029905, -3968.4124007999703], [4276.204269194633, -3965.5595916004163], [4278.178160952404, -3962.8726434004434], [4281.230228879656, -3960.9154836003563], [4286.4386491458645, -3959.6659974006825], [4313.550632986393, -3956.2713756002963], [4318.219965167863, -3957.1670250005495], [4321.097866175102, -3958.0626744000165], [4323.428385434072, -3959.6659974006825], [4324.324101021187, -3962.3418882005262], [4325.5930314365605, -3966.123519000721], [4324.075291136466, -3979.7572932005546], [4321.786240190438, -4003.4864736005125], [4320.774413323316, -4018.12647120032], [4321.371557049238, -4034.2481604001573], [4320.3846111703515, -4034.9558340005706], [4318.228258830215, -4032.9986742004835], [4316.428533993633, -4030.49970180035], [4315.889445907715, -4027.8238110005063], [4313.915554151121, -4024.25227080041], [4309.743841740271, -4019.906712600696]]]}, "properties": {"name": "", "area": 2229.232102498412}}, {"type": "Feature", "geometry": {"type": "Polygon", "coordinates": [[[4599.408310263182, -4073.457700800315], [4586.685831458853, -4071.710631600326], [4576.78319802176, -4070.693350800223], [4569.667235301313, -4072.208214600641], [4559.764601864219, -4077.7590294002975], [4556.2149141663485, -4079.2738932007155], [4551.893915823724, -4079.782533600374], [4548.08712457878, -4078.0133496001267], [4545.798073632753, -4076.244165600665], [4544.7862467656305, -4072.46253480047], [4544.7862467656305, -4067.1660402006432], [4547.067004048126, -4043.9455002003438], [4548.08712457878, -4040.4071322006353], [4548.335934463501, -4036.8687642001405], [4547.324107596378, -4033.59577380039], [4546.561090615154, -4031.0636292006548], [4546.561090615154, -4007.8430892003553], [4547.572917482277, -3991.4449650004303], [4549.861968427126, -3985.639830000159], [4552.905742690846, -3982.6101024001086], [4556.463724052248, -3981.3495588003057], [4560.527618845444, -3981.3495588003057], [4565.603340506938, -3983.6163258000824], [4573.482320209788, -3988.9128204006947], [4582.621936664479, -3996.4871394004276], [4640.777100534017, -4030.057405800681], [4646.433378593195, -4033.452027600282], [4653.167832824208, -4038.8922684002173], [4658.376253090416, -4044.8743218001987], [4661.071693515292, -4051.3871304000977], [4661.610781600031, -4054.604833799988], [4661.337090725897, -4057.9883982002443], [4661.254154097656, -4061.2061016001344], [4660.350144847011, -4062.8978838002627], [4658.202086170405, -4063.970451600226], [4655.8632732479045, -4064.5012068001433], [4652.363347527686, -4063.881992399978], [4649.759137394581, -4063.6166148000198], [4646.433378593195, -4064.058910800474], [4630.451490291013, -4069.952505000208], [4621.112825928075, -4072.805314200548], [4615.398492227715, -4073.380299000196]]]}, "properties": {"name": "", "area": 7137.176124343649}}, {"type": "Feature", "geometry": {"type": "Polygon", "coordinates": [[[-1538.5491007037524, -3490.6774338001233], [-1543.6662906793686, -3489.1293978001036], [-1545.7811747042063, -3489.1293978001036], [-1547.6721298337384, -3487.3602138006418], [-1548.6673693749772, -3484.7064378002706], [-1548.6673693749772, -3478.304203200093], [-1549.563084962092, -3466.583359200615], [-1549.563084962092, -3456.631699200599], [-1550.8900710174698, -3446.691096600712], [-1553.0049550423075, -3442.046988600652], [-1556.6790476825386, -3438.0663246004888], [-1567.3529917643864, -3433.422216600429], [-1587.4900051515335, -3426.124332599998], [-1593.718545948396, -3424.1340006003093], [-1596.3891053850355, -3421.037928600269], [-1597.2765273086193, -3417.7317660001313], [-1597.0525984121352, -3413.7511019999674], [-1594.6059678731583, -3408.4435500000113], [-1590.6001287187885, -3398.724095400352], [-1581.0375354581868, -3381.043312800365], [-1577.479554097964, -3371.3128008005765], [-1576.5838385108489, -3366.889840800744], [-1577.5127287497312, -3365.9831340003616], [-1569.24394689274, -3357.8227728000656], [-1571.6905774317167, -3351.641686200115], [-1569.0200179962558, -3345.6706902002625], [-1565.2381077383702, -3337.2670662002665], [-1562.3519130687778, -3333.9498461999992], [-1559.4574247356543, -3328.86344220027], [-1556.6790476825386, -3319.354078200709], [-1555.1198390683237, -3312.2773422005052], [-1553.3367015564465, -3306.0851982004256], [-1550.6744357833384, -3301.8833862000347], [-1547.6721298337384, -3300.567555600371], [-1541.8831531674914, -3299.2406676005785], [-1536.989892088359, -3301.0098516000403], [-1531.4331379833059, -3301.894443600164], [-1526.5315832418212, -3302.55788760006], [-1524.640628112289, -3303.652570200282], [-1522.0861799568358, -3302.7790356002874], [-1519.7473670343356, -3301.219942200138], [-1516.8611723647432, -3300.114202200573], [-1513.1870797233337, -3299.9041116004746], [-1505.6232592087408, -3301.2309996002673], [-1500.7299981307872, -3301.0098516000403], [-1486.4897790263635, -3301.2309996002673], [-1483.3796554591086, -3300.7887036005986], [-1480.9330249201319, -3299.6829636002476], [-1475.5919060480314, -3300.567555600371], [-1463.1348244543062, -3301.2309996002673], [-1453.5722311948832, -3301.673295600722], [-1450.453813964097, -3302.3367396006183], [-1446.0084106802901, -3302.1155916003913], [-1435.326172934911, -3302.55788760006], [-1431.6603739582115, -3301.4410902003656], [-1426.8749304967344, -3301.4521476004948], [-1419.3111099821415, -3301.894443600164], [-1415.5291997242555, -3302.55788760006], [-1412.9747515688023, -3304.0948662007363], [-1408.6371659002934, -3310.7403636006147], [-1400.625487592732, -3324.6726876000084], [-1398.6267148467234, -3331.5172182006413], [-1398.6267148467234, -3337.4882142004935], [-1399.8458832844462, -3345.6596328001333], [-1403.0721181317087, -3352.968574200693], [-1406.2983529777928, -3358.4751594006184], [-1413.0825691852788, -3363.7937688007037], [-1428.989814521572, -3371.744039400116], [-1434.6626799078115, -3373.9665768001614], [-1438.5524077821735, -3376.1669994007343], [-1442.0025715259203, -3379.937572800014], [-1454.2357242219828, -3386.7931607999903], [-1463.02700683783, -3394.511226000617], [-1474.480555226785, -3406.6743660005495], [-1481.9365581237232, -3415.9625820006695], [-1484.9388640745017, -3415.9625820006695], [-1487.3854946134784, -3417.5106180006896], [-1489.1603384618243, -3422.14366860062], [-1489.608196255971, -3427.451220600576], [-1490.9434759737014, -3433.2010686002013], [-1494.0535995409566, -3441.825840600425], [-1495.1732440245555, -3448.9025766006284], [-1494.7253862315874, -3456.4105512003716], [-1494.2775284374404, -3461.939251200555], [-1496.2845948458018, -3464.1507312004715], [-1499.3947184130568, -3465.477619200264], [-1500.7299981307872, -3469.2371352002006], [-1500.7299981307872, -3472.3332072002404], [-1498.059438694148, -3474.1023912004875], [-1493.837964306825, -3476.0927232001764], [-1492.0548267949478, -3478.7464992005475], [-1491.6069690008012, -3482.9372538000234], [-1491.8308978984637, -3486.0333258000633], [-1493.3901065126784, -3488.023657800538], [-1498.059438694148, -3488.2448057999795], [-1516.0815680564572, -3487.5813618000834], [-1519.4156205201964, -3486.2544738002907], [-1524.9806682899593, -3486.6967698007456], [-1528.5386496501824, -3488.908249800662], [-1532.984052935168, -3490.235137800454]]]}, "properties": {"name": "", "area": 21606.017911064904}}, {"type": "Feature", "geometry": {"type": "Polygon", "coordinates": [[[-1437.1093104467882, -3485.1487338007255], [-1444.0013442707505, -3484.264141800602], [-1446.67190370739, -3483.158401800251], [-1448.9028990122351, -3480.957979200464], [-1450.0142498334815, -3475.4292792002802], [-1449.1185342463666, -3469.679431200655], [-1447.5676192945048, -3459.064327200743], [-1447.1197615015365, -3453.0933312001043], [-1445.5605528861436, -3449.5549632003954], [-1442.8899934495041, -3446.2488006002577], [-1434.8866088042955, -3434.0856606003254], [-1427.2066770096949, -3421.7013726001655], [-1417.7519013667481, -3411.981918000506], [-1407.0779572860788, -3402.03025800049], [-1391.6185697427536, -3386.7821034006465], [-1382.163794099807, -3378.831832800449], [-1376.1591821994286, -3370.4282088004525], [-1368.5953616848356, -3357.3804768003965], [-1365.9248022493746, -3347.8821702001787], [-1364.8134514281282, -3337.9305102001626], [-1368.8192905813196, -3322.2400596006505], [-1371.9294141485746, -3312.951843600531], [-1373.7125516604517, -3311.6249556007383], [-1378.1579549454373, -3310.7403636006147], [-1381.2763721750448, -3309.8557716004907], [-1382.3877229962911, -3306.759699600451], [-1381.9398652021443, -3303.8847756006385], [-1378.8297416360679, -3300.7887036005986], [-1373.0407649698209, -3299.107978800599], [-1362.0267807114813, -3298.1238702000983], [-1357.581377426496, -3299.450758200677], [-1350.0175569119028, -3298.787314199995], [-1339.4514304477098, -3299.2406676005785], [-1322.548945570178, -3300.3464076001437], [-1319.5383459570467, -3300.114202200573], [-1317.539573211038, -3301.219942200138], [-1308.3087264645756, -3303.8847756006385], [-1300.0814129228827, -3306.9808476006783], [-1294.0685073601517, -3312.0672516004074], [-1289.6231040751663, -3318.0382476002596], [-1286.9525446397056, -3324.0092436001123], [-1284.7298429972127, -3333.7286982005576], [-1282.9467054853355, -3343.2380622001187], [-1282.0592835605735, -3361.139992800333], [-1283.3945632783038, -3372.860836800596], [-1286.0651227149433, -3398.724095400352], [-1289.8470329716504, -3431.2107366005125], [-1293.6289432295362, -3453.0933312001043], [-1296.9629956932754, -3466.1410632001603], [-1300.0814129228827, -3473.88124320026], [-1302.0801856688915, -3477.419611199969], [-1304.9746740008366, -3479.4099432004436], [-1309.1961483893378, -3480.2945352005677], [-1321.2136658512686, -3481.831513800458], [-1353.4677206556496, -3483.3795498004783], [-1356.138280092289, -3484.4852898000436], [-1359.472332556028, -3483.6006978007053], [-1363.702100606882, -3482.9372538000234], [-1365.4769444552278, -3483.3795498004783], [-1369.2588547131138, -3484.7064378002706], [-1377.270533020675, -3483.3795498004783], [-1397.7309992596086, -3483.6006978007053], [-1422.6534561082328, -3484.927585800498]]]}, "properties": {"name": "", "area": 20877.69467344694}}, {"type": "Feature", "geometry": {"type": "Polygon", "coordinates": [[[-508.1361351836984, -3298.1349276002275], [-511.03062351682195, -3297.029187600662], [-513.1538012051908, -3295.1273148004357], [-514.0412231299531, -3292.473538800065], [-513.6016589993375, -3284.0699148000685], [-513.2533251593146, -3264.5314890003724], [-512.5898321322151, -3261.214269000105], [-510.3671304897223, -3259.223937000416], [-507.2487132601147, -3257.0124570004996], [-490.78579251201967, -3252.8106450001087], [-485.2290384057879, -3250.156869000524], [-480.55141256196583, -3247.5030930001526], [-476.5538670699485, -3244.62816900034], [-469.7779445259939, -3234.7760256007014], [-461.7662662184328, -3219.737961600171], [-459.867017426548, -3217.6591704002335], [-456.0851071686622, -3215.6688384005447], [-450.52005940007786, -3214.1208024005246], [-447.6338647304855, -3214.341950399966], [-445.6267983221243, -3215.22654240009], [-444.29151860321525, -3217.216874400565], [-443.62802557611565, -3220.3129464006047], [-444.739376397362, -3225.178202400106], [-450.9679171942246, -3243.3012810005475], [-452.52712580843905, -3251.926052999985], [-453.63847662968544, -3264.973785000041], [-452.0792680154709, -3292.3850796006022], [-452.303196911955, -3297.4714836003313], [-453.41454773320135, -3300.3353502000145], [-456.53296496280893, -3301.8833862000347], [-459.41915963240126, -3302.5468302007166], [-478.10478202298907, -3303.652570200282], [-491.89714333326606, -3301.8833862000347], [-503.2428741057449, -3298.5772236006824]]]}, "properties": {"name": "", "area": 3730.7893771191593}}, {"type": "Feature", "geometry": {"type": "Polygon", "coordinates": [[[-339.7416047801747, -3293.269671600726], [-342.8600220097823, -3292.1639316003752], [-344.5353419040044, -3289.8197628004796], [-346.41800337000547, -3282.212271600359], [-346.0945505193975, -3273.2336628007147], [-343.7474439345446, -3263.2046010005797], [-344.18700806516017, -3260.771973000436], [-342.4121642156356, -3259.666233000085], [-338.53073000480447, -3249.360736200648], [-335.5118367293208, -3242.8589850000926], [-332.4017131620658, -3238.6682304006167], [-329.18377197833433, -3236.324061600721], [-326.1731723652032, -3234.466418400226], [-324.3900348545046, -3233.3606784006606], [-322.391262108496, -3233.8029744003297], [-319.2728448788884, -3234.0241224005567], [-314.16394856680336, -3235.129862400122], [-273.67428655719885, -3243.9647250004437], [-269.00495437572937, -3244.4070210001128], [-263.66383550362906, -3244.849317000567], [-261.44113386113634, -3245.512761000464], [-260.1058541434059, -3247.0607970004835], [-259.21013855511245, -3249.9357210002963], [-257.43529470676646, -3260.771973000436], [-255.21259306427376, -3264.5314890003724], [-252.5420336288129, -3267.185265000743], [-246.5374217284344, -3272.260611600343], [-244.0907911894576, -3274.6932396004863], [-242.75551147172717, -3278.010459599968], [-242.53158257406452, -3285.971787600295], [-243.64293339531088, -3290.3947476001276], [-242.30765367758045, -3292.1639316003752], [-239.86102313860368, -3294.154263600064], [-239.86102313860368, -3295.923447600311], [-242.08372478109638, -3297.250335600104], [-252.5420336288129, -3297.029187600662], [-308.3749719005563, -3296.8080396004348], [-317.0501432363957, -3296.1445956005387], [-325.72531457223505, -3294.817707600746]]]}, "properties": {"name": "", "area": 5213.548776331532}}, {"type": "Feature", "geometry": {"type": "Polygon", "coordinates": [[[-553.5190582712564, -2700.39399840041], [-555.5178310172652, -2702.163182400657], [-558.4123193503887, -2702.163182400657], [-560.3115681410948, -2699.1555696000796], [-564.9891939860955, -2681.0324910004238], [-564.5413361931273, -2677.0518270002603], [-562.8660162977267, -2673.2038518000763], [-560.1954568622658, -2669.8866318005944], [-556.8531107349955, -2668.1174478003472], [-491.4575792026505, -2655.3129785999913], [-489.2265838978052, -2655.9764226006732], [-488.1152330765588, -2657.745606600135], [-488.78701976718963, -2659.9570866000513], [-492.5689300238968, -2664.80022780008], [-499.46096384785903, -2668.7808918002434], [-510.80669462033785, -2673.4249998003033], [-516.8113065195378, -2674.751887800096], [-523.0398473164004, -2675.6364798002196], [-529.492317009747, -2678.0691078003633], [-536.1687155995777, -2681.6074758000723], [-542.1733274999563, -2686.4727318003593], [-549.5132191180652, -2694.20185440033]]]}, "properties": {"name": "", "area": 1346.6369621995836}}, {"type": "Feature", "geometry": {"type": "Polygon", "coordinates": [[[-629.4060733030856, -3115.920033000027], [-626.5530532840821, -3117.7223892006623], [-621.7012605202486, -3118.1868000005898], [-562.525976121235, -3117.744504000135], [-558.0805728362495, -3117.3022080004657], [-555.5344183431489, -3116.174353200642], [-553.7429871689192, -3114.4272840006533], [-552.2998898335337, -3111.110064000386], [-551.0724277322797, -3102.4852920001626], [-551.5202855264264, -3096.9676494001083], [-552.7394539641492, -3091.9918194001], [-553.2951293747724, -3052.527958800113], [-552.6316363476728, -3049.100164800125], [-552.6316363476728, -3044.89835280052], [-552.7394539641492, -3019.587964200154], [-553.41124065478, -3017.2659102005173], [-555.3021957831336, -3015.286635600172], [-556.2974353243724, -3012.3011376006384], [-556.6374755008641, -3009.8685096004947], [-557.3009685291423, -3008.209899599968], [-558.6362482468727, -3006.9935856006823], [-562.4181585047585, -3006.1089936005583], [-572.4286095583283, -3006.1089936005583], [-584.2221981237752, -3006.8830116001755], [-587.2245040733752, -3006.772437600455], [-590.002881126491, -3006.1089936005583], [-594.7883245879682, -3006.440715600507], [-617.3636748517396, -3006.8830116001755], [-627.042379392349, -3007.546455600072], [-629.8207564454648, -3008.320473600475], [-631.8195291902948, -3009.315639600319], [-633.2709201892116, -3011.084823600567], [-633.7519526339471, -3014.269354800069], [-633.7104843198271, -3018.0399282001345], [-632.3834982644493, -3108.3457140002943], [-631.7117115738184, -3111.220638000107], [-630.9321072667111, -3113.6532660002504]]]}, "properties": {"name": "", "area": 8869.066179492977}}, {"type": "Feature", "geometry": {"type": "Polygon", "coordinates": [[[-786.6870954941456, -2792.988666000605], [-789.987973307296, -2790.7993008001613], [-792.2023812862574, -2788.587820800245], [-793.5376610039878, -2785.491748800205], [-795.8930612523719, -2783.8220814003353], [-797.5435001583576, -2780.858698200275], [-798.1157628948646, -2776.966493400359], [-798.5636206890115, -2765.909093399992], [-797.8918339983807, -2761.4861334001594], [-796.6477845712428, -2759.197251600124], [-793.977225135782, -2757.428067600663], [-792.9985729192484, -2755.5261948004363], [-793.4464307133952, -2751.9878268007274], [-795.3125048535125, -2750.1301836002317], [-797.2283409701023, -2749.112902800129], [-799.3183440078824, -2746.591815600523], [-800.4296948291287, -2742.6111516003593], [-801.3254104162435, -2719.6228170004165], [-800.5623934338413, -2716.6152042006247], [-799.0944151102195, -2714.3152650004604], [-797.0956423653896, -2713.2095250001094], [-791.9784523897735, -2712.324932999986], [-758.8452693241616, -2711.0091024003223], [-755.5112168604225, -2711.661489000089], [-753.9520082450293, -2712.7672290004402], [-752.3927996308149, -2715.642153000253], [-751.0575199130844, -2720.7285569999817], [-749.9461690918381, -2751.0147756003557], [-750.3940268848062, -2759.4183996003517], [-751.7293066037153, -2766.705226200653], [-752.3927996308149, -2773.118518200175], [-751.7293066037153, -2786.3763408003288], [-752.616728527299, -2789.0301168007], [-754.6155012733076, -2791.6838928002853], [-757.9578473993993, -2793.4530768005325], [-763.5146015056309, -2794.337668800656], [-781.0888730737938, -2794.1165208004286]]]}, "properties": {"name": "", "area": 3806.262600678834}}, {"type": "Feature", "geometry": {"type": "Polygon", "coordinates": [[[496.914809355937, -4099.099811400629], [491.05948338733356, -4097.507545800092], [484.66506933399074, -4097.5407180004795], [479.10831522775896, -4099.0887540005], [474.90342816514135, -4101.432922800395], [471.3205658166819, -4106.607786000372], [468.42607748355834, -4115.011410000368], [468.42607748355834, -4121.203554000448], [470.424850229567, -4128.048084600295], [471.33715314138703, -4133.488325400231], [470.44973121780333, -4137.911285400063], [468.42607748355834, -4140.874668600123], [463.5328164044262, -4142.643852600371], [438.61865321815446, -4146.845664599976], [420.15695972522934, -4149.499440600347], [406.1406695172897, -4150.162884600243], [393.6835879247431, -4151.268624600594], [385.4479807195193, -4150.826328600139], [381.22650633101796, -4149.499440600347], [378.10808910141037, -4145.518776600184], [375.88538745891765, -4141.53811260002], [374.7740366376713, -4138.44204059998], [375.22189443181804, -4134.6825246000435], [372.7752638928413, -4129.153824600646], [371.6556194080637, -4124.730864600027], [371.8795483057264, -4118.770926000304], [372.7752638928413, -4110.367302000308], [373.8866147140876, -4103.954010000001], [372.5513349951786, -4098.204162000376], [370.54426858681734, -4086.9256140005673], [370.76819748448, -4080.733470000487], [373.6875668058399, -4072.031296200145], [376.3498325789481, -4065.839152200065], [376.77280938367994, -4061.5046514004807], [378.5559468955571, -4057.7451354005443], [379.89122661328753, -4053.5433234001534], [382.785714946411, -4046.4665874007355], [385.23234548538784, -4044.476255400261], [387.69556335024834, -4042.6186122005515], [389.9265586562722, -4042.6186122005515], [393.2357301305964, -4039.832147400201], [400.35998651457385, -4034.7568008006015], [408.38825214919734, -4030.0242336002934], [412.39409130238863, -4027.370457600708], [415.7032627778914, -4027.237768800729], [418.8216800074989, -4027.901212800625], [421.28489787235947, -4029.5819376006243], [423.9554573089989, -4030.908825600417], [426.8499456421224, -4031.1299736006445], [428.8321310610687, -4029.8915448003145], [429.49562408934696, -4026.574324800047], [428.16034437161653, -4021.487920800318], [426.60942941857604, -4014.411184800115], [427.49685134333834, -4007.5555968001386], [428.8321310610687, -4000.92115680039], [431.50269049770816, -3996.4981968005573], [435.5002359885469, -3992.749738199964], [443.53679528552294, -3988.6806150003385], [446.18247373274744, -3987.6633342002356], [447.53434077754025, -3985.8056910005257], [450.8518059153956, -3986.1152982002154], [457.0803467110795, -3983.4615222006305], [461.9736077902117, -3982.3557822002795], [471.33715314138703, -3982.0461750005898], [473.5681484474109, -3982.0461750005898], [478.2125996406441, -3980.144302200363], [484.0181636315963, -3977.1809190003023], [487.1116998729675, -3975.057898200634], [489.80714029784326, -3974.0848470002625], [493.3402406698301, -3974.1733062005105], [498.4574306454463, -3972.846418200718], [509.3553036237784, -3969.308050200223], [511.3789573568448, -3968.3349990006373], [515.1608676147306, -3968.3349990006373], [520.7259153833149, -3968.9984430005334], [531.1593432427952, -3967.981162200431], [544.5287277483403, -3965.01777900037], [560.7677195987727, -3964.1331870002464], [581.4521147341906, -3964.575483000701], [592.5739166090067, -3965.01777900037], [604.5914340721163, -3964.1331870002464], [615.2653781527857, -3965.9023710004935], [623.0282465756264, -3969.750346200678], [633.0635786186111, -3977.4020670005298], [635.734138054072, -3978.065511000426], [639.2672384260588, -3978.153970200674], [639.9390251166897, -3980.36545020059], [640.8513280296883, -3983.151915000155], [644.3844284016751, -3988.3267782001317], [650.637850186774, -3997.51547760066], [655.9540880706379, -4008.440188800262], [660.2004434473756, -4018.7456856004846], [660.4077850179759, -4027.237768800729], [656.8415099954002, -4030.333840799983], [650.1734050679221, -4032.766468800127], [637.9319587083285, -4036.9682808005177], [629.9285740631199, -4040.4955914000975], [627.258014627659, -4044.918551400716], [624.8362650769185, -4051.0222362005475], [621.0543548190327, -4062.3007842003562], [616.584070545811, -4069.687127400249], [615.7132359469324, -4071.5890002004758], [613.2417244185407, -4073.0043474005165], [609.4598141618335, -4073.4466434001856], [601.2573816083773, -4071.810148200703], [593.2208223114012, -4072.562051400062], [579.2045321034615, -4074.9946794002058], [569.6419388428599, -4077.869603400018], [562.9655402530291, -4079.1854340004675], [554.7382267113364, -4079.627730000136], [546.7265484025968, -4078.96428600024], [537.8357418326259, -4076.1004194005563], [531.3832721392793, -4075.8792714003293], [526.4900110613256, -4076.763863400453], [520.9249632915627, -4078.7541954001417], [516.0317022136092, -4082.9449500004034], [510.02709031323064, -4090.6851300005032], [506.02125116003936, -4095.550386000005], [504.68597144113033, -4097.983014000149], [502.4632697986376, -4099.309902000727], [499.54390047727776, -4099.951231200364]]]}, "properties": {"name": "", "area": 31924.279012353043}}, {"type": "Feature", "geometry": {"type": "Polygon", "coordinates": [[[42.563077720322106, -3469.1155038003503], [40.11644718134532, -3468.131395200635], [38.2006110647554, -3465.9088578005894], [36.20183831874675, -3462.3815472002243], [36.20183831874675, -3438.4975632000287], [36.42576721523082, -3435.8437872004433], [38.00156315650765, -3433.543848000279], [39.31196188600176, -3432.7587726005327], [41.75859242497854, -3432.7587726005327], [49.54634183605562, -3433.4111592002996], [51.346066673816516, -3432.6703134002846], [55.55095373643414, -3433.632307200527], [64.69886385347796, -3433.3227000000516], [138.30512160281052, -3433.632307200527], [146.7563640421658, -3432.9799205999743], [151.45057721187163, -3432.8914614005116], [155.65546427448925, -3433.4111592002996], [158.57483359584907, -3434.64958800063], [162.5723790866878, -3438.851400000235], [167.46564016581993, -3446.591580000335], [169.44782558594486, -3455.083663200579], [169.44782558594486, -3458.400883200061], [168.80091988355036, -3460.3027560002874], [167.4490528399362, -3462.160399199997], [164.10670671384455, -3463.0449912001204], [55.32702483877147, -3467.6780418000512]]]}, "properties": {"name": "", "area": 4192.8722596966545}}, {"type": "Feature", "geometry": {"type": "Polygon", "coordinates": [[[-822.5986556128732, -3125.8827504001724], [-819.0157932644138, -3125.8053486000535], [-811.5680840298286, -3126.2476446005085], [-803.9876761893518, -3126.8226294001565], [-799.8823130808581, -3126.1370706000016], [-796.5316732912352, -3125.938037400033], [-755.154589358047, -3125.3851674006432], [-741.3622280465914, -3126.0486114005394], [-731.4678882730293, -3126.3803334004874], [-721.2335083217968, -3125.274593400137], [-682.9831352817474, -3124.257312600034], [-674.7558217388761, -3123.494352000546], [-669.0663690279316, -3123.505409400675], [-664.1896952746831, -3124.589034599982], [-658.9481003567067, -3124.279427400292], [-655.4979366129601, -3123.3948354001686], [-652.8273771774992, -3121.736225400428], [-649.8416585526044, -3118.850244000486], [-648.2824499383898, -3116.196468000115], [-647.6189569101117, -3113.100396000075], [-647.27891673362, -3109.562028000366], [-648.506378834874, -3077.064329400076], [-647.7267745277667, -3070.982759400503], [-647.3950280136276, -3066.792004800241], [-646.3914948088577, -3063.0324888003047], [-646.3914948088577, -3060.046990799986], [-647.0632814994885, -3056.729770800504], [-647.7267745277667, -3048.657868800456], [-647.502845630104, -3041.80228080048], [-647.9507034242508, -3039.601858200693], [-649.2859831419812, -3038.1643962003936], [-650.8451917573743, -3036.948082200322], [-653.5074575304826, -3036.3952122001465], [-655.6223415553202, -3036.7269342000945], [-657.9611544778206, -3037.8326742004456], [-661.3947308956836, -3041.1609516000563], [-663.1695747452081, -3043.8147276004274], [-664.1896952746831, -3046.3358148000334], [-664.9692995817904, -3048.326146800508], [-666.6197384877762, -3049.1222796003835], [-668.0628358231617, -3049.5645756000526], [-668.8590274561526, -3050.7587748006517], [-670.7499825845063, -3054.1865688006396], [-673.8683998152925, -3058.4989547999658], [-676.9785233813689, -3061.484452800285], [-678.537731996762, -3062.921914800584], [-682.6513887676083, -3067.455448800137], [-684.6418678500858, -3070.3414302000792], [-688.7555246209321, -3074.54324220047], [-690.1073916657248, -3076.622033400407], [-691.1026312069636, -3078.501791400375], [-693.4414441282853, -3080.602697400571], [-696.095416239041, -3082.935808800337], [-699.8939138216319, -3084.5833614007342], [-707.2338054397409, -3087.790007400495], [-719.4503708110982, -3091.228858800612], [-723.4727972901733, -3091.9918194001], [-724.5841481114196, -3092.5446894002757], [-726.2511743432891, -3093.982151400575], [-764.9411115151327, -3103.94486880072], [-767.6116709517722, -3105.1611828000064], [-773.6162828509721, -3107.59381080015], [-776.4195408923244, -3109.230306000418], [-779.0901003289638, -3109.4514540006453], [-780.5166103384655, -3109.14184680017], [-781.5201435420569, -3108.5889767999943], [-783.5189162880654, -3108.699550800501], [-785.4264587423028, -3109.230306000418], [-790.7675776144031, -3109.7831760005934], [-812.3393946745833, -3109.4514540006453], [-821.3546061869143, -3108.6774360002423], [-829.2501732144677, -3109.1197320006972], [-831.365057240484, -3109.7831760005934], [-832.4598207358466, -3110.5682514003397], [-833.795100453577, -3112.6691574005354], [-834.9064512748233, -3117.6449874005434], [-834.9064512748233, -3121.293929399973], [-833.8116877794608, -3124.3678866005403], [-831.7880340452159, -3126.4909074002085], [-829.3579908321228, -3127.6851066000218], [-827.6743772743695, -3127.70722140028], [-826.6708440695996, -3127.2649254006114], [-825.1531037695053, -3126.3471612001]]]}, "properties": {"name": "", "area": 6598.280050871312}}, {"type": "Feature", "geometry": {"type": "Polygon", "coordinates": [[[1044.5785416597687, -4606.0705440003585], [1042.355840017276, -4604.522508000339], [1040.796631401883, -4601.426436000299], [1039.6852805806366, -4593.465107999972], [1037.0147211451756, -4581.744264000494], [1029.8987584235508, -4564.494720000047], [1021.8870801159898, -4547.698529400184], [1020.5518003970806, -4546.150493400164], [1020.3361651641278, -4544.160161400476], [1019.888307369981, -4539.073757400746], [1020.5518003970806, -4536.419981400376], [1023.4711697184405, -4533.014302200646], [1028.3395498093362, -4529.785541400626], [1037.6865078358064, -4525.362581400009], [1043.931635957374, -4523.06264220063], [1053.253712995608, -4518.506993400032], [1067.7178609965158, -4512.09370140051], [1071.051913460255, -4511.430257400614], [1073.7224728968943, -4511.872553400283], [1074.858704706377, -4514.437870200406], [1076.6169612300178, -4520.939621400176], [1077.7283120500856, -4541.948681400559], [1076.1939844241074, -4566.8388888007285], [1072.6360030638841, -4593.376648800509], [1069.965443627245, -4603.991752800422], [1068.381354024794, -4606.9551360004825], [1065.7356755763908, -4608.414712800254], [1063.0485288150464, -4609.166616000399], [1058.8187607641923, -4608.945468000172]]]}, "properties": {"name": "", "area": 3911.5873866556212}}, {"type": "Feature", "geometry": {"type": "Polygon", "coordinates": [[[527.3774329849093, -4335.440679000096], [524.4829446529644, -4334.998383000427], [522.2602430104718, -4333.892643000076], [520.037541367979, -4331.238867000491], [518.9261905467326, -4327.0370550001], [518.0304749596178, -4319.960319000682], [517.8148397254863, -4305.143403000378], [517.5909108278237, -4301.394944400572], [518.7271426384849, -4298.652709200738], [520.9249632915627, -4296.750836400512], [524.2590157553018, -4295.645096400161], [532.0467651675574, -4294.09706040014], [537.18883613141, -4292.2394172004315], [542.2811451176113, -4290.116396399977], [555.650529624335, -4287.374161200144], [564.9974876496267, -4286.710717200248], [572.5530145018671, -4287.153013200702], [587.4401393086853, -4288.568360400743], [599.9221018906468, -4286.931865200475], [608.1494154323394, -4285.604977200683], [623.5009853580095, -4285.826125200124], [633.9344132174897, -4285.472288400703], [643.0740296721809, -4284.056941200663], [650.1734050679221, -4284.366548400352], [711.1235333152817, -4282.597364400105], [723.8294247937273, -4281.182017200064], [772.9859644756401, -4277.201353200686], [780.085339871381, -4277.068664400707], [781.6445484855957, -4277.510960400376], [781.8601837197272, -4279.280144400624], [778.5510122442242, -4281.182017200064], [774.9681498957648, -4283.039660400559], [772.3224714485403, -4284.499237200332], [768.9635379953863, -4285.251140400475], [766.2929785599255, -4285.029992400248], [761.8392816125876, -4285.472288400703], [756.2825275063557, -4287.241472400165], [733.8149948590608, -4291.664432399997], [718.4634249333907, -4294.09706040014], [705.1189214149032, -4297.856576400077], [682.4274598711241, -4302.500684400137], [679.3339236309315, -4304.612647800462], [676.6467768684083, -4304.922255000151], [672.6409377152171, -4304.922255000151], [660.8473491485915, -4308.239475000419], [649.7255472737754, -4311.777843000127], [647.9424097618983, -4313.989323000043], [643.7209353745754, -4315.537359000064], [640.1795413390574, -4317.43923180029], [638.1558876048125, -4320.181467000124], [635.9331859623197, -4321.950651000371], [631.7034179114659, -4323.056391000722], [623.7000332662573, -4322.835243000494], [618.3837953823933, -4321.198747800227], [612.8021602879252, -4320.623763000578], [604.1269889520859, -4322.171799000598], [597.8984481564019, -4321.508355000702], [592.7812581807856, -4322.39294700004], [588.9993479228998, -4324.604427000741], [575.4226218455757, -4327.921647000224], [570.5293607676222, -4327.921647000224], [556.7369994561666, -4331.017719000263], [542.729002911758, -4333.671495000634], [533.829902678256, -4334.998383000427]]]}, "properties": {"name": "", "area": 6926.5574114923365}}, {"type": "Feature", "geometry": {"type": "Polygon", "coordinates": [[[1155.1413610455402, -4410.830032200361], [1155.80485407264, -4416.579880199986], [1154.9174321490561, -4421.666284200501], [1152.470801608901, -4426.531540200002], [1149.1367491451617, -4431.39679620029], [1146.242260813217, -4433.165980200537], [1142.908208349478, -4433.608276200206], [1139.7897911198702, -4432.723684200082], [1132.4498995017614, -4424.320060200086], [1124.2391732847739, -4411.183869000568], [1123.3268703717752, -4405.743628200632], [1124.4382211930215, -4400.889429600474], [1128.4440603473913, -4393.370397600602], [1135.568316731369, -4387.178253600522], [1137.3680415691297, -4383.772574400006], [1136.2566907478833, -4380.897650400194], [1134.0091081159758, -4379.438073600422], [1131.8029937993667, -4376.032394400692], [1131.786406473483, -4373.688225600011], [1132.6738283982454, -4370.371005600529], [1130.6667619898842, -4369.044117600737], [1127.5566384226292, -4370.371005600529], [1125.9974298084146, -4372.582485600446], [1123.7747281659217, -4373.909373600239], [1122.2155195505288, -4371.9190416005495], [1122.4394484481916, -4367.717229600159], [1123.35175136119, -4365.638438400221], [1125.7735009119306, -4365.72689760047], [1128.4689413356277, -4365.859586400449], [1131.1395007722672, -4364.090402400202], [1130.2271978592685, -4361.746233600306], [1126.445287601383, -4361.303937600637], [1124.4631021824364, -4360.552034400493], [1122.6882583329118, -4361.878922400286], [1118.8814670867898, -4363.073121600099], [1115.5474146242293, -4362.6308256004295], [1114.4277701394517, -4361.082789600409], [1115.5474146242293, -4359.53475360039], [1119.321031218584, -4356.43868160035], [1121.9915906540446, -4352.679165600413], [1123.7747281659217, -4348.709559000379], [1125.9974298084146, -4348.488411000152], [1128.0210835426597, -4349.284543800028], [1130.4511267557527, -4349.373003000275], [1131.562477576999, -4347.161523000359], [1129.3314822721536, -4344.507746999989], [1127.108780629661, -4343.180859000196], [1125.3339367801366, -4339.421343000259], [1123.1029414752911, -4333.892643000076], [1121.552026523429, -4330.575423000594], [1118.6575381903056, -4328.363943000678], [1115.5474146242293, -4325.48901900008], [1115.0995568300825, -4321.287207000475], [1115.787930846597, -4318.323823800414], [1117.3471394608116, -4315.670047800043], [1115.3234857265666, -4313.104731000706], [1110.8697887792287, -4310.893251000004], [1105.313034672997, -4310.672103000562], [1101.5477117409946, -4309.477903799963], [1095.7421477500425, -4311.335547000459], [1091.5206733615412, -4312.441287000024], [1089.9614647473268, -4314.8739150001675], [1089.2979717190485, -4319.075727000558], [1088.8749949143169, -4321.862191800123], [1090.6498387626627, -4324.958263800163], [1091.0976965568095, -4326.72744780041], [1087.5397151965863, -4327.833187799975], [1086.1795544894408, -4329.690831000471], [1082.8455020257018, -4332.344607000056], [1079.9510136925783, -4331.902311000387], [1077.0565253606335, -4329.911979000698], [1075.082633602861, -4330.4869638003465], [1073.0755671944999, -4331.150407800243], [1071.4997712544016, -4329.248535000016], [1071.051913460255, -4324.162131000287], [1068.605282921278, -4324.825575000184], [1067.9583772188835, -4326.72744780041], [1064.8233726633923, -4327.258203000327], [1061.2653913031693, -4325.2678710006385], [1055.2607794039693, -4319.739171000455], [1032.5941988484265, -4294.22974920012], [1021.2235870877113, -4278.616700400727], [1003.6741965077848, -4255.749997200634], [1002.3140358018181, -4253.416885800082], [1002.5379646983023, -4251.647701800621], [1004.9845952372791, -4251.205405800166], [1012.3493678436242, -4251.116946600703], [1034.5929715944353, -4248.68431860056], [1048.1614040082281, -4247.799726600436], [1063.712021842146, -4250.320813800042], [1079.3041079913623, -4255.318758600309], [1091.761189583909, -4260.836401200363], [1104.6661289706024, -4268.79772920069], [1115.787930846597, -4278.085945200024], [1126.445287601383, -4289.895248400536], [1138.2554634927135, -4304.612647800462], [1145.1557909802068, -4317.43923180029], [1146.9057538403165, -4323.9409830000595], [1148.0419856497992, -4330.929259800016], [1153.134294637179, -4391.380065600127], [1152.470801608901, -4395.581877600518], [1151.5999670112008, -4399.031786399979], [1151.5999670112008, -4402.780245000571], [1152.4956825983159, -4406.3186130002805]]]}, "properties": {"name": "", "area": 9188.621853752993}}, {"type": "Feature", "geometry": {"type": "Polygon", "coordinates": [[[14.489028990322714, -4422.882598200573], [18.428518842336203, -4422.241269000149], [21.961619214323022, -4421.002840200605], [25.295671678062096, -4419.4548042005845], [28.654605130037485, -4415.8279770006275], [36.20183831874675, -4404.637888200281], [58.90988718840953, -4372.051730400529], [64.2261250722735, -4362.6308256004295], [64.91449908760944, -4358.340554400576], [63.5875130322316, -4355.023334400309], [62.252233314501176, -4353.254150400062], [62.691797445116734, -4351.274875800502], [65.36235688175618, -4349.726839800483], [65.8102146747243, -4348.621099800132], [64.69886385347796, -4346.851915800669], [53.12920418569367, -4338.448291800673], [47.76320432417846, -4336.546419000447], [42.007402309698925, -4335.352219800634], [36.2184256446305, -4334.909923800179], [-38.76458013655255, -4340.748231000052], [-48.97407909837009, -4342.20780780061], [-53.42777604688669, -4343.75584380063], [-58.56155334720807, -4346.276931000236], [-61.45604168033158, -4349.151855000048], [-63.886084894603215, -4352.811854400393], [-66.12537386180108, -4357.765569600143], [-73.91312327405676, -4391.822361600582], [-74.58490996468755, -4403.753296200158], [-74.13705217054083, -4410.387736200692], [-73.22474925754221, -4414.279941000607], [-71.02692860328581, -4419.675952200026], [-65.90973862884819, -4426.752688200229], [-63.678743322824296, -4428.0795762000225], [-60.9915965614797, -4428.212265000002], [-56.78670949886209, -4426.31039220056], [-50.33423980551543, -4424.541208200313], [-37.42930041882213, -4423.214320200521], [-24.698527952140253, -4422.772024200066]]]}, "properties": {"name": "", "area": 10092.921502198325}}, {"type": "Feature", "geometry": {"type": "Polygon", "coordinates": [[[1180.0555242318121, -4482.028630800364], [1179.831595335328, -4479.153706800552], [1181.3908039495425, -4477.605670800532], [1184.7248564132815, -4477.163374800077], [1197.430747891727, -4478.18065560018], [1234.801992671724, -4481.940171600117], [1253.910591865865, -4483.134370800715], [1269.7017259233291, -4482.470926800033], [1289.5235801222211, -4480.170987600654], [1306.857335468016, -4478.711410800097], [1315.7481420379868, -4478.932558800325], [1319.5549332841092, -4479.7286916002], [1321.9766828348495, -4482.249778800592], [1323.3119625525799, -4485.566998800074], [1323.3119625525799, -4489.989958800692], [1321.3131898065715, -4495.51865880009], [1317.531279549864, -4500.826210800045], [1313.5254403954941, -4503.922282800086], [1306.8739227938997, -4507.58228220043], [1285.5177409678513, -4517.091646199991], [1280.8235277981453, -4520.939621400176], [1278.3768972591688, -4524.035693400216], [1276.602053409644, -4528.900949400503], [1276.37812451316, -4534.208501400459], [1277.0416175402595, -4540.179497400311], [1278.401778247405, -4547.388922200495], [1278.401778247405, -4554.465658200698], [1276.154195616676, -4571.129160000582], [1273.0606593753046, -4585.857616800637], [1271.4848634340276, -4589.04214800014], [1269.7017259233291, -4589.705592000036], [1267.9268820738046, -4589.263296000367], [1263.4980661147029, -4585.63646880041], [1250.7921746362574, -4570.4657160006855], [1212.981365725645, -4524.256841400444]]]}, "properties": {"name": "", "area": 7317.148593429942}}, {"type": "Feature", "geometry": {"type": "Polygon", "coordinates": [[[799.3681059855335, -3881.2248018001087], [813.8986032899763, -3902.764617000409], [834.3590695289101, -3932.829687600555], [848.5992886333338, -3960.6832781999997], [861.0563702258803, -3990.3171102006063], [867.2849110227428, -3997.382788800681], [872.6260298948432, -4000.036564800266], [879.741992616468, -3998.2673808000186], [885.0831114885684, -3994.740070200439], [892.1990742090147, -3986.778742200112], [897.9880508752617, -3976.6059342006542], [903.7687338779775, -3958.9140942005383], [906.4392933134385, -3941.2333116005516], [912.2199763173328, -3924.8683596002284], [918.4485171130168, -3916.9180890000302], [929.1307548572174, -3909.399057000158], [953.5970602505212, -3898.783953000245], [974.5053842824229, -3886.8419610005403], [981.1817828722536, -3880.6498170004606], [982.9649203841308, -3874.911026400179], [982.069204797016, -3869.6034744002227], [978.959081229761, -3866.507402400183], [968.965217502075, -3862.6594271999984], [942.9231161686731, -3854.565410400478], [921.5669343426243, -3845.277194400358], [908.6619949559312, -3836.884627800491], [897.5401930811149, -3828.923299800164], [890.4242303606687, -3824.0580438006623], [883.7478317696593, -3822.7311558000843], [875.097541423235, -3823.748436600187], [862.8395077377575, -3827.5964118003712], [843.9465437765693, -3833.478948599976], [835.2547851160249, -3836.000035800367], [827.690964601432, -3835.1154438002436], [817.4565846501995, -3831.5770758005347], [803.017317637528, -3828.613692600474], [794.3172653134523, -3826.7118198002477], [788.5365823095578, -3821.4042678002916], [784.0911790245724, -3820.077379800499], [780.9727617949649, -3822.288859800415], [779.1979179466189, -3828.481003800495], [777.4147804347417, -3833.788555800451], [773.8567990745184, -3838.2115158002835], [771.8746136543937, -3845.4098832003374], [771.6340974320258, -3852.7962264002304], [774.7442209992809, -3860.3152584001027], [779.1979179466189, -3866.9496984006373], [787.4501124777264, -3871.7043804004184]]]}, "properties": {"name": "", "area": 18341.044506820384}}, {"type": "Feature", "geometry": {"type": "Polygon", "coordinates": [[[-214.35800988994126, -215.46449640063472], [-219.35908858554987, -212.25785040008827], [-221.14222609742703, -208.95168780073593], [-219.58301748203394, -195.80443920030262], [-215.02150291821948, -181.551450600304], [-207.12593588948735, -169.83060660004065], [-196.8915559382549, -161.7697620001219], [-185.8775716810938, -155.9203974001194], [-174.31620567448348, -153.15604740002766], [-161.51908390544523, -153.04547340030683], [-149.28593120820412, -155.69924940067776], [-137.94020043690392, -160.77459600027743], [-127.70582048567145, -169.28879399999437], [-120.58985776522518, -178.78710060021226], [-116.14445448023974, -189.61229520022277], [-114.02957045422347, -200.6586378004606], [-114.36131696836259, -214.0270344003356], [-117.47973419797017, -226.17911700013872], [-122.81255940771788, -236.46249900010298], [-129.71288689403266, -244.63391760052824], [-137.38452502628073, -250.2731916004326], [-146.6153717727433, -255.45911220053875], [-154.1791922873363, -257.670592200455], [-162.7465460055206, -258.0023142004032], [-167.86373598113684, -253.91107620051878], [-152.96002384843487, -234.58274100013486], [-199.89386188903347, -198.226009800317]]]}, "properties": {"name": "", "area": 6695.500196760337}}, {"type": "Feature", "geometry": {"type": "Polygon", "coordinates": [[[750.153510663617, -727.5105755999646], [768.3581006082906, -730.020605400227], [778.4266073018641, -728.671602600176], [785.2025298458187, -724.2486426003435], [803.2163655457757, -702.5097942000743], [798.1821121983996, -687.3058691999624], [799.3432249972973, -679.4219430005398], [785.9821341541046, -680.195961000157], [772.4219954026643, -695.001819600331], [764.8664685504237, -695.3888286001396], [759.6414609583311, -689.0418810006078], [748.9923978647195, -690.5788596004985], [689.3443746845013, -705.7717272004812], [656.8083353436327, -719.4386736007023], [614.5935914633335, -743.8644702001586], [515.4428521512185, -782.3442222004304], [473.9994189156739, -792.152136000338], [462.57075151495496, -798.3111078000302], [456.95594176871936, -806.5820430000471], [456.3753853698599, -820.6249410007332], [464.5114686209598, -834.8668722006026], [487.16146185061876, -849.8717640007455], [516.023408550078, -863.3396772002121], [544.6780136801154, -868.3376220004786], [641.5065273944354, -866.6126675999626], [720.7607695405924, -875.5028172001446], [761.8973372525913, -881.8608222005913], [794.5992498499402, -884.2049910004869], [862.3750626189056, -892.2437208001471], [878.5559988293343, -889.2361080003553], [890.6979212336254, -874.828315800119], [891.3697079242562, -846.3555108005095], [887.3224004557662, -819.8951526000616], [895.0769752162545, -800.1355788001379], [914.973472381034, -782.7201738001097], [936.8936232800581, -784.7215632007136], [958.8054805167299, -794.4410178003732], [985.4447255748752, -787.7402334006347], [1021.8621991265748, -789.0781788005565], [1047.1495771411057, -804.8239164007147], [1066.7060341293934, -802.1480256000852], [1140.2044742622495, -766.6427142000034], [1191.7993508196078, -744.1961922001068], [1211.0157676314036, -741.5203014002632], [1218.4303022154004, -730.1311794007336], [1201.577579314341, -719.0737794003664], [1180.3292151059472, -701.3266524003902], [1162.7964118519046, -683.9112474003621], [1152.006356490049, -679.2118524004418], [1141.5563413058635, -680.5608552004928], [1129.0826723862547, -694.2941460007036], [1117.2807901584551, -705.0087666002075], [1109.8662555744586, -704.6770446002595], [1096.712506303045, -694.9575900005999], [1093.6770257016776, -687.250582200102], [1099.0762002137815, -678.5484084005454], [1114.5853497335795, -664.1406162003091], [1126.3872319625577, -662.139226800491], [1135.1536335889896, -661.7964474004136], [1144.251781729561, -641.3623722004643], [1137.1772873232346, -629.6415282002009], [1108.8544287073362, -612.2261232001728], [1078.5079163583714, -581.4091494006677], [1066.7060341293934, -570.3628068004299], [1052.5404579908572, -566.6696352004833], [1032.9840010025694, -564.9999678006133], [989.1519928668733, -573.0386976002735], [970.6073627457081, -584.759541600537], [949.7073323761587, -589.7906586004054], [915.9852992481564, -587.778211800458], [901.4879765954811, -590.7858246002498], [876.8723852715809, -604.1873934005125], [863.7269296625198, -617.2461828006977], [851.5850072570499, -646.0617672003847], [851.2449670805582, -660.4585020004918], [861.3632357517832, -676.8676836005462], [865.6510594426408, -688.8096756002512], [863.8596282684113, -701.5035708001006], [858.4936284068959, -709.6307598000091], [829.1091809474025, -738.5679756003317], [823.7431810870659, -739.8395766002639], [825.7834221471946, -733.238308800117], [846.741508155569, -708.1048386002475], [848.5329393309775, -697.6998252004332], [842.3956288247074, -690.5899170006278], [833.7038701641629, -686.0232108006867], [828.8520773991509, -685.7688906000717], [822.4659570081607, -691.0985574002864], [789.7557507484593, -732.4753482006291], [789.2415436519561, -740.3482170007082], [791.2900783744375, -752.7877920007284], [796.3989746865225, -762.9384852007133], [799.7247334879089, -767.7595116004836], [795.635957705299, -770.8113540000066], [787.2013025918275, -769.7940732006895], [778.7666474783558, -766.99655100021], [770.0831824801638, -768.2681520001422], [756.2825275063557, -774.1064592000155], [738.135993201686, -793.1473020001824], [719.9977525593689, -817.2634914007348], [716.6719937579824, -817.2634914007348], [715.3947696802558, -814.2116490004261], [723.8294247937273, -803.0436750003381], [721.2749766370955, -798.4769688003971], [709.7716662716675, -792.3843414006946], [703.1284423324257, -791.3670606005917], [694.7020808824853, -784.2571524000005], [689.0789774738972, -771.0656742006216], [686.2674257690138, -762.9384852007133], [693.1677532553285, -764.7187266003041], [700.831097725224, -762.4298448002689], [705.6828904890576, -754.5569760001899], [719.7406490111173, -749.4816294005902], [730.4726487329691, -735.5271906001522], [736.6099592380604, -732.2210280000141], [738.3930967499375, -726.1284006003116], [741.975959098397, -723.5962560005763]]]}, "properties": {"name": "Lake Logo", "area": 113198.76526931222}}, {"type": "Feature", "geometry": {"type": "Polygon", "coordinates": [[[3613.7479494541753, -2973.5338932001496], [3604.7493252677277, -3151.270540800657], [3609.999213848057, -3154.6209330005263], [3641.8717601618255, -3130.770121200718], [3645.993710596203, -3116.6166492003113], [3644.8657724490736, -2974.274739000165]]]}, "properties": {"name": "", "area": 6060.122718043625}}, {"type": "Feature", "geometry": {"type": "Polygon", "coordinates": [[[5035.4973963129405, -3577.0689000001094], [5047.747136334887, -3577.511196000564], [5062.982594981728, -3581.58031920019], [5080.100715093391, -3584.6653338001006], [5091.205929642324, -3584.278324800292], [5106.416507300928, -3584.886481800328], [5132.715712181403, -3587.562372600172], [5143.373068937368, -3584.3336118001525], [5150.920302126077, -3582.8740350003804], [5167.781318690668, -3584.6653338001006], [5173.139024888651, -3584.886481800328], [5178.679191669, -3582.520198200174], [5188.034443357823, -3580.596210600475], [5201.528232806906, -3580.8063012005728], [5212.965193869978, -3580.8615882004333], [5223.746955568303, -3586.887871200146], [5230.497997124021, -3596.2756038006432], [5237.912531706838, -3608.3392272001984], [5238.584318397469, -3622.4152974004865], [5233.865224238349, -3633.1299179999905], [5230.497997124021, -3643.181094600384], [5215.660634293675, -3651.2308818001734], [5209.589673092119, -3660.6075570005414], [5207.566019357874, -3671.3332350001747], [5214.980553940692, -3678.7085208007243], [5222.021873696429, -3683.872326600572], [5230.298949215773, -3683.8612692004426], [5240.218169977571, -3679.5599406004603], [5251.207273247675, -3675.059578800509], [5262.768639253106, -3669.5087640000665], [5275.093022240941, -3665.8708793999804], [5287.533516508782, -3666.1583718001975], [5296.872180871721, -3669.7962564002837], [5306.12790860642, -3679.0844724004037], [5318.94161770252, -3693.1605426006918], [5324.241268260501, -3695.8806630002664], [5329.739966726728, -3698.0368560003226], [5336.665175202458, -3699.0873090000273], [5343.399629432292, -3698.0368560003226], [5347.828445391394, -3696.212385000215], [5352.597301526988, -3700.513713600197], [5356.594847019005, -3702.83576760062], [5351.203966169253, -3710.199996000255], [5337.038390029538, -3707.524105200411], [5319.505586775496, -3706.8496038003855], [5306.020090989943, -3706.1861598004893], [5293.886462248004, -3706.8496038003855], [5277.697232374045, -3710.199996000255], [5262.188082854247, -3713.550388200124], [5252.069814183023, -3714.2248896001497], [5236.560664663224, -3714.2248896001497], [5208.237806048504, -3700.148819400647], [5186.657695324793, -3680.046466200646], [5167.781318690668, -3663.2945052005143], [5149.568435082462, -3655.244718000725], [5130.011978094175, -3657.257164800672], [5107.7600806810115, -3663.2945052005143], [5094.946371586089, -3667.982842800305], [5082.812742844151, -3672.6711804000965], [5068.647166704436, -3676.6960739999913], [5062.584499165233, -3676.6960739999913], [5052.4662304940075, -3676.0215725999656], [5045.723482600642, -3673.345681800122], [5030.214333080845, -3659.944113000645], [5024.143371878109, -3645.1935414003315], [5019.424277720167, -3625.09118820033], [5016.728837295292, -3609.6771726001202], [5016.728837295292, -3598.288050600591], [5019.399396730752, -3588.424849800037], [5024.143371878109, -3580.8615882004333]]]}, "properties": {"name": "", "area": 21950.403950205073}}, {"type": "Feature", "geometry": {"type": "Polygon", "coordinates": [[[4006.585583768276, -3623.73112800015], [4001.3025205361796, -3617.306778600499], [3994.2612007804423, -3619.0649052006174], [3988.389287487134, -3626.064239400702], [3971.951247728454, -3642.3960192006375], [3953.166101383742, -3666.3131754004353], [3941.422274795946, -3683.8170396007113], [3929.686741870503, -3701.9069459999796], [3912.6598520494326, -3727.582228800681], [3899.157768937996, -3742.741924200276], [3889.761048935053, -3750.9133428007012], [3889.761048935053, -3756.7516500005745], [3893.874705705899, -3759.6708036001182], [3902.674281984099, -3760.245788400552], [3924.984235037266, -3767.831164800414], [3933.7921049778183, -3767.831164800414], [3941.422274795946, -3763.164942000096], [3945.535931566793, -3759.6708036001182], [3944.947081504402, -3746.8331622001606], [3944.3582314431897, -3732.8234364006476], [3947.294188090433, -3715.905614400149], [3954.335507844992, -3705.4121418000864], [3961.973971325473, -3703.6540151999684], [3974.2983543133064, -3700.159876799991], [3993.08350065684, -3700.159876799991], [4004.827327245814, -3699.573834600213], [4017.151710232469, -3696.0686388001063], [4018.9182604184625, -3689.0693046000215], [4013.0463471251537, -3683.2420548002774], [4011.2797969391604, -3674.484594000075], [4011.2797969391604, -3657.5667720003617], [4010.699240539122, -3637.729796400319]]]}, "properties": {"name": "", "area": 6690.982833713293}}, {"type": "Feature", "geometry": {"type": "Polygon", "coordinates": [[[4458.897074343762, -3519.1723535999913], [4470.168162150354, -3516.927701400473], [4480.045914598032, -3517.745949000607], [4488.372752095027, -3522.2020812000414], [4493.357243464752, -3582.7413462004015], [4492.179543339971, -3624.394572000046], [4487.734140054986, -3643.84453860028], [4483.280443107647, -3665.5170426005598], [4485.063580619524, -3696.9090012004986], [4484.615722825378, -3742.896727800514], [4483.280443107647, -3752.173886400504], [4477.499760104932, -3756.5968464003367], [4469.935939590338, -3763.2312864000855], [4459.26199550849, -3764.115878400209], [4452.137739124512, -3764.558174400664], [4445.021776404067, -3759.250622400708], [4437.90581368362, -3750.8469984007115], [4433.0125526044885, -3686.7361932002555], [4436.1226761717435, -3670.3822986000614], [4433.452116735104, -3645.1714266000727], [4437.457955889474, -3623.0676840002534], [4434.347832322219, -3602.290829400227], [4435.235254246981, -3592.1180213999837], [4434.7873964528335, -3581.060621400402], [4433.89997452925, -3560.7260628000445], [4434.7873964528335, -3549.2263668000087], [4436.189025474099, -3536.1344052002214], [4444.383164365204, -3524.8558572004126]]]}, "properties": {"name": "", "area": 12610.373861969449}}, {"type": "Feature", "geometry": {"type": "Polygon", "coordinates": [[[-2778.360465732259, -2121.284788200692], [-2779.4801102170363, -2125.995240600742], [-2779.0488397487734, -2129.920617600259], [-2778.186298813426, -2137.793486400338], [-2776.7432014780406, -2146.4403732000346], [-2775.300104142655, -2152.7652060000937], [-2772.7456559872016, -2182.222119600204], [-2772.48855243895, -2189.520003600635], [-2771.717241794196, -2196.3092472006215], [-2769.229142941099, -2199.2505156004236], [-2765.3311214032055, -2200.5442314006145], [-2761.358456900603, -2199.7370412006094], [-2757.775594552144, -2197.6582500006725], [-2756.2993225649907, -2195.6568606000687], [-2755.7187661661314, -2192.903568000106], [-2755.453368955527, -2186.8772850003934], [-2754.673764647241, -2168.7873786003397], [-2753.71169975777, -2151.2835144000633], [-2753.9024540024866, -2137.8156012005966], [-2756.033925354386, -2126.647627200509], [-2761.457980854727, -2123.385694200102], [-2769.7184690481868, -2122.202552400418], [-2771.559662200068, -2121.4727640005317], [-2773.6579589002004, -2121.107869800196]]]}, "properties": {"name": "", "area": 1551.4219591547735}}, {"type": "Feature", "geometry": {"type": "Polygon", "coordinates": [[[-1641.8632587631862, -1658.9527794001401], [-1633.6525325473776, -1659.0744107999903], [-1629.1988355988608, -1658.9638368002695], [-1626.976133956368, -1658.1013596004043], [-1624.7534323138752, -1657.272054600141], [-1620.9383474054007, -1658.2229910002543], [-1619.0308049511632, -1659.4503624004553], [-1617.4135406969451, -1659.7489122000159], [-1608.9042426175859, -1660.3570692000517], [-1605.835587364451, -1652.7385206005877], [-1596.123708173253, -1647.9174942000316], [-1570.8280364963691, -1645.8829326006114], [-1569.2937088703911, -1637.5124808002174], [-1569.6752173610028, -1635.0024510007406], [-1571.8896253399644, -1632.9789468006638], [-1574.8753439648592, -1632.6803970003177], [-1577.8693562521066, -1632.6803970003177], [-1587.0255600326818, -1632.4592490000905], [-1605.7194760844436, -1633.4765298001932], [-1623.7830737608729, -1634.526982800684], [-1632.4748324225961, -1634.2394904004668], [-1634.9878122651078, -1634.2394904004668], [-1637.4924984440886, -1634.8255326002443], [-1639.7152000865813, -1636.0197318000578], [-1641.2578213760903, -1637.8994898000258]]]}, "properties": {"name": "", "area": 1408.185402234085}}, {"type": "Feature", "geometry": {"type": "Polygon", "coordinates": [[[-2702.913014832224, 3432.769829999876], [-2707.3003624772055, 3447.4982867999315], [-2707.9721491678365, 3455.5370165995914], [-2708.643935858467, 3467.246803199726], [-2707.632108991345, 3475.2855329993863], [-2703.9248416993464, 3490.3457117993894], [-2699.2057475402257, 3506.080391999418], [-2697.862174160143, 3512.7811763999425], [-2697.862174160143, 3522.1467941993956], [-2694.5447090222874, 3521.7818999998453], [-2687.7273181630344, 3516.8281847993103], [-2679.5995285754652, 3507.0313283995315], [-2671.6541995702605, 3498.9483689993544], [-2667.7644716958985, 3481.068553199399], [-2673.030947602111, 3470.785171199435], [-2679.400480667218, 3462.425776799955], [-2681.349491435575, 3454.530793199618], [-2683.8956459286755, 3445.2204624000256], [-2684.310329071055, 3438.143726399822], [-2684.6254882593103, 3432.8693465994675], [-2687.287754032419, 3429.817504199945], [-2692.960619418658, 3429.3530934000173], [-2699.1559855637533, 3431.0780477997478]]]}, "properties": {"name": "", "area": 2381.832794535905}}, {"type": "Feature", "geometry": {"type": "Polygon", "coordinates": [[[-2622.0829767459686, 3465.311758199897], [-2620.142259639964, 3475.683599399324], [-2615.4978084467307, 3481.068553199399], [-2609.493196546352, 3485.690546399986], [-2604.848745353119, 3486.265531199634], [-2598.0645291468118, 3484.1535677993097], [-2594.390436506581, 3483.567525599532], [-2591.6784087558217, 3483.3795497996925], [-2586.8349096543407, 3480.880577399559], [-2578.8978743114885, 3478.381604999426], [-2572.8932624122885, 3476.4576173997266], [-2567.278452666053, 3472.8086753995112], [-2566.8886505119103, 3468.9607001993268], [-2566.498848358946, 3464.5377401994942], [-2566.8886505119103, 3461.264749799744], [-2568.439565463772, 3458.7657773996107], [-2571.1515932145317, 3454.928859599556], [-2574.2451294559028, 3445.5079547994565], [-2576.575648714872, 3439.735991999573], [-2577.927515758486, 3434.7380471993065], [-2577.927515758486, 3432.239074799959], [-2580.058987110386, 3426.4671119992895], [-2582.7710148599667, 3425.1181092000243], [-2586.6441554084454, 3422.619136799891], [-2589.5469374051, 3421.8561761996175], [-2592.449719400576, 3419.357203799484], [-2597.8737749009165, 3418.3952100000274], [-2603.488584647152, 3415.1222195994915], [-2607.5607731038785, 3411.86028659987], [-2612.395978543007, 3410.8982927996276], [-2615.6885626914473, 3410.8982927996276], [-2624.2393290849263, 3415.2438509993412], [-2625.8068313626723, 3423.437384400025], [-2627.772429456913, 3428.9439695999504], [-2627.7973104451494, 3437.5245119996566], [-2626.4869117156554, 3451.4126063993194], [-2624.861353797906, 3458.3566535995437]]]}, "properties": {"name": "", "area": 3337.2423162721097}}, {"type": "Feature", "geometry": {"type": "Polygon", "coordinates": [[[-2481.488804198309, 3413.5852409996005], [-2475.6749465438256, 3417.6211919996244], [-2471.801805995347, 3421.2811913999694], [-2467.737911200974, 3436.8500105996313], [-2465.415685604357, 3439.923967799413], [-2455.338885247252, 3443.3849339997882], [-2440.6259273604455, 3449.9309147992894], [-2429.9768642680124, 3457.803783599368], [-2422.612091661667, 3463.763722199877], [-2415.255612717674, 3466.848736799788], [-2400.924163321479, 3468.18668219971], [-2392.20752367152, 3464.725715999334], [-2382.719573376806, 3458.96481059958], [-2378.265876429468, 3450.5058995997233], [-2374.201981635094, 3443.3849339997882], [-2379.0454807365754, 3431.2770809997164], [-2378.846432828327, 3423.2051789996685], [-2381.168658424944, 3415.32125279946], [-2384.270488328668, 3413.972249999409], [-2406.7380209759626, 3416.4712223995425], [-2412.352830722198, 3409.936298999385], [-2416.8065276695365, 3402.8153333994505], [-2424.552808767672, 3396.6674189998876], [-2433.650956908243, 3389.9334623997615], [-2443.5287093559214, 3387.2465141997886], [-2455.9277353096427, 3384.5595659998157], [-2464.8351292054977, 3385.7095355998977], [-2470.8314474423446, 3390.895456200004], [-2480.3276913994114, 3395.705425199645], [-2485.9425011456474, 3403.014366599419], [-2488.264726742264, 3408.2002871995255]]]}, "properties": {"name": "", "area": 5520.419674501754}}, {"type": "Feature", "geometry": {"type": "Polygon", "coordinates": [[[-4036.84086582547, -1846.5968574001467], [-4026.6147795377683, -1851.1635636000879], [-4017.674210991325, -1855.4870070003287], [-4011.5369004862337, -1858.0302090001933], [-4004.130659565768, -1857.5105112004053], [-3995.953108000548, -1857.0018708007467], [-3986.2412288093496, -1855.2326868004996], [-3971.6775568531393, -1859.0364324001669], [-3966.311556992803, -1864.1117790005524], [-3965.5983019880523, -1870.1159472000068], [-3967.0745739740264, -1875.7883934002987], [-3973.4689880273695, -1885.1871834001395], [-3981.1323324960863, -1895.083556400295], [-3992.6273491991615, -1909.5576930005209], [-4010.5167799555798, -1908.7947324002473], [-4028.6633142602495, -1909.0490526000767], [-4039.644123868001, -1909.0490526000767], [-4044.504210294186, -1902.4477848007155], [-4047.0586584508183, -1896.100837200398], [-4046.0385379213435, -1886.4587844000716], [-4045.7814343730915, -1876.297033800743], [-4050.8903306851767, -1869.1871256001518], [-4052.9388654076583, -1860.8166738005434], [-4051.661641329931, -1851.4178838007028], [-4046.0385379213435, -1847.3598180004203]]]}, "properties": {"name": "", "area": 4016.789240328595}}, {"type": "Feature", "geometry": {"type": "Polygon", "coordinates": [[[-344.85879475579094, -4037.8528728006413], [-348.19284721953, -4036.083688800394], [-388.6825092279559, -4035.641392800725], [-392.6800547199732, -4035.1990968002706], [-394.9110500248185, -4032.3241728004577], [-395.7984719495808, -4028.133418200196], [-397.5733157979268, -3968.4345156002287], [-392.9039836164573, -3962.905815600045], [-384.676670073586, -3960.694335600129], [-280.56632038116106, -3979.491915600596], [-283.0129509201378, -4035.4202448004976], [-279.90282735406146, -4040.5066488002267], [-271.8911490453217, -4041.6123888005777], [-242.08372478109638, -4042.718128800143], [-239.86102313860368, -4048.025680800099], [-239.41316534445693, -4094.455703400569], [-242.30765367758045, -4121.203554000448], [-243.85856862944237, -4155.702642000556], [-246.08956393546626, -4160.335692600487], [-258.7622807621443, -4160.556840600714], [-330.1707178572205, -4159.67224860059], [-335.2879078328367, -4155.481494000329], [-335.2879078328367, -4145.529834000313], [-335.0639789351741, -4064.3906328004223], [-335.5118367293208, -4051.121752800139], [-336.3992586540831, -4044.929608800059], [-339.9572400143062, -4040.285500799999]]]}, "properties": {"name": "", "area": 19126.46118193667}}, {"type": "Feature", "geometry": {"type": "Polygon", "coordinates": [[[-1460.4559713553142, -3778.5236706004457], [-1470.6903513065465, -3762.601014600577], [-1493.3818128503258, -3743.151048000343], [-1501.393491157887, -3734.7474240003467], [-1500.497775570772, -3725.459208000227], [-1495.6045144928185, -3718.8358254006075], [-1484.9305704109704, -3717.508937400029], [-1462.6869666613381, -3716.1820494002363], [-1447.5593256321522, -3710.8744974002802], [-1426.2031438061035, -3697.605617399997], [-1415.520906061903, -3692.2980654000407], [-1387.9361834389917, -3685.2323867999667], [-1365.6925796893595, -3688.3284588000065], [-1346.119535375188, -3694.067249400288], [-1323.428073831409, -3715.2974574001128], [-1301.1844700817767, -3737.843496000387], [-1281.1635679734584, -3755.9776320001715], [-1277.6055866132353, -3775.8698946000745], [-1284.2736915407133, -3808.588741200592], [-1285.608971258444, -3842.6344758001164], [-1284.2736915407133, -3872.6995464002625], [-1288.7273884880515, -3888.6222024001313], [-1309.6357125199534, -3891.275978400502], [-1445.3283303261283, -3894.814346400211], [-1537.4294562201533, -3895.6989384003346], [-1539.652157862646, -3883.7569464006297], [-1534.7588967835138, -3866.960755799981], [-1525.8597965511906, -3855.4610598007307], [-1504.503614725142, -3848.384323800527], [-1472.4734888184237, -3838.2115158002835], [-1457.7937055822058, -3828.0497652001695], [-1455.5627102773608, -3811.242517200177], [-1457.7937055822058, -3792.2348466003978]]]}, "properties": {"name": "", "area": 38248.13987766579}}, {"type": "Feature", "geometry": {"type": "Polygon", "coordinates": [[[-3279.015717030783, -3268.6669565999878], [-3271.899754310337, -3265.5708846007337], [-3263.8880760015973, -3265.128588600279], [-3250.5435724842882, -3265.128588600279], [-3246.977297461712, -3269.5515486001113], [-3250.5435724842882, -3271.7630286000276], [-3247.873013048827, -3289.8861072004693], [-3244.3150316874257, -3306.2510592000067], [-3242.979751969695, -3316.8551058005755], [-3247.4251552546807, -3322.6049538002007], [-3244.7545958192195, -3344.266400400351], [-3241.196614457818, -3351.7854324002237], [-3244.3150316874257, -3355.323800400718], [-3244.3150316874257, -3369.9195684000083], [-3250.9831366149037, -3373.8891750000425], [-3261.6653743591046, -3375.65835900029], [-3266.11077764409, -3382.7350950004934], [-3275.009877877592, -3383.619687000617], [-3278.5678592378154, -3377.4275430005373], [-3281.2384186732756, -3333.662353800568], [-3279.9031389555457, -3300.5012112003815], [-3281.686276467423, -3284.1362592000582]]]}, "properties": {"name": "", "area": 3857.7950568422675}}, {"type": "Feature", "geometry": {"type": "Polygon", "coordinates": [[[-3254.9889757692736, -3453.922636200368], [-3246.5377333299184, -3449.4996762005353], [-3242.08403638258, -3465.4223322004036], [-3237.6386330975947, -3483.1031148003904], [-3242.08403638258, -3486.6414828000993], [-3246.5377333299184, -3489.2952588004705], [-3261.6653743591046, -3489.2952588004705], [-3274.562020083445, -3489.2952588004705], [-3275.897299801175, -3473.814898800271], [-3265.2233557205063, -3466.7492202001963], [-3259.8822368484057, -3459.672484199993]]]}, "properties": {"name": "", "area": 991.616930168122}}, {"type": "Feature", "geometry": {"type": "Polygon", "coordinates": [[[4389.479116331163, -2511.5446638004605], [4391.784754601896, -2506.97795760052], [4396.379443818657, -2504.943396000314], [4399.705202618865, -2509.001461800596], [4399.705202618865, -2516.6200104000604], [4395.6164268362545, -2643.326757000555], [4394.977814797392, -2651.2549128004944], [4394.148448512633, -2661.6378114000504], [4389.993323427667, -2713.6628784006934], [4387.181771722783, -2775.363170400479], [4386.161651193308, -2834.5202604004], [4386.4187547415595, -2873.63028420018], [4385.141530663834, -2905.1107020003674], [4380.281444236469, -2941.6775238002833], [4373.638220297227, -2979.7702668007464], [4372.3609962195, -2999.319750000572], [4372.3609962195, -3037.4124930002495], [4370.826668593522, -3042.2335194000198], [4368.27222043689, -3046.302642600431], [4360.608875968173, -3047.065603200705], [4327.898669707293, -3046.81128300009], [4324.830014455337, -3046.302642600431], [4323.29568682818, -3044.2680810002257], [4322.532669846956, -3039.955695000114], [4325.087118003588, -2961.238064400238], [4325.601325100091, -2934.0589752000333], [4323.29568682818, -2900.7983160002555], [4323.046876943459, -2857.121586000534], [4325.34422155184, -2824.8782076000734], [4342.719445211756, -2825.3868480005176], [4348.342548620343, -2823.8609267999705], [4354.222755577182, -2819.2942206000293], [4358.054427811541, -2813.9534964004715], [4359.331651890447, -2800.242320400519], [4359.837565323419, -2762.6692752006293], [4363.420427673057, -2760.126073199979], [4365.717772280258, -2753.7791256004475], [4365.717772280258, -2747.6864982007446], [4372.3609962195, -2691.3158730003884], [4382.587082507202, -2581.626464999984]]]}, "properties": {"name": "", "area": 18582.337112819776}}, {"type": "Feature", "geometry": {"type": "Polygon", "coordinates": [[[4572.86858915916, -2667.8078406006575], [4394.977814797392, -2651.2549128004944], [4394.148448512633, -2661.6378114000504], [4492.884504682369, -2667.6198648000322], [4510.317783982288, -2668.769834400114], [4512.449255333009, -2670.892855200568], [4516.123347974419, -2677.2398028001003], [4523.488120579585, -2692.631703600052], [4526.971458975099, -2698.027714800256], [4532.005712322476, -2701.4886810006315], [4539.942747664149, -2703.6006444001705], [4559.117696161825, -2704.761671400382], [4575.580616908742, -2706.099616800304], [4575.9621254005315, -2703.6006444001705], [4578.674153150113, -2703.412668600331], [4592.4250461474485, -2704.9496472002215], [4594.747271744064, -2703.6006444001705], [4595.526876051173, -2700.9136962001976], [4595.717630297067, -2697.828681600287], [4592.814848301591, -2696.8666878000445], [4588.361151353074, -2696.678712000205], [4578.483398905397, -2695.5176849999934], [4575.580616908742, -2694.168682200728], [4574.419504111022, -2689.3587132003013], [4573.639899803915, -2681.275753800124], [4573.838947712163, -2674.165845600319]]]}, "properties": {"name": "", "area": 3290.731791351922}}, {"type": "Feature", "geometry": {"type": "Polygon", "coordinates": [[[3806.3765626909876, -2021.5691550005624], [3807.255690953397, -2017.4889744000216], [3814.297010707956, -2013.4087938002663], [3822.8146024496677, -2012.5352592002719], [3917.329184230902, -2013.4087938002663], [3923.78994758778, -2013.4087938002663], [3928.484160757486, -2015.1558630002553], [3930.8312673423384, -2019.5345934003567], [3930.8312673423384, -2024.200816200675], [3930.242417281126, -2040.5325960006105], [3931.1215455423576, -2056.278333599983], [3930.8312673423384, -2069.4034674001578], [3929.363289018717, -2083.9881780001047], [3928.1938825574666, -2095.9412274007245], [3926.4273323714733, -2104.400138400581], [3926.4273323714733, -2109.0663612001135], [3926.4273323714733, -2112.5604996000916], [3923.78994758778, -2115.479653200421], [3919.974862678126, -2114.020076400649], [3912.336399198824, -2108.4803190003363], [3813.1276042467057, -2029.1545314004245], [3809.312519338231, -2025.9478854006638]]]}, "properties": {"name": "", "area": 7323.057783587836}}, {"type": "Feature", "geometry": {"type": "Polygon", "coordinates": [[[3888.2764832855473, -2307.004878600214], [3888.2764832855473, -2301.42089160017], [3887.5134663031454, -2297.362825800673], [3882.6533798769597, -2296.0912248007407], [3878.0586906601984, -2300.1492906002377], [3872.4355872516107, -2308.7851200005903], [3854.5461564951925, -2327.8259627999714], [3833.8534676962436, -2351.6878320006945], [3824.141588505045, -2363.37550380057], [3815.9640369398253, -2370.9940524000344], [3813.915502217344, -2375.3064384001464], [3813.6666923326234, -2378.8558637999845], [3817.498364566982, -2382.670666800567], [3826.6960366616768, -2383.6879476006698], [3863.4950187039885, -2388.0003335999954], [3870.9012596256325, -2389.0176144000984], [3874.22701842584, -2388.50897400044], [3876.781466582472, -2386.7287326000633], [3878.0586906601984, -2382.924987000396], [3879.3359147379256, -2376.5780394000785]]]}, "properties": {"name": "", "area": 3564.4345670519397}}, {"type": "Feature", "geometry": {"type": "Polygon", "coordinates": [[[3563.8200991275075, -2359.4501268002673], [3554.365323484561, -2352.0858984006322], [3549.2564271724764, -2349.0340560003237], [3545.424754938118, -2349.288376200153], [3541.5847890402283, -2352.340218600462], [3527.278220633448, -2370.618100800355], [3513.477565658461, -2383.5663162000337], [3501.9825489553855, -2396.005891200054], [3496.1023419985463, -2405.150361000065], [3492.784876860691, -2409.2084268003478], [3493.0419804089424, -2412.514589400486], [3495.845238450295, -2414.2948308000764], [3502.239652503638, -2415.05779140035], [3576.600633571841, -2414.5491510006914], [3584.2639780405575, -2414.040510600247], [3590.650098431548, -2414.040510600247], [3593.7187536835045, -2414.803471200521], [3594.7388742141584, -2417.5899360000853], [3595.2530813106614, -2420.3874582005647], [3596.273201840136, -2422.9196028003], [3601.3820981522213, -2423.6825634005736], [3625.4005457513786, -2424.4455240000616], [3631.023649159966, -2423.1739230001294], [3632.8150803353747, -2421.659059200497], [3633.3209937683464, -2418.352896600359], [3631.794959804721, -2415.05779140035], [3627.4490804738593, -2411.497308600383]]]}, "properties": {"name": "", "area": 5261.035331852734}}, {"type": "Feature", "geometry": {"type": "Polygon", "coordinates": [[[2655.8133035363235, -3249.6150564004774], [2645.3549946897856, -3251.6164458002954], [2640.635900530665, -3252.9654486003465], [2628.162231612235, -3254.6351160002164], [2618.7240432939934, -3256.979284800112], [2610.2893881805217, -3256.979284800112], [2601.5229865540896, -3257.985508200086], [2598.827546129214, -3264.0228486007136], [2597.1439325714605, -3275.080248600295], [2595.1202788372157, -3289.145261400454], [2593.7684117936014, -3307.9096692005332], [2593.7684117936014, -3317.2974018002446], [2594.440198484232, -3321.9857394000355], [2596.1321057043383, -3325.3361316006904], [2599.4993328198448, -3325.667853600639], [2605.2302538449094, -3319.6415706001403], [2625.466791187359, -3292.8384330004005], [2639.6240736635427, -3275.411970600243], [2651.4259558913423, -3259.997955000033], [2656.4850902269545, -3255.309617400242], [2657.8369572705687, -3251.6164458002954]]]}, "properties": {"name": "", "area": 2277.262935209088}}, {"type": "Feature", "geometry": {"type": "Polygon", "coordinates": [[[2555.567800730025, -3518.1993024004055], [2555.9576028841675, -3511.653321600119], [2556.3391113747793, -3505.8813588002354], [2549.7539430755414, -3505.1183982007474], [2539.685436381968, -3503.5703622007272], [2533.879872389837, -3503.5703622007272], [2530.645343880222, -3504.7092744006804], [2527.5269266506143, -3505.217914800339], [2525.3291059975363, -3506.0582772007315], [2525.3291059975363, -3507.4736243999864], [2524.914422855157, -3510.3264336003263], [2524.9973594833973, -3516.186855600458], [2524.5743826786656, -3525.486129000707], [2523.0566423773926, -3540.479963400721], [2520.2782653242766, -3563.1034038003277], [2518.4204848476907, -3585.892705200302], [2517.325721352328, -3601.2956634003826], [2516.056790936954, -3605.5748772001066], [2514.630280927452, -3608.250768000736], [2513.361350512078, -3609.931492800735], [2513.361350512078, -3611.3578974001193], [2514.5390506356807, -3612.52998180046], [2516.3138944852053, -3614.122247400211], [2518.4121911841594, -3614.9847246000763], [2520.104098404265, -3615.3717336006707], [2523.9855326162747, -3617.8043616000286], [2526.5980364129105, -3620.1485304007097], [2529.2934768366076, -3623.167200600631], [2530.645343880222, -3624.759466200382], [2530.977090394361, -3628.5300396004477], [2530.977090394361, -3632.720794200709], [2530.4711769613887, -3637.2432708001334], [2528.281649969485, -3651.5626038001215], [2526.0921229787596, -3665.892994200239], [2525.0802961116374, -3675.8557116003844], [2523.562555811543, -3693.536494200371], [2522.3848556867615, -3707.435646000163], [2520.021161776025, -3724.1433774005636], [2519.4406053771654, -3739.3141302002878], [2519.291319446569, -3751.42198320036], [2516.20607686755, -3763.972132200101], [2515.4762345369154, -3770.097931800191], [2517.9726270535434, -3773.160831600629], [2522.517554292653, -3774.0343662006235], [2528.9783176495307, -3773.735816400277], [2532.0552665638397, -3772.2762396005055], [2535.289795073455, -3769.2133398000674], [2536.4592015347052, -3765.133159200312], [2536.4592015347052, -3752.151771600246], [2537.6369016594863, -3733.6306266006522], [2539.395158181949, -3718.603620000251], [2541.012422437346, -3701.8295442006465], [2541.742264766802, -3684.911722200148], [2543.508814952795, -3673.2461652005304], [2541.891550698577, -3670.0395191999837], [2541.891550698577, -3666.9766194003314], [2542.919964891583, -3657.6331164003514], [2544.537229145801, -3653.4091896004875], [2544.089371352833, -3647.714628600723], [2544.6782214140453, -3639.554267400427], [2545.8559215388264, -3630.5093142000073], [2545.7066356070513, -3624.3835146007027], [2546.4447716000386, -3610.3848462005335], [2548.79187818607, -3591.5651514005935], [2550.6994206403074, -3574.7910756002034], [2552.308391232173, -3561.0798996002513], [2555.2443478794166, -3549.1157928002876], [2556.4220480030194, -3526.658213400262]]]}, "properties": {"name": "", "area": 6252.566287325695}}, {"type": "Feature", "geometry": {"type": "Polygon", "coordinates": [[[-1176.2902012986312, -4755.3786162002025], [-1174.4987701244017, -4750.303269600603], [-1173.727459479647, -4743.690944400327], [-1176.0330977503797, -4739.378558400214], [-1181.6562011601466, -4738.106957400282], [-1187.0222010204832, -4737.343996800009], [-1193.9225285079765, -4738.106957400282], [-1200.5657524460398, -4739.8871988006595], [-1204.903338114549, -4742.176080600694], [-1208.7433040112599, -4745.725506000533], [-1211.8036656008635, -4749.794629200158], [-1214.1093038715965, -4752.072453600064], [-1217.9409761059549, -4755.124296000373], [-1219.4753037331118, -4759.956379800273], [-1220.7525278108383, -4766.30332740059], [-1220.4954242625868, -4771.37867400019], [-1217.9409761059549, -4777.725621600507], [-1214.615217305747, -4782.557705400407], [-1211.04064861964, -4785.852810600416], [-1206.4376657405269, -4789.158973200554], [-1202.6059935061685, -4791.702175200418], [-1195.9627695669267, -4793.482416600009], [-1190.3396661583386, -4794.997280400427], [-1184.2106493155998, -4795.7602410007], [-1178.8446494552632, -4796.01456120053], [-1173.727459479647, -4795.251600600256], [-1167.8555461863384, -4793.736736800624], [-1162.4895463248233, -4792.210815600077], [-1157.380650012738, -4789.413293400383], [-1152.2634600371218, -4786.361451000074], [-1149.4519083322384, -4780.014503400543], [-1148.6888913510152, -4775.447797200602], [-1147.4116672732885, -4770.615713400702], [-1146.3915467426348, -4765.540366800316], [-1146.3915467426348, -4761.216923400076], [-1146.8974601767852, -4756.904537399963], [-1149.2030984475182, -4752.326773800679], [-1152.0146501524014, -4748.523028200226], [-1155.5892188385085, -4748.014387800567], [-1158.4007705422132, -4749.2859888005], [-1159.6779946211186, -4752.5810940005085], [-1161.4694257953481, -4755.632936400031], [-1163.5096668554768, -4759.702059600443], [-1166.3212185591817, -4763.251485000282], [-1171.1730113241938, -4764.268765800384], [-1173.9845630278985, -4763.760125400726], [-1176.5390111845304, -4761.97988400035], [-1177.5674253775367, -4760.2107000001015]]]}, "properties": {"name": "", "area": 3094.352690014988}}, {"type": "Feature", "geometry": {"type": "Polygon", "coordinates": [[[-1036.5005140474939, -4595.9530229999755], [-1038.8393269699943, -4592.12716260005], [-1049.5132710506637, -4587.040758600321], [-1068.8706801307037, -4577.984748000558], [-1092.0017058062767, -4568.033088000542], [-1111.3591148863168, -4559.629464000545], [-1119.5864284280094, -4555.427652000155], [-1126.9263200461185, -4553.216172000239], [-1132.2674389182187, -4553.216172000239], [-1136.4889133067202, -4554.32191200059], [-1137.3846288938348, -4557.417984000629], [-1138.8443135539255, -4562.968798800286], [-1137.3846288938348, -4573.782936000167], [-1140.2708235634273, -4583.723538600054], [-1146.7232932567738, -4592.569458600505], [-1157.9943810633652, -4604.798943000426], [-1165.1352247720476, -4613.799666600329], [-1171.0983683583063, -4621.307641200073], [-1176.2487329845112, -4629.412715400508], [-1181.6147328460265, -4639.795614000064], [-1186.3255333416162, -4647.624253200413], [-1185.114658566246, -4652.887575600637], [-1182.095765290762, -4654.037545200719], [-1176.978575315146, -4650.720325200452], [-1172.7488072642918, -4647.181957200743], [-1164.9693515155675, -4639.441777200644], [-1157.4055310009744, -4634.366430600258], [-1151.4009191017747, -4629.058878600302], [-1147.3950799474046, -4628.616582600633], [-1142.717454102404, -4631.049210599991], [-1138.2720508174186, -4631.712654600673], [-1132.4913678147027, -4630.164618600653], [-1126.26282701784, -4627.73199060051], [-1121.1456370434025, -4621.982142600098], [-1117.1397978890327, -4616.011146600245], [-1112.6943946040471, -4608.270966600146], [-1109.1281195802928, -4600.309638600605], [-1106.9054179378002, -4594.338642599966], [-1104.4587873988232, -4587.925350600445], [-1100.4529482444534, -4582.838946600716], [-1093.7848433169754, -4579.742874600676], [-1088.891582239022, -4579.079430599994], [-1080.655975033798, -4583.060094600158], [-1072.4286614921054, -4587.925350600445], [-1066.4240495917268, -4589.915682600134], [-1061.3068596161106, -4592.790606600732], [-1055.0783188204266, -4595.665530600545], [-1051.2964085625408, -4598.098158600688], [-1045.2835029998098, -4599.4250466004805], [-1040.1746066877247, -4599.646194600708], [-1037.9436113828795, -4599.4250466004805]]]}, "properties": {"name": "", "area": 4199.10677822819}}, {"type": "Feature", "geometry": {"type": "Polygon", "coordinates": [[[3155.158156105354, -4963.600515600267], [3154.386845460599, -4995.014589000464], [3161.3452285880962, -4994.483833800547], [3167.9635715379236, -4991.642082000336], [3176.6221555478787, -4987.69459020056], [3186.3008600884878, -4985.16244560004], [3198.011512025695, -4984.255738800443], [3208.909385004027, -4985.062929000448], [3219.094002977608, -4988.501780400566], [3233.665968596171, -4994.583350400138], [3243.4441970897255, -4996.407821400247], [3251.281708478454, -4999.138999200736], [3259.741244580162, -5001.571627200094], [3269.419949120771, -5001.671143800471], [3283.5772315969543, -4997.613078000189], [3297.485704188418, -4991.8964022001655], [3307.0648847737248, -4988.2142880003485], [3316.461604776667, -4986.411931800499], [3326.9033262985004, -4980.15344340043], [3330.7018238822698, -4974.635800800375], [3330.86769713875, -4967.625409200161], [3329.192377244528, -4961.45538000034], [3324.8299105877827, -4956.789157200022], [3318.1203373461844, -4957.784323200652], [3311.5766373610663, -4958.956407600207], [3306.5423840148687, -4963.788491400106], [3299.4927705967793, -4969.958520600713], [3282.0429039709766, -4979.467884600274], [3277.514564057751, -4983.802385400645], [3269.959037205511, -4983.968246400226], [3259.2270374836585, -4982.807219400015], [3248.320870842974, -4980.3082470006675], [3239.7618107871426, -4975.6309668002195], [3222.98373085197, -4970.124381600294], [3215.6023709197416, -4967.293687200213], [3207.3833510404015, -4969.626798599979], [3198.484250808078, -4968.299910600187], [3187.586377829746, -4964.462992800131]]]}, "properties": {"name": "", "area": 3701.1673098253086}}, {"type": "Feature", "geometry": {"type": "Polygon", "coordinates": [[[3349.4786765634503, -4946.273569800486], [3349.7440737740544, -4952.056590000499], [3347.3306178856665, -4954.743538200472], [3348.88982650106, -4959.686196000092], [3348.4668496963277, -4963.777433999977], [3347.612602423333, -4968.299910600187], [3351.4442746576915, -4972.391148600072], [3356.984441438039, -4974.934350600722], [3361.6786546077456, -4975.221843000153], [3363.8101259584664, -4972.247402399963], [3364.092110496133, -4967.868672000647], [3364.092110496133, -4963.777433999977], [3366.3645741150985, -4958.691030000248], [3369.4912850082374, -4956.147828000384], [3369.350292739993, -4951.636408800303], [3372.045733163691, -4946.970185999985], [3374.1772045155903, -4941.319854600737], [3381.425865841928, -4928.338467000671], [3386.8250403540324, -4920.288679800095], [3388.956511704753, -4911.674965200001], [3393.360446675619, -4901.922338400739], [3395.6329102945842, -4895.144152200097], [3368.4960454658203, -4906.588561200272], [3368.9190222717302, -4914.638348400062], [3365.087350037372, -4921.836715800116], [3356.702456900373, -4933.557559800379]]]}, "properties": {"name": "", "area": 1470.8576118703932}}, {"type": "Feature", "geometry": {"type": "Polygon", "coordinates": [[[3030.4961098834024, -5020.015370400354], [3031.839683264664, -5031.282861000034], [3031.242539538742, -5041.522013400267], [3031.541111401114, -5055.310591200338], [3031.0932536081455, -5068.65687300074], [3032.287541057632, -5075.324485200091], [3031.541111401114, -5078.741221800736], [3035.2732596813485, -5080.3666596000885], [3044.9685515478413, -5078.8849680000585], [3046.6106967914743, -5077.701826200374], [3051.5371325211954, -5077.547022600136], [3052.2835621765353, -5079.780617400311], [3071.3755740459715, -5080.145511600647], [3087.481867290512, -5076.960980400359], [3090.691514811891, -5073.699047400738], [3090.9154437083753, -5065.693489800679], [3091.5125874331184, -5058.7162704000675], [3091.960445227265, -5051.009262600355], [3093.453304539123, -5047.448779800388], [3092.4083030202332, -5044.4853966003275], [3090.1690140530354, -5044.186846799981], [3084.6537282609233, -5045.82334200025], [3075.2487145944497, -5046.862737600611], [3058.6945635557618, -5045.082496200234], [3047.7303412750734, -5033.4390540000895], [3035.1239737507517, -5020.4687238001525]]]}, "properties": {"name": "", "area": 2394.593916245736}}, {"type": "Feature", "geometry": {"type": "Polygon", "coordinates": [[[3035.0907990989845, -5099.9161428007], [3048.1947863939254, -5097.019104000629], [3048.1947863939254, -5098.6666566002405], [3054.4399145166717, -5098.047442200075], [3054.4399145166717, -5096.189799000365], [3088.5600434611692, -5095.360494000102], [3090.2270696930395, -5106.318377400093], [3096.463904152254, -5110.254811800524], [3095.2198547251164, -5117.287318200211], [3085.0269430891826, -5118.105565800345], [3067.336560241012, -5117.287318200211], [3039.03858261335, -5115.62870820047], [3034.2531391518733, -5114.180188800042], [3032.1797234411556, -5110.0447212004265], [3032.387065011756, -5104.869858000449]]]}, "properties": {"name": "", "area": 1186.129532285966}}, {"type": "Feature", "geometry": {"type": "Polygon", "coordinates": [[[3034.2531391518733, -5123.899643400488], [3031.1347219222657, -5127.4158966007235], [3030.0980140669067, -5135.68683180074], [3030.0980140669067, -5144.1678576000695], [3031.1347219222657, -5151.819578400707], [3032.1797234411556, -5158.442961000326], [3036.1275069555218, -5160.090513600724], [3047.1580785385663, -5159.681389800657], [3051.7361804294437, -5159.681389800657], [3054.8545976590513, -5158.852084800394], [3059.0180164075487, -5156.165136600421], [3059.640041120528, -5152.239759600117], [3059.640041120528, -5149.342720800047], [3053.8178898036917, -5147.274987000239], [3047.987444823325, -5143.54864320069], [3044.8690275937174, -5137.754565600548], [3044.6616860219383, -5131.142240400272], [3047.3654201103454, -5127.006772800656], [3047.3654201103454, -5124.728948399965], [3041.534975129978, -5123.899643400488]]]}, "properties": {"name": "", "area": 703.2581504359841}}, {"type": "Feature", "geometry": {"type": "Polygon", "coordinates": [[[4479.880041341551, -3287.5198236003152], [4484.449849568898, -3356.8828938000815], [4483.686832587673, -3362.1904458000377], [4481.148971756926, -3365.463436200574], [4478.105197492027, -3366.723979800377], [4438.254147522464, -3370.5056106005713], [4435.965096577615, -3369.245066999983], [4435.202079595213, -3366.2263968000616], [4470.997528433933, -3296.852269200166], [4474.804319680055, -3291.555774600339], [4476.57916352958, -3288.7803672001182]]]}, "properties": {"name": "", "area": 2202.797839595005}}, {"type": "Feature", "geometry": {"type": "Polygon", "coordinates": [[[-2280.2264879397776, -3475.0201554002133], [-2282.4491895822703, -3461.32003680039], [-2282.2252606846077, -3449.5991928001267], [-2279.778630145631, -3442.7436048001505], [-2279.554701249147, -3433.46644620016], [-2282.2252606846077, -3427.4954502003075], [-2287.790308454371, -3424.3993782002676], [-2296.2415508925474, -3423.072490200475], [-2309.5860544098564, -3423.735934200371], [-2339.6174075717445, -3426.8320062004113], [-2355.4168352915613, -3427.716598200535], [-2372.7671779632396, -3428.158894200204], [-2390.7893073255495, -3428.158894200204], [-2406.8043702794976, -3428.380042200431], [-2416.1430346424368, -3429.2646342005546], [-2420.8123668239064, -3429.928078200451], [-2424.1547129511764, -3432.360706200595], [-2427.488765413737, -3435.01448220018], [-2428.600116234983, -3440.3109768000068], [-2428.600116234983, -3447.608860800438], [-2426.3774145924904, -3465.96414480045], [-2425.7139215653906, -3477.2316354001296], [-2425.489992668907, -3484.087223400106], [-2423.0433621299303, -3487.8467394000418], [-2419.9249448991436, -3489.6159234002894], [-2414.1442618964284, -3490.500515400413], [-2386.335610378211, -3487.8467394000418], [-2367.542170371147, -3487.6255914006], [-2360.41791398717, -3489.1736274006203], [-2353.965444293823, -3487.1832954001457], [-2348.6326190840755, -3488.5101834007237], [-2341.7322915977606, -3486.519851400249], [-2337.062959416291, -3486.519851400249], [-2331.0583475159124, -3485.414111400684], [-2323.718455897804, -3485.414111400684], [-2315.0432845619644, -3486.962147400704], [-2305.248468742526, -3486.519851400249], [-2295.0223824548248, -3484.5295194005603], [-2288.793841657962, -3482.0968914004166], [-2285.227566635386, -3480.3277074001694], [-2282.5653008610993, -3479.0008194003767]]]}, "properties": {"name": "", "area": 8761.810745560564}}, {"type": "Feature", "geometry": {"type": "Polygon", "coordinates": [[[-2547.0916773012545, -3928.3956702005935], [-2664.7621657451195, -3930.408117000541], [-2681.6231823097105, -3930.408117000541], [-2689.37775706902, -3933.084007800385], [-2694.4368914046327, -3938.7785688001495], [-2694.0968512281406, -3952.8546390004376], [-2693.42506453751, -3961.8995922000718], [-2690.049543759651, -3967.2624312006737], [-2682.9667556897934, -3971.2873248005685], [-2671.1731671243465, -3978.994332600281], [-2660.3831117636696, -3981.3385014001765], [-2643.182055022587, -3981.6812808002537], [-2622.6137711671768, -3981.3385014001765], [-2606.0927947802566, -3979.6688340003066], [-2589.2317782168448, -3975.97566240036], [-2575.414535917153, -3973.631493600464], [-2561.58899995393, -3973.299771600516], [-2553.154344840458, -3973.9742730005414], [-2547.763463991885, -3974.30599500049], [-2543.0443698327645, -3974.30599500049], [-2538.9970623642744, -3972.968049600568], [-2536.9734086300296, -3971.2873248005685], [-2535.289795073455, -3967.2624312006737], [-2534.9497548957847, -3961.236148200175], [-2535.289795073455, -3954.867085800385], [-2534.609714719293, -3950.8421922004904], [-2533.5978878521705, -3944.4841872000434], [-2534.2779682063324, -3936.434400000254], [-2535.6215415864153, -3932.077784400411], [-2539.3371025407664, -3929.0701716006192]]]}, "properties": {"name": "", "area": 7491.963680783287}}, {"type": "Feature", "geometry": {"type": "Polygon", "coordinates": [[[-2205.309831460951, -3796.2707976004217], [-2288.5782064238306, -3797.044815600039], [-2359.464142760051, -3798.1947852001213], [-2392.771492745674, -3797.8077762003127], [-2407.484450632481, -3799.731763800012], [-2413.6881104399286, -3803.5797390001962], [-2413.6881104399286, -3808.588741200592], [-2413.6881104399286, -3813.2107344003934], [-2409.425167738486, -3815.521731000687], [-2401.6788866403504, -3817.4457186003865], [-2330.411441814697, -3815.521731000687], [-2251.3977158897287, -3811.286746800694], [-2219.251478703003, -3810.5127288002914], [-2204.5385208161965, -3808.9757502004004], [-2199.8857759606103, -3806.664753600107], [-2198.724663161713, -3802.8167784007082], [-2199.8857759606103, -3798.1947852001213]]]}, "properties": {"name": "", "area": 3494.2887028865516}}, {"type": "Feature", "geometry": {"type": "Polygon", "coordinates": [[[-2490.371317104749, -3791.261795400026], [-2457.0639671191257, -3787.4138202006275], [-2450.0889966669233, -3787.800829200436], [-2446.605658271409, -3792.035813400429], [-2446.2158561184447, -3802.4297694001143], [-2446.605658271409, -3812.823725400585], [-2450.478798821066, -3817.4457186003865], [-2468.2935866115968, -3819.3697062000856], [-2491.532429902468, -3823.9806420005434], [-2496.5666832498437, -3823.6046904000787], [-2498.1175982017057, -3820.519675800168], [-2497.346287556951, -3809.738710800674], [-2495.795372605089, -3798.9688032005242], [-2495.4055704521247, -3793.959801000128]]]}, "properties": {"name": "", "area": 1545.142366987653}}, {"type": "Feature", "geometry": {"type": "Polygon", "coordinates": [[[4047.8382627591036, -1501.8602976004659], [4040.5564267809987, -1505.7967320001126], [4038.7732892703007, -1510.3634382000537], [4037.4877715290427, -1515.9584826002267], [4038.134677230258, -1521.2881494004414], [4040.299323232747, -1526.8721364004855], [4041.5765473116526, -1529.9129214006648], [4045.2838146024724, -1534.490685000735], [4047.332349326132, -1539.3117114005054], [4049.1154868368308, -1545.2716500002289], [4050.392710915736, -1547.9475408000726], [4053.3369612253323, -1552.2599268001843], [4056.2729178725754, -1554.792071400705], [4059.8474865586822, -1555.433400600343], [4062.659038263566, -1554.2834310002609], [4064.574874380156, -1549.9710450001492], [4064.574874380156, -1544.132737800276], [4063.2976503024297, -1538.4271194003818], [4062.5346333200273, -1528.3980576002468], [4062.153124829415, -1520.9011404006328], [4062.277529771776, -1515.317153400589], [4062.277529771776, -1512.02204820058], [4061.896021281164, -1508.715885600442], [4061.0003056940486, -1506.305372400557], [4059.598676673962, -1504.270810800351], [4057.425737007942, -1502.6232582007394], [4054.6141853030585, -1502.1146178002953], [4051.802633599354, -1501.9929864004453]]]}, "properties": {"name": "", "area": 995.8972322135232}}, {"type": "Feature", "geometry": {"type": "Polygon", "coordinates": [[[-534.2031175053365, -5373.697366800077], [-538.2006629973539, -5370.158998800369], [-538.2006629973539, -5364.409150800743], [-535.5301035607145, -5357.33241480054], [-529.7494205579986, -5352.467158800253], [-519.0754764761506, -5348.04419880042], [-506.61839488360397, -5345.390422800049], [-499.9419962937733, -5341.852054800341], [-495.4882993452567, -5333.890726800013], [-495.0487352146411, -5325.929398800472], [-491.04289606027123, -5317.083478800021], [-485.7017771881709, -5308.679854800025], [-479.4732363913084, -5307.352966800232], [-477.25053474999424, -5313.987406799981], [-478.5858144677247, -5323.717918800556], [-474.14041118273923, -5331.236950800428], [-473.24469559562436, -5338.313686800631], [-475.0278331075015, -5348.4864948000895], [-479.4732363913084, -5355.563230800292], [-488.8201944177785, -5358.2170068006635], [-495.9361571394034, -5363.082262800165], [-506.17053708945724, -5366.6206308006595], [-514.182215398197, -5364.851446800412], [-520.4107561950595, -5367.062926800329], [-525.3040172730132, -5372.81277480074], [-527.9662830461215, -5375.4665508003245]]]}, "properties": {"name": "", "area": 1737.3950954428874}}, {"type": "Feature", "geometry": {"type": "Polygon", "coordinates": [[[-3830.577470872508, -221.59029600072495], [-3812.4558175560746, -224.68636799997918], [-3818.1535639305503, -254.48606100016704], [-3835.9683517210815, -251.37893159999788]]]}, "properties": {"name": "", "area": 552.544362321205}}, {"type": "Feature", "geometry": {"type": "Polygon", "coordinates": [[[1300.8444299052849, -1683.3896334005115], [1298.7295458804474, -1699.0800840000236], [1296.1004547579278, -1710.5355504003285], [1278.4681275497612, -1713.8859426001977], [1267.2882700349414, -1718.18727120018], [1264.5513612959455, -1712.4484806006842], [1254.4413862882518, -1710.7566984005557], [1248.5694729937645, -1707.9038892002159], [1256.6226196166244, -1699.1132562004111], [1259.7493305085848, -1696.3157340007174], [1259.7078621944645, -1690.9750098003735], [1270.124702728061, -1682.1843768005688], [1284.315159856012, -1683.4338630002426], [1294.7154130637248, -1681.1449812002074]]]}, "properties": {"name": "", "area": 1257.9556402380113}}, {"type": "Feature", "geometry": {"type": "Polygon", "coordinates": [[[-3952.602132309588, 855.6326693997144], [-3964.9513962856577, 816.1356365993397], [-3942.384339684239, 809.1805319997719], [-3930.0350757081687, 848.6775647993609]]]}, "properties": {"name": "", "area": 977.2221974716522}}, {"type": "Feature", "geometry": {"type": "Polygon", "coordinates": [[[-629.3728986513181, -4847.077634400144], [-623.0863022156303, -4852.3077845999815], [-603.7371867979429, -4850.383797000282], [-586.876170234531, -4847.741078400041], [-580.5563991458971, -4841.913828600297], [-583.8738642837524, -4832.072742600001], [-590.8903030512533, -4820.086521000565], [-607.9835421746806, -4798.867370400084], [-615.9620458316529, -4799.16592020043], [-628.3361907959593, -4823.978725800481]]]}, "properties": {"name": "", "area": 1776.5494414942805}}, {"type": "Feature", "geometry": {"type": "Polygon", "coordinates": [[[641.19136820618, -4771.931544000366], [648.5312598242889, -4776.586709400554], [656.2111916188895, -4774.154081400411], [668.1374787902279, -4770.538311600583], [683.4144057500104, -4761.106349400355], [700.5325258616739, -4747.638436200103], [708.9754746386766, -4742.330884200146], [714.8225069437489, -4735.243090800599], [725.537919339717, -4722.737171400589], [733.0105095625386, -4717.219528800535], [736.6265465639442, -4714.001825400645], [735.0673379485511, -4709.6562672001455], [733.4003117166815, -4708.882249200528], [725.2725221291128, -4711.171131000564], [715.2537774120118, -4715.361885600039], [698.5835150933165, -4726.043334000728], [680.1467025898063, -4737.310824600407], [662.8627092204839, -4747.5720918001125], [651.9648362421518, -4753.753178400063], [641.9295042003457, -4758.75112320033], [638.089538302456, -4764.644717400063], [638.7944996448543, -4768.138855800042]]]}, "properties": {"name": "", "area": 1996.1251132856123}}, {"type": "Feature", "geometry": {"type": "Polygon", "coordinates": [[[4731.086795252634, -3899.569028399992], [4730.5642944926, -3897.213802199967], [4716.365543702296, -3898.9166418002246], [4708.030412542949, -3898.6733790005246], [4702.4487774484805, -3900.3319890002654], [4698.534168585881, -3903.859299600631], [4696.809086714009, -3908.1827430000862], [4697.024721948141, -3910.3610508004003], [4691.708484064276, -3913.036941600244], [4687.321136419295, -3915.690717600615], [4681.731207661295, -3919.4060040000345], [4674.374728718481, -3927.1240692006613], [4664.530150921391, -3936.0584484005744], [4659.412960945776, -3941.92992780005], [4661.934234450639, -3943.953432000126], [4667.02654343802, -3938.6790522005576], [4676.448144429199, -3931.6465458000857], [4679.367513750559, -3927.3120450005013], [4683.937321979083, -3923.0107164005185], [4687.354311071062, -3920.191079400566], [4694.428805477389, -3917.437786800604], [4703.883581120334, -3914.551805400662], [4711.820616463187, -3910.7701746004673], [4718.861936218925, -3907.9947672002463], [4724.93289742166, -3907.242864000102], [4727.445877262992, -3901.8689676001563]]]}, "properties": {"name": "", "area": 555.5526973661035}}, {"type": "Feature", "geometry": {"type": "Polygon", "coordinates": [[[4700.134845514216, -3657.5557146002325], [4713.014903912673, -3643.214266799986], [4697.77115160348, -3617.4505248006076], [4672.61647219484, -3600.2783826002797], [4666.976781460368, -3568.621046400382], [4659.570540539903, -3555.4185108000884], [4641.200077338749, -3544.5490866003465], [4620.880603368059, -3550.2878772006284], [4611.094081210973, -3559.896757800567], [4588.4606753071985, -3560.715005400701], [4577.1812938382545, -3560.1400206002672], [4576.343633891144, -3569.682556800216], [4583.9489227198565, -3582.675001800412], [4579.354233504275, -3594.340558800029], [4567.577232263533, -3606.7469616004473], [4548.87502254824, -3614.973667200733], [4536.351591652159, -3630.1112478000696], [4535.7627415909465, -3643.346955599965], [4545.9971215410005, -3654.7471350004093], [4562.775201476172, -3689.2351656003884], [4564.6827439315875, -3707.5351626005404], [4565.901912369311, -3725.249117400129], [4576.550975461744, -3726.963014400516], [4576.78319802176, -3735.7094178005896], [4579.893321589015, -3746.578842000331], [4586.694125121205, -3744.6437970005027], [4642.742698628258, -3694.1446512004068], [4669.066784498148, -3669.5529936005837]]]}, "properties": {"name": "", "area": 19154.727829340845}}, {"type": "Feature", "geometry": {"type": "Polygon", "coordinates": [[[3007.7382990360884, -3940.249203000051], [3005.382898788883, -3938.46896160046], [3003.6826979052457, -3931.547029200494], [2996.309631636548, -3710.951899200399], [2998.615269907281, -3697.3512972001677], [3002.894799935786, -3687.54338340026], [3007.099686997225, -3679.261390800114], [3010.574731729208, -3677.0167386005955], [3014.904023734186, -3678.1114212000316], [3023.9441162359317, -3680.975287800501], [3032.1133741376207, -3681.008460000103], [3045.7232748667125, -3679.062357600145], [3058.022776865131, -3674.3961348006123], [3062.4018308477603, -3672.870213600065], [3066.142272790347, -3674.4403644003437], [3084.1478148267734, -3681.4507560005577], [3087.0340094975436, -3684.5910576003284], [3087.9380187470115, -3689.799093000693], [3076.302009775692, -3789.8132760003837], [3074.1373637732036, -3794.037202800247], [3069.8910083964656, -3797.254906200137], [3064.549889524365, -3797.5534560004835], [3056.3308696450254, -3797.995752000152], [3045.7647431808323, -3803.126385600398], [3038.4331452262545, -3811.629526199986], [3034.8751638648528, -3822.045597000715], [3032.851510130608, -3935.42817660028], [3031.35865081875, -3937.783402800305], [3028.8622583033, -3939.242979600077]]]}, "properties": {"name": "", "area": 14725.205688969232}}, {"type": "Feature", "geometry": {"type": "Polygon", "coordinates": [[[1712.7657824252906, -4274.06105160013], [1707.8061720449805, -4276.759057200232], [1696.6014335407458, -4276.139842800067], [1691.7911090910322, -4274.702380800553], [1688.2828897072818, -4271.484677400663], [1689.8420983226747, -4249.657369800146], [1697.4307998255042, -4213.997254800612], [1700.2921135068602, -4189.129162200701], [1705.2848985401163, -4187.061428400108], [1713.006298648837, -4183.733151000497], [1718.5215844397699, -4183.058649600471], [1723.2323849365382, -4183.711036200239], [1725.7868330919916, -4186.685476800428], [1726.4586197826222, -4190.400763200633], [1716.0003109349057, -4257.8951328005605], [1715.9422552949018, -4264.828122600656], [1714.6567375548227, -4271.318816400296]]]}, "properties": {"name": "", "area": 2378.0021286858246}}, {"type": "Feature", "geometry": {"type": "Polygon", "coordinates": [[[1774.4623403291685, -4411.714624200485], [1783.776123703871, -4409.381512800718], [1790.8672054372598, -4409.281996200341], [1794.7984016257421, -4409.436799800579], [1800.9771804449535, -4411.018008000201], [1809.0054460783983, -4412.024231400174], [1816.585853918875, -4412.6876754000705], [1822.3167749451184, -4411.957887000185], [1828.4209107984423, -4411.250213400557], [1835.337825611819, -4412.156920200154], [1842.6362489146295, -4412.3117238003915], [1848.5247495350006, -4412.378068200381], [1855.1928544624786, -4413.229488000117], [1862.0019516582006, -4413.727071000432], [1863.2708820735747, -4413.727071000432], [1867.0610859938129, -4414.611663000555], [1868.3134290833032, -4416.944774400322], [1867.426007158541, -4418.45963820074], [1865.6677506349001, -4420.516314600419], [1861.2969903158023, -4422.351843000655], [1856.6940074366892, -4423.523927400211], [1850.1420137892187, -4425.978670200612], [1843.1836306629002, -4427.581993200492], [1838.9953309261662, -4428.322839000508], [1836.930208877801, -4429.2848327999645], [1830.4445645326869, -4430.456917200306], [1827.7159494572225, -4430.213654400605], [1825.2693189170668, -4431.186705600191], [1815.7813686235315, -4432.270330800284], [1807.3218325206449, -4432.115527200046], [1800.8278945131783, -4432.181871600036], [1794.466655111603, -4431.617944200517], [1788.6113291429995, -4430.069908200497], [1782.6150109061523, -4427.714682000472], [1778.1032583188105, -4424.88398760039], [1775.5488101621786, -4423.170090600004], [1772.9860683431943, -4419.222598800228], [1772.7704331090624, -4415.91643620009], [1773.3924578220422, -4413.671784000571]]]}, "properties": {"name": "", "area": 1577.2254658541642}}, {"type": "Feature", "geometry": {"type": "Polygon", "coordinates": [[[1940.9244472902187, -4475.349961200099], [1945.6850097634592, -4471.026517800643], [1952.7760914956693, -4471.678904400411], [1955.7452227946803, -4477.185489600336], [1956.3257791935398, -4483.123313400586], [1956.168199599412, -4490.177934600531], [1957.2878440830111, -4501.356965999963], [1956.9312165806357, -4510.86633000031], [1954.2523634828224, -4515.665241600607], [1948.5546171083465, -4518.4295916006995], [1942.2016713691237, -4518.274788000462], [1938.461229425358, -4514.20566480005], [1937.8557920382623, -4503.966512400602], [1940.194604959584, -4495.275396000389], [1940.9327409537498, -4489.713523800604], [1940.9327409537498, -4480.148872800396]]]}, "properties": {"name": "", "area": 744.7781075621024}}, {"type": "Feature", "geometry": {"type": "Polygon", "coordinates": [[[2205.3595934386026, -4863.575275200447], [2204.065782034992, -4895.763366600262], [2302.8018382047276, -4901.634846000523], [2310.5812939522734, -4899.279619800498], [2314.471021826636, -4869.269836200212], [2312.447368092391, -4866.01896060072], [2255.5777219652887, -4860.490260600536], [2258.497091286649, -4829.441081400675], [2252.782757586289, -4829.175703800716], [2248.984260003698, -4864.426695000183]]]}, "properties": {"name": "", "area": 4011.2332112351432}}, {"type": "Feature", "geometry": {"type": "Polygon", "coordinates": [[[1132.5411297935325, -4233.701541600675], [1129.2900139580336, -4238.190846000497], [1144.5005916154598, -4251.857792400719], [1154.1295341784178, -4260.758999400244], [1163.6838337754884, -4271.374103400157], [1167.5901489757343, -4281.889690800477], [1165.9480037321011, -4283.7252192007145], [1168.0048321181137, -4284.7093278004295], [1170.0367795147113, -4283.714161800585], [1173.5864672125817, -4286.777061600237], [1177.37667113282, -4289.065943400273], [1181.133700401291, -4288.667877000335], [1192.2637959396384, -4270.334707800581], [1199.122655111833, -4259.343652200203], [1209.713662565441, -4248.772777800023], [1219.1269698942674, -4240.8003924003515], [1227.0640052371195, -4232.109276000138], [1230.8376218314743, -4227.951693600265], [1229.2535322278447, -4225.6517544001], [1202.5147632155758, -4227.476225400208], [1199.77785447658, -4225.861845000198], [1196.5682069563798, -4225.8507876000685], [1190.8206986042528, -4229.555016600145]]]}, "properties": {"name": "", "area": 3033.9399413783103}}, {"type": "Feature", "geometry": {"type": "Polygon", "coordinates": [[[853.6335419795312, -4283.09494740042], [847.2640089156033, -4280.319540000199], [845.6716256484427, -4273.850961000031], [864.4153036790342, -4269.693378600157], [899.9453553059717, -4263.943530600532], [935.1436604199486, -4260.4162200001665], [954.4513075235159, -4259.332594800074], [967.5387074925733, -4273.154344800533], [976.9934831355198, -4283.813678400176], [988.7456033868466, -4297.900806000594], [997.8022832132976, -4310.4841272007225], [997.4788303626899, -4316.930591400632], [991.0678289834632, -4320.104065200005], [974.1487567800475, -4326.041889000256], [954.4678948493995, -4334.312824200272], [944.1671655958107, -4341.721282200424], [935.4339386199675, -4351.595540400321], [930.8475430667382, -4356.4165668000915], [915.0812899986889, -4360.032336600705], [900.2853954824633, -4361.724118800048], [881.1685026247912, -4360.607321400353], [870.9507100006211, -4358.1304638004785], [869.1012231863876, -4344.18708240017], [881.948106933077, -4341.577536000315], [894.9193956221267, -4343.147686800594], [906.2485390687218, -4341.389560200476], [902.1100013084605, -4331.835966600397], [886.0783510298071, -4299.515186400604], [882.4291393778127, -4292.62642620024], [871.9127748900924, -4288.502015999968]]]}, "properties": {"name": "", "area": 8669.531691888114}}, {"type": "Feature", "geometry": {"type": "Polygon", "coordinates": [[[4859.215592544216, -5176.886704200587], [4889.918732395556, -5160.411178200543], [4908.156496991997, -5155.103626200586], [4914.832895581828, -5159.526586200419], [4921.841040685797, -5184.516310200181], [4921.948858303453, -5218.68367620034], [4911.274914221604, -5251.070800800124], [4904.714626911781, -5264.892550800582], [4898.817832627879, -5265.887716800427], [4898.701721349051, -5250.517930800734], [4899.373508038503, -5214.371290200229], [4897.814299424289, -5201.7658542006275], [4888.3595237813415, -5195.463136200041], [4866.0081024140545, -5194.578544200703], [4856.6611443875845, -5194.799692200145], [4855.773722462822, -5185.179754200077]]]}, "properties": {"name": "", "area": 3232.0284491162747}}, {"type": "Feature", "geometry": {"type": "Polygon", "coordinates": [[[-2243.941712992791, -1164.288933000451], [-2244.049530609267, -1155.000717000331], [-2234.5947549663206, -1146.718724400185], [-2208.6770585764575, -1138.646822400137], [-2198.0031144946097, -1140.3054324006634], [-2190.6632228765006, -1148.0456123999777], [-2190.4392939800164, -1154.0055510004865], [-2195.0008085450095, -1161.5245830003591], [-2207.789636651695, -1167.9378750006663], [-2221.805926859635, -1169.1431316006087], [-2236.601821374682, -1168.2695970006143]]]}, "properties": {"name": "", "area": 1217.359807974659}}, {"type": "Feature", "geometry": {"type": "Polygon", "coordinates": [[[4184.799810980653, -3430.657866600337], [4208.038654272703, -3405.955635000007], [4242.133902227786, -3436.0207056001536], [4237.904134176932, -3440.6648136002136], [4200.590945038117, -3444.47961660001]]]}, "properties": {"name": "", "area": 1202.9145450694486}}, {"type": "Feature", "geometry": {"type": "Polygon", "coordinates": [[[1253.8027742493887, 475.88838119948093], [1254.2506320423565, 479.6478971994172], [1256.6972625813335, 483.06463379927607], [1260.8109193533585, 486.05013179959514], [1267.711246839673, 488.26161179951146], [1273.3841122259128, 488.5933337994596], [1280.0522171533908, 487.81931579984246], [1286.3968692290823, 486.16070579931596], [1289.954850590484, 483.39635580000987], [1292.401481129461, 479.8690451996445], [1294.4002538754694, 473.898049199792], [1295.7355335932, 469.5967205998095], [1295.8516448732075, 467.05351859994505], [1295.8516448732075, 462.519984599606], [1295.627715975545, 458.76046859966976], [1294.6241827719537, 454.6802879999146], [1292.2936635129845, 450.47847599952365], [1290.0626682069603, 447.7141259994319], [1286.1729403325983, 446.0555159996911], [1281.9431722817444, 444.7396854000277], [1275.9385603825444, 444.5185373998004], [1271.045299303412, 444.9608333994694], [1264.3689007135815, 447.27182999976293], [1260.2552439427352, 450.699623999751], [1257.3690492719643, 454.3485659999664], [1255.8098406577499, 459.6450605997934], [1255.138053967119, 463.40457659972964], [1254.4745609400195, 468.26983260001685]]]}, "properties": {"name": "", "area": 1536.4570422238903}}, {"type": "Feature", "geometry": {"type": "Polygon", "coordinates": [[[-2716.4316852695442, -4857.482647800744], [-2612.0974066806352, -4861.463311800122], [-2611.8734777829727, -4905.018410399994], [-2714.4246188611833, -4906.566446400014]]]}, "properties": {"name": "", "area": 4790.05248572398}}, {"type": "Feature", "geometry": {"type": "Polygon", "coordinates": [[[-3097.4840246805506, 188.65030139998026], [-3097.4840246805506, 150.00468839934163], [-3063.4883006795917, 155.57761799925635], [-3062.0866716583264, 189.34691759947856]]]}, "properties": {"name": "", "area": 1254.0765075990057}}, {"type": "Feature", "geometry": {"type": "Polygon", "coordinates": [[[3871.631101955088, -4815.099633600428], [3872.9746753363497, -4815.984225600551], [3874.3680106940847, -4817.233711800225], [3875.048091047068, -4817.543319000701], [3876.126267217725, -4816.968334200267], [3876.889284198948, -4815.541929600097], [3878.5894850825853, -4810.853592000306], [3883.084650344044, -4803.091297200734], [3890.084501785661, -4793.316555600428], [3899.3319358580075, -4780.025560800672], [3909.251156619806, -4765.474022400327], [3915.8529122449277, -4756.816078200502], [3922.2722072865063, -4748.290822800655], [3923.7070109583606, -4746.55481100001], [3924.204630730159, -4745.172636000357], [3924.1134004383875, -4744.453905000601], [3923.756772936012, -4743.923149800683], [3922.7449460688895, -4743.370279800508], [3921.4179600135117, -4742.629434000492], [3920.563712740517, -4742.629434000492], [3919.576766861631, -4743.292878000389], [3918.1419631897766, -4744.586593800579], [3915.9856108508193, -4746.057228000481], [3913.6965599047912, -4748.832635400701], [3911.498739250535, -4753.111849200425], [3909.300918597457, -4755.920428800248], [3906.1990886937333, -4759.491969000345], [3900.542810633377, -4765.960548000513], [3895.9232404283803, -4772.207979000453], [3893.410260585869, -4775.867978400012], [3892.5560133128743, -4776.221815200219], [3891.477837143395, -4777.07323500074], [3890.9387490586555, -4778.411180400662], [3891.0299793492486, -4779.660666600335], [3890.888987081005, -4781.363506200593], [3889.41271509503, -4783.586043600639], [3882.6284988875445, -4794.654501000349], [3879.6676612520646, -4798.856313000741], [3877.7352378095907, -4800.857702400559], [3876.4828947201004, -4802.9143788002375], [3875.719877737698, -4805.23643280066], [3875.5871791329855, -4807.602716400028], [3874.326542379964, -4810.2786072006575], [3872.485349228083, -4814.159754600444]]]}, "properties": {"name": "", "area": 525.8359432481229}}, {"type": "Feature", "geometry": {"type": "Polygon", "coordinates": [[[3558.960012700143, -4833.012621599985], [3567.1956199053666, -4832.0395704003995], [3572.603088081002, -4830.745854600209], [3576.9904357259834, -4828.280054400463], [3593.892920603516, -4820.761022400591], [3600.3453902968627, -4818.770690400116], [3604.1936498571044, -4818.36156660005], [3608.13313970794, -4819.876430400467], [3627.7061840221113, -4830.04923840071], [3633.1136521977464, -4832.072742600001], [3638.1644928698274, -4833.145310399965], [3644.235454072563, -4835.611110600496], [3647.5031572339453, -4838.231714400479], [3660.8061924371336, -4853.358237600472], [3661.743376338369, -4852.263555000251], [3662.473218669003, -4851.412135200515], [3648.514984101068, -4837.026457800537], [3646.9557754856746, -4835.699569800744], [3644.9487090773137, -4834.704403800114], [3637.053142048581, -4830.2814438002815], [3635.3861158167115, -4828.401685800313], [3634.166947378989, -4826.964223800014], [3630.940712531726, -4825.526761800501], [3625.8235225572885, -4823.647003800533], [3610.14020611748, -4816.68084180005], [3607.2457177843557, -4815.575101800485], [3604.135594217101, -4815.13280580003], [3600.353683960394, -4815.243379800537], [3596.347844806024, -4816.017397800154], [3571.317570339744, -4825.416187799994], [3566.54042054062, -4826.964223800014], [3558.9019570613177, -4825.371958200263], [3558.95171903779, -4829.18676120006]]]}, "properties": {"name": "", "area": 436.1010529156774}}, {"type": "Feature", "geometry": {"type": "Polygon", "coordinates": [[[-3149.170131530859, -4130.635516200676], [-3148.4237018743406, -4142.002523400733], [-3149.452116067347, -4206.157558200135], [-3152.8110495193223, -4213.731877200654], [-3160.947132770422, -4214.7602154001], [-3262.0717638391307, -4227.509397600596], [-3268.433003240706, -4226.337313200254], [-3269.7516956337317, -4222.422993600081], [-3270.3737203467113, -4214.715985800369], [-3267.6782799218354, -4198.627468800133], [-3262.9011301238893, -4193.5410648004045], [-3255.0138567575104, -4188.454660800676], [-3245.9488832687066, -4181.300523000353], [-3241.387368703713, -4172.36614380044], [-3241.0722095154574, -4162.270737600315], [-3242.9382836555756, -4146.934123800224], [-3241.83522649786, -4142.953459800061], [-3239.7618107859635, -4140.542946600175], [-3234.984660986839, -4139.105484600662], [-3178.5296980021158, -4136.142101400601], [-3169.9540506204007, -4134.218113800116], [-3161.7184434151773, -4130.226392400609], [-3155.4235533159576, -4127.207722200688], [-3151.75775433808, -4127.749534800734]]]}, "properties": {"name": "", "area": 8764.751768139191}}, {"type": "Feature", "geometry": {"type": "Polygon", "coordinates": [[[3447.4185410990167, -5082.854574600093], [3439.4649184302807, -5105.245809600129], [3432.017209195695, -5118.293541600185], [3426.78390794125, -5124.91692420059], [3423.7235463504676, -5127.460126200454], [3411.8801958085483, -5125.303933200399], [3403.2050244727084, -5123.755897200379], [3399.8129163689655, -5117.5195236005675], [3397.648270366477, -5109.281760600153], [3397.4741034464655, -5098.943091600328], [3401.2062517267004, -5092.750947600249], [3411.100591501441, -5083.905027600584], [3429.620340633191, -5068.092945600435], [3439.746902967947, -5054.824065600153], [3454.874543997133, -5033.483283600606], [3458.4325253573566, -5020.336035000173], [3461.103084792817, -5000.985585000317], [3456.4254589489947, -4974.890121000204], [3457.876849946733, -4952.443599000308], [3465.656305695458, -4925.142878400253], [3471.329171080518, -4906.234724400066], [3479.4486670057345, -4873.947116400659], [3484.0101815707276, -4860.468145800278], [3490.794397778213, -4856.708629800341], [3494.0206326242974, -4869.092917800502], [3487.568162930951, -4908.003908400313], [3487.684274210958, -4938.411758400536], [3484.0101815707276, -4969.0296990000725], [3473.9997305171582, -4999.990419000472], [3461.874395437572, -5034.92074560012]]]}, "properties": {"name": "", "area": 5677.493893800303}}, {"type": "Feature", "geometry": {"type": "Polygon", "coordinates": [[[3801.732111497754, -4772.020003200613], [3795.0059509314506, -4780.47891420047], [3788.2134410604335, -4789.711843200729], [3787.384074776854, -4797.286162200462], [3791.555787187704, -4804.904710800712], [3794.3341642408195, -4812.644890800026], [3779.2065232116342, -4861.352737800402], [3772.919926774767, -4882.461314400376], [3773.757586721879, -4884.89394240052], [3784.2656575472465, -4881.023852400077], [3791.273802651216, -4872.68657280007], [3791.3899139300447, -4860.412858800418], [3791.66360480418, -4853.280835800354], [3796.1173017526967, -4846.369960800517], [3800.5627050365038, -4834.151533800724], [3801.7901671377576, -4823.370568800445], [3804.0128687802503, -4816.62555480019], [3814.413121987963, -4814.137639800186], [3822.4165066331716, -4807.834921800385], [3824.9211928121526, -4795.516978200215], [3820.193804990679, -4789.545982200362], [3813.301771166717, -4783.5196992006495], [3811.186887141879, -4776.940546199975], [3810.797084987736, -4772.185864200194], [3806.127752806267, -4770.858976200402]]]}, "properties": {"name": "", "area": 1958.4002857394516}}, {"type": "Feature", "geometry": {"type": "Polygon", "coordinates": [[[3764.6926132330746, -4960.6260750000765], [3758.571890052689, -4953.438765000153], [3757.5766505114498, -4945.709642400182], [3761.58248966582, -4934.375807400513], [3762.8597137435463, -4922.9866854001975], [3763.033880663558, -4919.735809800705], [3764.651144918955, -4919.0281362002925], [3767.346585342652, -4916.661852600138], [3773.226792299492, -4912.913394000331], [3770.8133364122823, -4926.635627400413], [3768.0266656968142, -4940.567951400592], [3771.5929407193894, -4944.990911400425], [3775.150922079613, -4948.031696400604], [3774.7030642866443, -4951.724868000551], [3769.9176208251674, -4957.198281000088]]]}, "properties": {"name": "", "area": 445.3503717072308}}, {"type": "Feature", "geometry": {"type": "Polygon", "coordinates": [[[3790.104396189966, -4952.222451000081], [3773.9815156195414, -4964.717313000747], [3770.5894075157985, -4969.9142910001965], [3769.9756764651715, -4984.399485000552], [3781.3794628764754, -5029.734825000014], [3784.3237131860715, -5046.641589600384], [3787.6577656498102, -5062.8959676002005], [3791.6138428277077, -5064.831012600029], [3801.897984755413, -5062.674819599973], [3802.121913651897, -5056.206240600591], [3798.953734444638, -5034.92074560012], [3800.17290288354, -5021.386488000664], [3805.5720773956436, -5004.855674999973], [3810.739029347733, -4991.586795000476], [3812.68804011609, -4976.382870000364], [3811.5766892948436, -4961.344806000619], [3806.293626062747, -4949.347527000268], [3804.4026709343934, -4945.267346400513], [3799.2274253187734, -4945.322633400373], [3792.1114625983278, -4950.508554000479]]]}, "properties": {"name": "", "area": 3133.622219208628}}, {"type": "Feature", "geometry": {"type": "Polygon", "coordinates": [[[3784.4398244660792, -5256.6547878001675], [3780.210056415225, -5255.106751800147], [3775.150922079613, -5251.402522800072], [3768.698452386266, -5252.618836800144], [3763.854953284785, -5261.520043800455], [3763.639318051832, -5272.522156800176], [3763.689080028305, -5283.8007047999845], [3767.470990286191, -5291.043301800555], [3775.7563594678877, -5293.199494800611], [3791.9455893406684, -5293.199494800611], [3797.0047236762807, -5288.776534799993], [3799.6172274729165, -5280.594058800224], [3800.7285782941626, -5272.798591800263], [3802.2877869083773, -5266.5511608003235], [3799.8992120094044, -5260.137868800016], [3794.276108600816, -5257.649953800013]]]}, "properties": {"name": "", "area": 1305.148001819849}}, {"type": "Feature", "geometry": {"type": "Polygon", "coordinates": [[[3752.7497387358526, -5415.26213340026], [3755.453472823081, -5406.869566800393], [3759.2353830809675, -5400.1466676003965], [3762.2128080423304, -5389.730596800453], [3765.389280911942, -5363.723592000589], [3766.7411479555562, -5325.962571000074], [3769.312183436893, -5320.920396600076], [3774.8523502172416, -5317.083478800021], [3786.28101761796, -5315.336409600032], [3800.811514922403, -5316.619068000094], [3809.0637094535105, -5319.836771399983], [3810.5482751018376, -5326.692359400746], [3805.5471964074072, -5342.891450400702], [3802.0306833601257, -5371.917125400487], [3800.9442135282943, -5375.079541800516], [3797.8340899610394, -5384.224011600528], [3797.6350420527915, -5394.363647400383], [3798.240479439887, -5406.128721000378], [3796.283175009177, -5410.164672000402], [3780.8735494435036, -5416.6774806003], [3770.92944769229, -5418.092827800341], [3760.5209008210463, -5418.900018000346], [3755.1134326465894, -5417.683704000275]]]}, "properties": {"name": "", "area": 3888.914688810706}}, {"type": "Feature", "geometry": {"type": "Polygon", "coordinates": [[[2189.4440544399563, -3865.744441800695], [2196.0043417497795, -3804.829225200656], [2199.7862520076656, -3799.189951199966], [2208.2457881093733, -3795.4414926001587], [2213.69472459795, -3795.220344600717], [2300.230802722212, -3803.03792640015], [2307.7365675968013, -3805.7138171999936], [2312.961575188894, -3810.1146624003536], [2315.0184035749066, -3814.427048400465], [2314.7944746784224, -3817.379374200397], [2311.659470122931, -3818.4298272001015], [2307.1477175355894, -3817.1582262001693], [2300.9772323787306, -3819.225959999977], [2290.1622960286386, -3820.3095852000697], [2273.392509755819, -3821.437440000679], [2261.988723344515, -3822.930189000053], [2251.8704546732906, -3826.413270000687], [2243.0045290927346, -3830.1506712003647], [2232.6042758850217, -3836.000035800367], [2224.4847799598056, -3843.2205180006795], [2216.473101651066, -3851.7900030002565], [2208.4116613658534, -3861.288309600475], [2204.820505353863, -3867.259305600327], [2201.5445085301276, -3870.0789426002793], [2196.2863262862675, -3870.222688800388], [2191.4179461965505, -3869.63664660061], [2189.726038976444, -3867.624199800663]]]}, "properties": {"name": "", "area": 4156.402662830427}}, {"type": "Feature", "geometry": {"type": "Polygon", "coordinates": [[[1641.208059399618, -3993.3026082001397], [1753.354968389019, -3885.7472784003185], [1757.6096174281092, -3883.1266746003353], [1761.6403375707155, -3883.480511400542], [1765.0573266626945, -3885.5261304000915], [1768.3167361617247, -3887.9366435999764], [1768.7563002923403, -3891.994709400259], [1762.560934147245, -3931.2374220000183], [1754.7731847349894, -3988.2272616005403], [1745.9819021203211, -4043.1604248005974], [1744.1490026307924, -4047.9703938002385], [1740.5910212705696, -4052.8909368003865], [1736.0875623455802, -4056.5951658004624], [1730.970372369964, -4059.7465248003627], [1721.0677389340492, -4061.6262828003305], [1702.9377919540848, -4061.7368568000516], [1670.3519906367437, -4065.109363800179], [1625.0768851656617, -4068.8688798001153], [1584.0978970489691, -4071.5226558004865], [1571.806688712903, -4070.361628800275], [1560.5687755580793, -4066.7679738007055], [1551.6696753257556, -4061.9027178004185], [1540.605929089765, -4053.333232800055], [1532.1546866515878, -4043.547433800406], [1525.4782880605787, -4034.2592178002865], [1518.6940718542717, -4021.3331172000803], [1492.3865733102657, -3960.8049096006357], [1467.8622122769582, -3904.268423400698], [1465.8634395321283, -3897.191687400494], [1466.137130405085, -3890.6678214004664], [1469.0813807158595, -3882.540632400558], [1473.9829354573444, -3875.519183400215], [1479.431871945921, -3871.6048638000407], [1485.544301462776, -3868.8405138007347], [1491.60696900198, -3868.177069800053], [1499.4527740530607, -3868.3982178002802], [1508.011834110071, -3872.4894558001647], [1512.4074754174053, -3875.9061924000234], [1573.2497860482886, -3938.7564540006765], [1624.9690675491854, -3992.749738199964], [1630.0862575248016, -3995.458801200196], [1635.0375742427589, -3995.624662200563], [1637.4842047817358, -3995.016505200527]]]}, "properties": {"name": "", "area": 33383.36487648124}}, {"type": "Feature", "geometry": {"type": "Polygon", "coordinates": [[[1377.2124773818498, -3305.7645336006067], [1374.37604468873, -3307.3567992003577], [1372.5929071768528, -3310.674019200625], [1370.8761189685106, -3318.6353472001665], [1366.812224174137, -3326.928397200442], [1365.6428177128869, -3334.558003200035], [1365.8086909705457, -3343.448152800217], [1365.593055736414, -3348.7004178003126], [1367.2020263282798, -3354.0632568001292], [1371.9294141497533, -3359.481382800592], [1373.7125516616304, -3367.265792400423], [1370.146276637876, -3377.8808964003356], [1367.2600819682837, -3387.611408400124], [1365.3110711999263, -3395.849171400539], [1365.9248022493746, -3403.63358100037], [1366.9780974317957, -3418.1187750007252], [1367.425955224764, -3427.130555999972], [1368.7031793024905, -3431.100162600006], [1373.9862425357658, -3429.88384860072], [1382.271611717462, -3420.883125000031], [1388.3923348966696, -3413.3088060002983], [1392.3401184110355, -3405.8450610002865], [1394.5628200535284, -3398.8788990005896], [1397.7890549007911, -3394.41170940024], [1409.192841312095, -3388.3301394006667], [1416.3668596725452, -3383.9624664006947], [1420.7542073175268, -3379.6500804005827], [1426.7671128802579, -3371.5228914006743], [1429.1556877804094, -3365.784100800393], [1428.9898145227505, -3360.4212618005763], [1426.6510016002503, -3358.375642800241], [1409.7485167227183, -3348.92156580054], [1396.5118308218857, -3338.306461800628], [1390.507218922686, -3329.6927472005336], [1385.887648717689, -3321.178549200031], [1383.7727646916728, -3314.101813200613], [1382.7194695104301, -3309.291844200186], [1381.1022052562118, -3306.693355200461], [1379.6591079208265, -3305.8751076003273]]]}, "properties": {"name": "", "area": 4006.8622116064653}}, {"type": "Feature", "geometry": {"type": "Polygon", "coordinates": [[[-1012.6562333683486, -2000.3168322004792], [-1060.5438426348871, -2001.97544220022], [-1061.157573685514, -2000.5379802007064], [-1040.630758144224, -1969.322940000478], [-1039.8013918594654, -1863.780057000604], [-1038.7978586558743, -1849.8587904005537], [-1033.7967799602657, -1843.887794400701], [-1021.1157694700563, -1841.5657404002784], [-1011.213136032963, -1835.9375238005032], [-945.1458178099872, -1835.0529318003796], [-938.1376727060174, -1837.2644118002959], [-935.4671132705564, -1845.3252564002146], [-933.800087038687, -1990.7632386004009], [-936.4706464741477, -1995.628494600688]]]}, "properties": {"name": "", "area": 17339.290494526504}}, {"type": "Feature", "geometry": {"type": "Polygon", "coordinates": [[[-1895.135134722634, 3162.106792800011], [-1896.0806122874, 3210.6377213998903], [-1895.856683389737, 3250.0020653995], [-1894.9692614661537, 3277.0042361999945], [-1890.6316757976447, 3282.090640199723], [-1883.7313483101511, 3286.1708207994784], [-1880.1733669499279, 3288.2164397998135], [-1878.1165385650943, 3302.67951899991], [-1878.1165385650943, 3308.6394575996333], [-1879.4518182828247, 3313.6152875996413], [-1881.4505910288333, 3315.0527495999404], [-1901.9691129065923, 3312.3989735995697], [-1903.7522504184694, 3282.3117881999506], [-1906.1408253174425, 3203.7379037993974], [-1908.0317804469746, 3184.851864599468], [-1909.035313650566, 3167.3480003999775], [-1908.7616227764306, 3157.0203887994967], [-1902.027168546596, 3152.1109031994783], [-1895.1848966991063, 3148.019665199594], [-1893.0783063366214, 3147.743230199506], [-1894.0237839013876, 3156.3569447996]]]}, "properties": {"name": "", "area": 2120.9802332716063}}, {"type": "Feature", "geometry": {"type": "Polygon", "coordinates": [[[-1881.0027332346867, 3010.310805599378], [-1901.1397466218336, 3011.250684599362], [-1902.193041803076, 3012.854007600028], [-1903.25463064785, 3062.490676199473], [-1896.4123588003606, 3068.892910799651], [-1894.239419135519, 3070.4409467996707], [-1892.07477313303, 3068.284753799615], [-1890.7975490541248, 3036.704819399836], [-1889.0724671822516, 3031.7400467999573], [-1885.4564301820244, 3028.865122799359], [-1879.675747179309, 3026.985364799391], [-1876.0597101790818, 3026.653642799443], [-1875.1142326143156, 3020.583130199999], [-1875.8357812825975, 3012.4117115995737], [-1876.88907646384, 3009.97908359943]]]}, "properties": {"name": "", "area": 932.1986910179257}}, {"type": "Feature", "geometry": {"type": "Polygon", "coordinates": [[[-1562.8412391770444, 3053.1029435997616], [-1563.620843484152, 3042.7200449994198], [-1567.510571358514, 3034.5486263997805], [-1573.0175634870945, 3028.5886877992716], [-1579.1963423063057, 3024.829171799335], [-1585.1428985666805, 3021.5782961998434], [-1587.9212756197962, 3018.758659199891], [-1588.2032601562844, 3014.8996265995775], [-1585.864447233784, 3012.9092945998887], [-1576.525782870845, 3012.7987205993822], [-1544.9932767347464, 3017.5423451998195], [-1542.1568440416268, 3020.417269199632], [-1541.5431129909996, 3025.603189799738], [-1547.5477248901996, 3079.939253399889], [-1546.5441916866082, 3124.666436399315], [-1546.270500812473, 3151.6133201999487], [-1547.108160759584, 3175.1324099998087], [-1545.7148254018496, 3181.9216535997953], [-1541.0952551968528, 3232.3323401996427], [-1535.70437434828, 3270.380853599589], [-1534.3690946293711, 3285.78381179967], [-1535.2565165541334, 3289.1563187997976], [-1536.8737808095302, 3290.262058799363], [-1558.0640893779198, 3290.040910799921], [-1561.9538172522823, 3287.995291799586], [-1563.6788991241554, 3281.8694921994957], [-1566.5650937937478, 3238.9667801993915], [-1565.8435451266446, 3199.0385087994773], [-1564.8483055854058, 3130.902809999912], [-1563.8447723806357, 3068.8376237997904]]]}, "properties": {"name": "", "area": 6163.4798984229565}}, {"type": "Feature", "geometry": {"type": "Polygon", "coordinates": [[[-1709.605896880384, 2906.890943399958], [-1710.2196279310115, 2910.1528763995793], [-1710.7753033416345, 2969.01141659994], [-1708.04668826617, 2970.393591599593], [-1697.7625463384645, 2970.891174599908], [-1691.4759499015984, 2969.674860599836], [-1687.5281663872322, 2967.795102599868], [-1687.1964198742717, 2959.015526999407], [-1687.752095284895, 2910.2634503993], [-1688.365826335522, 2906.0063513998343], [-1706.105971160165, 2905.6746293998863], [-1708.7184749568007, 2906.061638399695]]]}, "properties": {"name": "", "area": 1474.759074947331}}, {"type": "Feature", "geometry": {"type": "Polygon", "coordinates": [[[4306.418082938884, 1331.8970021996604], [4290.942108070854, 1301.4780947993074], [4284.62233698222, 1289.0385197992873], [4247.690656334017, 1271.3687945994297], [4204.9865863454515, 1225.4142401998024], [4188.5236655985345, 1176.3636137993494], [4188.5236655985345, 1111.854742199741], [4194.304348601251, 1036.7418239995636], [4269.494695953034, 1002.2759081998432], [4263.26615515735, 968.6945843994606], [4150.70456302557, 972.2329523999553], [4151.152420818538, 1054.4115491994212], [4156.933103821254, 1165.7595671995664], [4182.2951248016725, 1257.6686759996066], [4210.767269348167, 1287.2693357998255], [4233.898295022562, 1319.9660675992989], [4247.53307673989, 1323.2169431995765], [4278.393796186537, 1330.5701141998677]]]}, "properties": {"name": "", "area": 18829.655193012673}}, {"type": "Feature", "geometry": {"type": "Polygon", "coordinates": [[[4740.7654997920645, -2638.505730599999], [4760.23072648976, -2722.3871670005083], [4762.337316852245, -2725.0409430000936], [4768.681968927936, -2728.1370150001335], [4780.807304007522, -2730.680216999998], [4785.368818572516, -2729.353329000205], [4788.47894213977, -2725.2068040004606], [4794.873356193113, -2718.7935120001534], [4808.392026630434, -2707.249586400386], [4821.180854737119, -2697.6849354001783], [4840.588025793632, -2677.626811800694], [4862.94774082445, -2652.4269972000493], [4878.407128366597, -2637.289416600713], [4885.133288934079, -2627.7247656005056], [4886.800315165949, -2620.2167909999766], [4894.364135680541, -2586.281630400173], [4900.037001066781, -2554.3920888007046], [4908.438481528485, -2535.5502792005063], [4916.557977453702, -2526.715416600185], [4925.009219893057, -2520.5785595999655], [4938.801581204512, -2517.8142096006595], [4965.772572775618, -2510.4610386003683], [4973.892068700834, -2509.3552986000172], [4980.070847520045, -2512.451370600057], [4982.567240036674, -2516.3767476003604], [4985.461728369796, -2518.422366600695], [4988.85383647354, -2516.3214606005], [5000.755242655463, -2507.641401600416], [5008.037078633568, -2499.691131000218], [5009.372358351298, -2495.3787450001064], [5008.484936427715, -2492.724969000521], [4999.088216423594, -2491.785090000537], [4953.091562285409, -2489.739471000202], [4945.254050897859, -2489.6841840003417], [4940.468607436382, -2491.287507000222], [4932.514984767646, -2491.6745160000305], [4925.681006583687, -2492.2826730000666], [4920.174014453928, -2495.931615000282], [4917.113652864324, -2499.9122790004453], [4916.831668327837, -2504.832822000593], [4915.164642095967, -2510.626899600735], [4913.439560224094, -2510.6821866005957], [4907.882806117862, -2512.451370600057], [4900.377041243273, -2512.3407966003365], [4892.365362934533, -2511.511491600073], [4883.798009216349, -2510.12931660042], [4879.684352445503, -2508.6365676002606], [4876.682046494723, -2505.9275046000294], [4873.62168490512, -2504.5563870005053], [4872.120531930909, -2504.3905260001384], [4870.9013634920075, -2506.6462356005713], [4878.6808192407325, -2513.8335456004957], [4887.190117320091, -2520.799707600193], [4888.525397037822, -2523.7299186006517], [4888.251706163686, -2528.2081656003447], [4887.190117320091, -2563.127434800649], [4885.912893241187, -2567.4398207999748], [4886.46856865181, -2585.3970384000495], [4885.133288934079, -2591.9209044000772], [4882.29685624096, -2597.007308400592], [4878.407128366597, -2601.419211000295], [4872.900136238017, -2607.334920000287], [4870.345688081385, -2611.039149000363], [4869.566083774278, -2623.9099626007087], [4868.114692776539, -2630.433828600737], [4865.891991134047, -2634.0827706001664], [4863.11361408093, -2637.0682686004857], [4859.829323594843, -2638.3951566002784], [4855.773722462822, -2639.3350356002625], [4826.0160601750695, -2637.344703600573], [4768.292166774972, -2635.575519600326], [4745.152847437047, -2635.1885106005175]]]}, "properties": {"name": "", "area": 11800.765740283765}}, {"type": "Feature", "geometry": {"type": "Polygon", "coordinates": [[[-1218.6459374483532, -5239.969171200026], [-1234.304372899926, -5233.157812800566], [-1247.9972102560791, -5227.97189220046], [-1264.6342979230071, -5228.613221400098], [-1271.8083162846358, -5231.864097000375], [-1286.1563530067144, -5230.891045800004], [-1301.8147884571088, -5227.97189220046], [-1322.3581913242826, -5219.546153400205], [-1327.5831989163753, -5210.468028000184], [-1334.4254707638647, -5214.34917539997], [-1343.8885400703427, -5210.788692600003], [-1352.6964100108949, -5208.5219256002265], [-1358.8917761559899, -5208.5219256002265], [-1362.8063850197673, -5214.028510800151], [-1367.6913524353681, -5214.028510800151], [-1371.9377078121056, -5212.082408400193], [-1384.651892952904, -5220.839869200396], [-1379.7586318737717, -5228.613221400098], [-1384.0049872505094, -5235.424579800343], [-1388.5665018155025, -5244.502705200364], [-1386.940943897753, -5254.874546400577], [-1394.7618679605976, -5265.8987742005565], [-1399.6551290397297, -5271.73708140043], [-1401.2889806198316, -5279.5214910002605], [-1401.2889806198316, -5284.0550250006], [-1393.7832157452424, -5290.54571880024], [-1395.0936144747368, -5296.372968599984], [-1385.6305451682588, -5300.265173400685], [-1380.0903783879107, -5306.424145200377], [-1362.15118565502, -5315.502270600399], [-1360.1938812231313, -5327.499549599965], [-1350.8552168601925, -5329.202389200223], [-1342.7937765738016, -5335.383475800173], [-1340.6374242348438, -5343.787099800169], [-1333.6126918049902, -5346.540392400131], [-1316.842905532171, -5346.2529000007], [-1306.8988037809575, -5353.053201000031], [-1284.9454782313442, -5348.619183600069], [-1283.220396359471, -5342.084260200697], [-1268.5654941114892, -5337.4954392004975], [-1248.6524096208261, -5334.31090800021], [-1246.0481994877216, -5336.257010400167], [-1239.844539680274, -5321.661242400091], [-1245.3930001229746, -5312.914839000017], [-1245.3930001229746, -5306.103480600558], [-1237.5637823977775, -5300.265173400685], [-1229.0876589701859, -5294.758588199975], [-1222.5605463109518, -5299.612786800132], [-1217.5262929647542, -5303.991517200234], [-1212.6247382232696, -5307.38613900062], [-1204.082265492143, -5302.509825600204], [-1205.3677832334006, -5295.300400800021], [-1207.0762777793902, -5289.141429000329], [-1203.4436534532795, -5280.660403200213], [-1204.2979007262743, -5277.265781400613], [-1205.1521479992693, -5272.389468000197], [-1206.8606425452588, -5271.327957600362], [-1211.3392204820118, -5263.68729420064], [-1212.6247382232696, -5254.564939200101], [-1214.756209573991, -5246.294004000085]]]}, "properties": {"name": "", "area": 18999.01187267294}}, {"type": "Feature", "geometry": {"type": "Polygon", "coordinates": [[[-4126.553416819343, -2031.4876428001908], [-4104.30151940618, -2031.1227486006408], [-4051.2303708616682, -2031.2996670003513], [-4047.896318397929, -2028.8006946002179], [-4045.109647682461, -2021.547040200304], [-4044.47932930595, -2001.85381080037], [-4041.593134636358, -1942.7741226005678], [-4030.330340492119, -1940.628987000641], [-4001.59279873502, -1938.1189572003786], [-3978.801813237117, -1937.9420388006681], [-3963.118496797308, -1940.4410112000157], [-3962.131550918422, -1944.8307990002463], [-3964.5615941326932, -1953.4223988000822], [-3971.047238476629, -1966.4037864001484], [-3971.5033899331283, -1979.2082556005043], [-3970.5993806836605, -2003.1917562002918], [-3966.452549261047, -2007.6700031999846], [-3955.372215700351, -2008.1233566005685], [-3952.0381632366116, -2012.5905462001324], [-3951.9469329448402, -2030.1386400001397], [-3954.833127614433, -2035.0591830002875], [-3962.131550918422, -2036.3197266000905], [-4010.3343193732157, -2036.0543490001319], [-4020.6018739750375, -2036.7620226005452], [-4032.5862167863793, -2042.9431092004957], [-4053.759938030064, -2054.487034800263], [-4064.3011835060206, -2059.3191186001627], [-4064.3841201342607, -2109.807207000129], [-4057.633078578542, -2120.1901056004704], [-4039.4284886338687, -2145.1687722001025], [-4041.145276842211, -2154.3021845999842], [-4048.1700092720644, -2155.640130000692], [-4070.960994769968, -2150.3657502003375], [-4088.352805755766, -2140.071310800244], [-4105.023068074462, -2138.9876856001515], [-4116.824950302262, -2136.754090799977], [-4116.368798845762, -2124.2260566004943], [-4107.72680216169, -2121.9814044001905], [-4075.829374859685, -2123.053972200154], [-4074.925365610217, -2067.2030448003707], [-4083.3102587460376, -2065.5886644003613], [-4098.985281523494, -2065.7655828000716], [-4114.7515345915435, -2066.395854600366], [-4126.553416819343, -2067.822259200536], [-4128.17068107474, -2055.20576580002], [-4128.17068107474, -2036.7620226005452]]]}, "properties": {"name": "", "area": 12891.507878014352}}, {"type": "Feature", "geometry": {"type": "Polygon", "coordinates": [[[688.5150083997428, 171.68824979975034], [687.7354040926356, 186.79265819948492], [656.2277789447733, 184.90184279938757], [628.6430563218621, 180.92117880000967], [607.5108033934761, 177.38281079951508], [562.1361739682707, 169.6536881995445], [538.1094327067611, 164.12498819936098], [507.8541506483891, 155.9535695997214], [445.5687426821205, 134.30318039970035], [392.6219990799694, 114.63206580002472], [361.47929509801367, 101.81653919953958], [335.67770998697966, 87.89527259948913], [300.7530957471381, 67.12947539959174], [257.3689454055887, 36.85431419934724], [208.65196985429156, 2.830694399295723], [192.41297800385917, -9.763684200176414], [182.1785980526267, -19.936492200419835], [169.50588122594866, -29.877094800306708], [175.1704529486569, -39.60760680009547], [181.33264444198448, -43.96422240072407], [200.64858520790438, -34.28899740001005], [237.57197219375456, -5.79407760014206], [290.2947868994216, 33.97939019953465], [317.207722831702, 48.56410079948141], [338.563904656572, 60.273887399615575], [347.9108626830421, 66.68717939992275], [354.58726127405146, 71.98367399974974], [363.4780678428437, 75.52204199945865], [378.1661447414142, 82.15648199999316], [404.63122287954786, 95.85660059981628], [430.6650305505971, 108.00868319961943], [484.93876020812604, 127.22644439949686], [526.5397730377983, 139.15737899985834], [571.2509094347256, 151.08831359943417], [621.7510224978998, 162.79810019956835], [637.10259242357, 166.33646819927725], [657.5630586625036, 169.6536881995445], [683.5885726700218, 171.4228721997918]]]}, "properties": {"name": "", "area": 11873.8376788909}}, {"type": "Feature", "geometry": {"type": "Polygon", "coordinates": [[[153.97185071673596, -44.26277220028457], [136.58003973093716, -60.36234660064932], [117.15628134854083, -79.01618040022204], [116.03663686376329, -86.85587700069914], [118.57449769451138, -92.22977340064497], [123.65021935600754, -97.13925900066339], [131.28038917295694, -95.5801656005142], [156.37701294159268, -69.65056259998342], [166.4704006245812, -56.857150800542385], [159.1139216805885, -47.19298320074326]]]}, "properties": {"name": "", "area": 1180.7391248657082}}, {"type": "Feature", "geometry": {"type": "Polygon", "coordinates": [[[-63.429933438103916, -305.7039378000194], [-65.57799211470908, -312.0287706000785], [-63.33870314633261, -315.00321120026837], [-59.88853940258592, -316.91614140062416], [-55.15285791876004, -316.5180750006864], [-48.103244500670144, -313.0792236005691], [-44.05593703218021, -298.15173360054496], [-27.526666981728784, -289.46061720033185], [-8.608822032304385, -258.5994138003099], [18.503161807045156, -221.7561570003062], [46.70990914293591, -190.51900200060487], [86.5277844619096, -144.5533902000626], [93.94231904472751, -136.23822540031455], [95.52640864835692, -127.48076460011184], [92.39969775639676, -121.50976860025932], [88.35239028790683, -118.4136966002194], [78.90590830731279, -119.45309220058074], [64.28418071227732, -137.04541560031936], [46.70990914293591, -156.9266208000931], [34.91632057748897, -169.07870340068195], [26.01722034516553, -182.5576740002777], [-19.01736890354827, -240.60902400063347], [-27.69254023938764, -249.18956640034006], [-39.22073159305186, -275.10811200074164], [-52.12567097974516, -282.83723460071224]]]}, "properties": {"name": "", "area": 4826.565734856979}}, {"type": "Feature", "geometry": {"type": "Polygon", "coordinates": [[[-101.02510711340629, -402.15763800052804], [-101.50613955932052, -397.61304660005976], [-101.6637191534482, -395.30205000055184], [-88.99100232559154, -368.39939580043506], [-83.86551868762274, -365.91148080043104], [-75.20693467766712, -371.80507500016466], [-72.79347878927922, -378.4948020005596], [-83.06103339227917, -401.7595716005902], [-88.91635935970397, -405.662833800635]]]}, "properties": {"name": "", "area": 695.0579981035826}}, {"type": "Feature", "geometry": {"type": "Polygon", "coordinates": [[[712.4505193706595, 188.27434979951525], [712.948139141279, 173.01513779954297], [740.5411554265427, 174.5189441998317], [792.1526193109635, 174.07664819937708], [825.2940960389277, 171.4228721997918], [848.4334153768535, 167.88450419929723], [879.1282615658411, 164.56728419981562], [885.8046601556719, 164.56728419981562], [889.1387126194109, 167.44220819962823], [890.0261345441733, 171.20172419956447], [889.1387126194109, 175.61362679926782], [885.3568023615251, 178.70969879930772], [877.569052950448, 180.47888279955504], [799.4925109278937, 191.0829293993382], [786.1397137482322, 191.52522539979287], [748.1049759411358, 190.4194853994419]]]}, "properties": {"name": "", "area": 2860.7605741767693}}, {"type": "Feature", "geometry": {"type": "Polygon", "coordinates": [[[1109.7667316203347, -4596.572237400141], [1126.453581264914, -4587.505169400249], [1138.0232409338769, -4572.135383400556], [1145.3631325508072, -4562.736593400715], [1155.705330118516, -4555.549283400005], [1164.048754941395, -4551.46910280025], [1172.2760684830876, -4554.885839400108], [1194.0801081021043, -4576.6689174001085], [1220.1056221096226, -4611.488670000036], [1220.2134397272775, -4619.892294000032], [1179.5081424835414, -4626.858456000515], [1110.098478134474, -4642.2282420002075], [1106.764425670735, -4634.0457660004395], [1105.4291459530043, -4612.704984000108], [1105.5369635694808, -4600.995197399973]]]}, "properties": {"name": "", "area": 6211.521231475752}}, {"type": "Feature", "geometry": {"type": "Polygon", "coordinates": [[[7405.793062748968, -1992.9194316004568], [7401.206667195738, -1976.499192600273], [7399.008846542661, -1962.3567779999953], [7397.623804847278, -1953.8536374004075], [7389.545777236182, -1931.318656200263], [7387.729465072537, -1924.5736422000075], [7381.52580526509, -1916.3358792003783], [7376.790123780085, -1911.1610160004013], [7376.400321627121, -1904.86935540073], [7378.747428211974, -1895.5037376004914], [7383.499697021684, -1881.6709302006889], [7383.151363182839, -1874.251414800408], [7379.3113972849505, -1867.2189084007214], [7373.563888934002, -1857.665314800643], [7369.027255357245, -1847.1054978005911], [7363.943240033395, -1832.7198204006133], [7358.502597207172, -1829.3030837999686], [7358.046445750672, -1825.4219364001824], [7355.583227885812, -1820.921574600231], [7351.81790495381, -1816.3880406006776], [7347.364208006472, -1812.8717874004415], [7344.353608393341, -1809.0790992001175], [7341.658167969644, -1800.6312456003902], [7336.1926441540045, -1790.6906430005033], [7327.077908687549, -1776.0838176002983], [7318.079284501102, -1756.921343400281], [7312.771340280769, -1742.845273199993], [7309.951494913534, -1728.3932514000255], [7306.924307974518, -1721.4270894003284], [7299.178026877562, -1712.4927102004153], [7294.550163010212, -1709.8721064004321], [7288.52896378395, -1707.5611098001384], [7276.287517425535, -1703.8458234007192], [7271.3693753581665, -1701.9218358002342], [7258.862531787969, -1700.0973648001263], [7255.0640342053775, -1700.0531352003952], [7244.439852101181, -1697.111866800593], [7236.842856934821, -1696.3157340007174], [7225.405895871749, -1692.5893902003831], [7222.387002596265, -1691.030296800234], [7220.089657987885, -1691.0634690006216], [7201.055701758452, -1672.1000280005735], [7199.529667794827, -1669.8332610000111], [7199.488199480707, -1666.7482464001005], [7194.893510265125, -1659.9368880006411], [7193.392357289736, -1652.3957412005102], [7207.499877789447, -1654.7288526002765], [7218.812433910159, -1660.3128396003206], [7229.2541554319905, -1665.4545306006955], [7242.399611041052, -1674.5215986005878], [7254.881573623014, -1683.135313200682], [7270.540009073407, -1676.7662508001063], [7279.795736809286, -1667.5775514003637], [7282.341891302387, -1664.3266758000862], [7280.8987939670005, -1654.8615414002559], [7276.345573065539, -1642.8642624006904], [7266.608812884925, -1629.8718174004948], [7251.157719005132, -1618.1399160001022], [7241.080918648026, -1613.0092824006422], [7234.155710173475, -1607.8454766000086], [7228.955583569619, -1607.2815492004897], [7222.262597653906, -1605.4681356005112], [7216.77219285003, -1604.815749000744], [7207.284242555315, -1606.9719420000142], [7199.114984653627, -1608.9401592002305], [7194.064143980368, -1613.6395542001508], [7191.020369716646, -1617.4654146000767], [7189.502629415373, -1623.558042000565], [7185.762187472787, -1627.2954432002427], [7184.1946851950415, -1629.6064398005362], [7181.200672907794, -1629.6506694002674], [7175.818085721573, -1630.4246874006703], [7155.282976517931, -1611.4833612000948], [7151.459597945924, -1609.1391924001994], [7147.744036991574, -1607.9007636006547], [7144.617326098434, -1605.4460208002527], [7127.8641271515, -1600.1052966006946], [7124.140272534796, -1597.8606444003906], [7085.765494551209, -1595.9919438005518], [7080.7727095179525, -1596.3678954002312], [7066.366617157048, -1594.5655392003819], [7060.237600314309, -1591.8675336002798], [7051.222388801978, -1589.434905600136], [7038.0935205188, -1583.364393000692], [7025.553502296835, -1578.2116446001878], [7013.60233413726, -1572.9483221999628], [7005.532600188517, -1569.7859058007189], [6993.009169293615, -1562.8308012003654], [6980.037880603387, -1556.4617388005752], [6969.687389373325, -1551.762343800655], [6962.869998514072, -1548.4451238003876], [6952.892722112269, -1543.0712274004418], [6937.350397940704, -1537.0228296004705], [6927.398002527138, -1530.277815600215], [6911.565400155553, -1525.7774538002636], [6890.242392981272, -1521.8631342000897], [6873.655067291996, -1514.3551596003465], [6845.6058995502335, -1496.9950416001786], [6833.049294002384, -1488.5140158000636], [6823.685748650029, -1479.5575218006777], [6818.34462977793, -1474.9355286000907], [6810.772515600984, -1468.87607339999], [6773.37638983275, -1441.3099751999769], [6752.0865573102365, -1432.519342200172], [6738.941101701175, -1421.9705826002494], [6732.687679916077, -1415.3472000006298], [6717.7590867951385, -1408.4363250000076], [6697.945526258599, -1393.420375800521], [6673.960253311211, -1381.1798340004698], [6672.193703125216, -1377.5751215999856], [6669.971001482723, -1375.3636416000693], [6666.678417333105, -1377.188112600177], [6626.512208175286, -1353.5584488005961], [6609.700953588348, -1338.6751884003033], [6600.810147018377, -1337.713194600061], [6573.681575851965, -1319.8554936003636], [6517.42566077549, -1286.8380972002858], [6462.422088787326, -1253.0356254004616], [6435.376454250333, -1209.834363600011], [6374.865890133588, -1152.999327600513], [6363.047420578728, -1143.1029546003572], [6338.755282106613, -1127.3019300003386], [6335.421229642875, -1117.527188400033], [6316.030645911068, -1107.6529302001359], [6288.163938751668, -1106.6135346005601], [6277.133367168623, -1113.015769200738], [6261.300764797039, -1137.0324420001275], [6253.844761900102, -1144.1423502007185], [6249.274953671577, -1149.416730000287], [6236.428069924887, -1159.3794474004324], [6225.638014564211, -1157.400172800087], [6204.953619428792, -1151.053225200555], [6200.450160503803, -1150.3234368006692], [6194.329437324595, -1148.0124402003757], [6183.721842545103, -1139.2992090006899], [6170.7256728678185, -1131.4152828004815], [6162.415422696707, -1129.9335912004512], [6157.779265167005, -1126.9038636004009], [6147.171670387514, -1125.3668850005101], [6129.713510099357, -1119.329544600668], [6123.559612268383, -1114.8291828007166], [6121.25397399765, -1114.7628384007269], [6105.695062500201, -1101.9362544001126], [6061.100037383281, -1061.8200072003585], [6051.213991272071, -1054.9754766005115], [6048.211685321293, -1054.223573400367], [6037.512860252387, -1046.7045414004947], [6021.5890275890315, -1036.067322600324], [6000.224552100631, -1022.4224910003611], [5975.144515657878, -1007.32913999997], [5937.507873667278, -986.9392944005377], [5935.592037550688, -985.3691436002593], [5929.479608033832, -983.854279800627], [5919.593561922623, -977.1203232005009], [5914.982285379979, -975.5944020007394], [5909.73239679965, -971.7795990001571], [5905.925605553527, -971.0387532001419], [5900.584486681427, -967.2239502003453], [5896.777695435305, -966.48310440033], [5894.447176176336, -964.2273948006825], [5891.4531638890885, -964.2716244004138], [5889.12264463012, -962.0048574006371], [5867.044914136967, -954.4415958002477], [5863.312765856733, -952.1084844004814], [5854.8864044056145, -949.1340438002915], [5841.558488214188, -938.5631694001103], [5817.598096255036, -918.0848646004299], [5750.552125816705, -851.3866278003779], [5738.377028760646, -837.8081406004048], [5732.248011917907, -827.9338824005076], [5729.975548297763, -822.5931582001638], [5710.991354045983, -800.6442192005823], [5664.50537380071, -754.479574200071], [5649.2782088174, -737.0641692000429], [5643.870740641764, -728.671602600176], [5643.1326046487775, -726.0952284007096], [5640.901609343931, -723.4414524003387], [5640.13859236153, -718.8636888002684], [5638.156406941405, -713.1138408006432], [5636.970413155449, -699.889190400091], [5639.259464100299, -684.7184376003668], [5646.4583634489845, -663.808894200361], [5647.951222762022, -641.7714960005313], [5647.569714270231, -636.0990498002393], [5645.960743678365, -620.8840673999982], [5642.958437728766, -613.3650354001257], [5636.812833561322, -602.6946444003529], [5636.066403904803, -598.9130136001583], [5633.827114936426, -595.8611712006352], [5624.571387201729, -576.9640746005767], [5620.797770607373, -571.6454652004913], [5616.990979361251, -563.3303004007432], [5610.870256182044, -554.2521750007215], [5609.410571520774, -549.6854687999949], [5603.30643566745, -542.111149800262], [5594.1253508974605, -528.4884330005577], [5581.875610875514, -509.5360494006388], [5580.4242198777765, -505.67701680032525], [5550.724613230028, -474.6167802003344], [5536.940545582103, -452.70101340035484], [5534.668081961959, -447.34923180066744], [5530.894465367604, -442.03062240058205], [5521.729967924677, -422.3373930006479], [5516.397142714929, -412.4520774006215], [5498.026679513776, -384.42156840068094], [5496.575288516037, -380.65099500061547], [5488.165514390802, -372.30265800047977], [5478.992723284344, -358.69099860011903], [5476.695378675963, -351.84646800027207], [5474.464383371118, -349.5907584006246], [5469.8531068296525, -341.18713440062845], [5469.09008984725, -336.71994480027905], [5466.7678642506335, -334.4642352006316], [5464.511987957552, -330.6052026003181], [5463.019128644515, -323.7606720004711], [5457.661422446531, -304.8082884005522], [5450.711332982565, -286.68520980011084], [5443.114337817384, -279.0224316001299], [5437.773218945283, -275.3071452007105], [5430.217692093042, -270.7293816006403], [5424.901454209179, -269.21451780022227], [5421.774743317218, -266.969865600704], [5411.938459182482, -263.9180232003953], [5409.21813776937, -262.0603800006856], [5386.410564945583, -259.782555599994], [5370.055461816321, -261.8060598000706], [5363.992794275939, -264.0838841999765], [5354.206272118853, -270.89524260022154], [5347.289357306655, -276.26913900016734], [5340.455379122696, -280.8469026002376], [5338.158034514316, -280.780558200248], [5335.976801185944, -281.59880580038197], [5333.604813611675, -283.82134320042746], [5326.040993097083, -285.42466620030785], [5301.757148287322, -284.67276300016346], [5289.606932219499, -280.15028640073933], [5278.899813487063, -271.43705520026776], [5261.375303895372, -261.2310750004224], [5256.846963982147, -258.99748020024765], [5244.257183783709, -251.41210380038555], [5242.34134766594, -249.94146960048442], [5240.035709395207, -249.8751252004948], [5233.276374177136, -244.58968800001136], [5209.274513903863, -228.6891468004012], [5198.260529645523, -219.67736580036916], [5157.032731642932, -178.72075620022264], [5141.822153985506, -162.10148400007006], [5138.0485373911515, -156.7828745999846], [5131.919520548412, -146.9086164000874], [5128.825984307041, -140.07514320036967], [5126.586695339844, -137.02330080006092], [5120.499146811225, -123.46692840034629], [5116.717236553339, -117.34112880025607], [5111.318062042414, -95.40324720001807], [5109.004130108149, -80.19932220069187], [5109.244646330517, -25.918545600401572], [5106.209165729149, -9.232929000259361], [5104.226980309025, 4.091237999884399], [5106.1925784032655, 20.345615999701167], [5108.050358881031, 30.628997999665415], [5112.545524142489, 37.462471199383145], [5119.329740349975, 59.46669719961078], [5121.569029318352, 77.72246460003139], [5131.463369091913, 105.85249019956356], [5134.507143356812, 109.57883399989782], [5144.658586678625, 141.0924239996869], [5147.362320765854, 162.04619699942396], [5153.308877026228, 179.45054459932288], [5155.672570936966, 181.77259859974566], [5157.878685253574, 188.58395699999065], [5162.473374469156, 195.41743019970838], [5163.916471804541, 199.22117579937583], [5170.957791560279, 210.079542599774], [5171.33100638736, 211.97035799987134], [5178.380619806628, 222.03259199960826], [5178.355738817213, 224.32147379964337], [5182.187411051571, 228.85500779998245], [5186.309361485949, 241.06237739964598], [5192.007107860425, 254.68509419935026], [5206.695184758995, 297.609920999713], [5209.21645826386, 309.9942089998727], [5211.986541653444, 318.90647339952744], [5215.345475106598, 342.8457443995836], [5217.651113377331, 364.09806719966684], [5218.024328204412, 372.7670687996215], [5216.39877028784, 432.0015605996614], [5211.3645169404645, 477.13786739994043], [5210.137054839211, 522.2410019998317], [5211.5469775228285, 564.0932609994454], [5209.581379428588, 583.3773665993125], [5193.143339669908, 629.6636429996737], [5186.135194565938, 645.3983231997026], [5182.137649075099, 652.41977219926], [5176.025219558244, 660.6907073992769], [5166.130879784681, 675.496565999451], [5140.196596067756, 700.8290693992894], [5124.181533113808, 710.6701553995847], [5121.170933501855, 711.4220585997291], [5118.840414241708, 713.7772847997538], [5113.524176359022, 715.1926319997946], [5110.496989420008, 717.5478581998193], [5106.690198173886, 718.2887039998345], [5102.949756231298, 721.329489000014], [5089.928705564597, 723.529911599801], [5042.115739263946, 727.9418141995044], [5035.572039278828, 731.7345023998282], [5031.425207856214, 735.5603627997541], [5022.990552742743, 745.4014487992638], [5015.368676588147, 754.4574593998126], [5013.096212969181, 759.8092409995], [5009.289421723059, 774.9910511993535], [5003.508738720343, 795.027059999365], [4998.963811481233, 820.0610135996428], [4994.634519476255, 850.7784707995563], [4993.14995382675, 878.1455357996006], [4987.750779314646, 900.171876599301], [4986.539904539276, 914.9003333993562]]]}, "properties": {"name": "", "area": 1006546.4427294517}}, {"type": "Feature", "geometry": {"type": "Polygon", "coordinates": [[[4986.539904539276, 914.9003333993562], [4988.464034319397, 927.4725971993556], [4996.807459141098, 952.4844359993751], [4999.851233405996, 956.3102963993009], [5002.024173070838, 964.7139203992971], [5004.379573319221, 967.7325906000038], [5007.406760257058, 973.0511999993035], [5008.161483575928, 976.0477553997518], [5010.409066207836, 979.8625583995486], [5011.163789526707, 982.9696877997177], [5013.411372157436, 986.6849741999227], [5014.1660954763065, 989.7810461999627], [5016.090225256428, 994.690531799981], [5017.55820358005, 1011.3429761997356], [5015.642367462282, 1026.9449675997853], [5014.074865184535, 1031.5116737997264], [5006.527631995827, 1042.8565661995247], [5005.689972048715, 1045.5324569993684], [5003.450683080339, 1048.1862329997393], [5002.687666099116, 1052.7639965998096], [5001.543140626101, 1056.125446199808], [5000.323972188378, 1064.8718495998814], [5001.899768128476, 1073.2644161997484], [5005.598741756944, 1080.086831999337], [5005.6733847228315, 1082.2761971997804], [5009.787041493678, 1087.6169213993387], [5012.42442627855, 1092.2389145999257], [5013.950460242176, 1097.5354091997528], [5016.305860490559, 1100.5540793996738], [5020.792732089665, 1108.1836853992672], [5029.874292904353, 1136.9992697997397], [5034.668030029361, 1187.155636199758], [5036.218944981222, 1190.5613153994877], [5036.583866145951, 1193.2593209995898], [5041.120499722708, 1211.4487440000207], [5065.2965269148135, 1282.7910887993469], [5075.539200528398, 1314.3046787999217], [5081.9004399311525, 1366.3850327996392], [5088.833942069235, 1385.9787455999817], [5103.862059144297, 1410.404542199438], [5114.51112223673, 1427.886291599456], [5122.008593448967, 1441.6306397997957], [5123.600976714949, 1449.2270735997872], [5126.968203830455, 1458.636920999757], [5132.209798748431, 1498.1450111994752], [5134.847183533303, 1523.577031199691], [5134.034404574429, 1553.1445187995223], [5137.733378202896, 1602.4936949995356], [5140.735684152496, 1609.4045699993721], [5141.490407471367, 1612.4011253998206], [5149.054227985959, 1621.5677099993045], [5178.712366319588, 1651.1683697995236], [5187.06408480482, 1661.4406943993586], [5205.641889577753, 1683.1131983996381], [5216.597818196088, 1699.8983315993719], [5222.652192072939, 1717.3137365994], [5225.679379010776, 1721.9357297999873], [5226.4341023296465, 1724.9322851996499], [5230.257480901652, 1730.2619519998643], [5231.791808527631, 1734.7623137998157], [5235.913758962009, 1740.103037999374], [5239.322454390456, 1746.6158465992728], [5254.491563733763, 1762.1736083995913], [5259.832682605863, 1766.0326409999047], [5265.903643808598, 1767.503275199806], [5271.244762680698, 1771.3623077993338], [5275.034966600936, 1772.1142109994782], [5282.55731880141, 1777.3996481999616], [5290.585584436033, 1781.9884691993755], [5306.13620226995, 1798.7404301995073], [5309.959580840778, 1804.070096999722], [5311.402678176163, 1807.8738425993893], [5313.758078424547, 1810.8925127993105], [5315.97248640351, 1817.0072549992715], [5320.567175620269, 1823.8407281997747], [5324.3159112263875, 1834.444774799558], [5327.359685490108, 1838.2706351994839], [5329.648736434957, 1845.8781263996043], [5334.152195359946, 1852.7115995993222], [5335.678229323572, 1858.0080941999347], [5339.509901557931, 1862.5416281994883], [5346.252649451296, 1873.587970799726], [5369.79835826807, 1897.5272417997821], [5373.646617827133, 1900.5680267999617], [5389.951958981101, 1899.4954589999984], [5399.514552240524, 1901.4194465996977], [5406.323649436246, 1907.4899591999274], [5408.579525730506, 1910.5086293998486], [5413.846001636719, 1919.6420417997306], [5414.39338338499, 1923.2356967993], [5416.947831541622, 1926.464457599319], [5422.214307447834, 1943.1721889997198], [5441.845407402009, 1996.424627399778], [5444.872594339846, 2001.7432367998633], [5445.6273176587165, 2004.7397921995262], [5448.654504597732, 2010.0584015996114], [5449.4092279166025, 2013.054956999274], [5453.9873298063, 2021.491753199658], [5454.742053125172, 2024.4883085993206], [5459.3201550160475, 2032.914047399575], [5460.083171997272, 2035.9106028000233], [5463.102065272756, 2041.2402695994524], [5463.856788592805, 2044.2368249999006], [5468.335366528379, 2052.6625637993698], [5468.410009494267, 2054.851928999813], [5472.142157774501, 2059.484979599744], [5473.68477906401, 2063.288725199411], [5483.537650523453, 2073.1850981995667], [5486.539956473052, 2073.1298111997066], [5492.652385989907, 2071.626004799418], [5498.00179852436, 2067.910718399998], [5506.328636021356, 2065.632893999307], [5511.719516869929, 2065.610779199834], [5530.670536471121, 2067.9660053998587], [5536.019949005573, 2071.725521399795], [5540.606344559981, 2072.488481999283], [5549.7210800264365, 2077.8955505996164], [5563.314393428465, 2091.52932479945], [5573.241907853795, 2103.7145795996407], [5606.458027548826, 2143.510162199576], [5611.542042872675, 2151.2503421996757], [5619.329792283752, 2166.1999469999582], [5623.3770997522415, 2176.8150509998704], [5625.45051546296, 2185.6056839996754], [5627.0263114042355, 2194.186226399382], [5630.708697706819, 2231.3943773997216], [5636.066403904803, 2241.2244059998875], [5645.131377394786, 2250.41310539963], [5648.987930617381, 2253.4538903998096], [5669.108356678644, 2258.0095391996215], [5680.14722192522, 2268.6246431995337], [5685.413697832611, 2277.758055599416], [5687.636399475104, 2290.6399265998907], [5686.019135219707, 2334.736837799808], [5682.651908105379, 2346.833633399751], [5680.686310011138, 2351.389282199563], [5669.241055284535, 2383.9975547995737], [5666.9022423620345, 2387.049397199882], [5664.696128045426, 2394.5905440000133], [5657.762625907343, 2404.4537447997814], [5656.311234909605, 2408.2243181998465], [5653.989009312989, 2410.480027799494], [5647.072094499612, 2418.8504795998883], [5645.645584491289, 2421.117246599665], [5644.807924542999, 2423.793137399509], [5642.568635575801, 2426.4579708000088], [5641.399229114551, 2445.7531338000053], [5642.485698946382, 2453.736576599805], [5647.785349504363, 2460.581107199652], [5653.151349365878, 2470.123643399601], [5669.780143369275, 2488.7774771999593], [5678.869997847493, 2503.1410397996788], [5696.3447454615325, 2532.863330999748], [5710.717663171848, 2555.276680799257], [5731.211304062549, 2576.175166799919], [5750.203791976682, 2597.4496043994754], [5773.691445153451, 2632.435217999769], [5780.533717000942, 2643.481560600007], [5830.6108532593835, 2700.139678199795], [5843.872420148453, 2716.0623341996634], [5846.509804932146, 2720.684327399465], [5846.57615423568, 2722.8736925999083], [5850.308302515916, 2727.506743199839], [5851.0713194971395, 2730.5032985995017], [5858.718076639972, 2741.162632199931], [5872.3528583573, 2766.251872799284], [5879.90838520954, 2790.556037999676], [5881.774459349657, 2800.4413535997023], [5883.9805736662665, 2806.8435881998803], [5888.533794567728, 2831.214097799476], [5902.84865663804, 2923.0347473992683], [5907.708743065405, 2961.3375809998297], [5911.797518848014, 3005.014310999551], [5913.688473976368, 3019.8865139997147], [5917.810424410746, 3025.1166641995524], [5919.759435179103, 3028.6329173997883], [5937.947437797893, 3050.2943639999385], [5938.693867454412, 3054.0870521994766], [5942.52553968877, 3058.620586199816], [5943.952049698271, 3063.928138199772], [5947.792015594982, 3068.461672199325], [5966.767916184411, 3097.796954399586], [5972.075860404743, 3103.845352199557], [6001.642768447779, 3133.932537599962], [6007.780078952871, 3138.1011773999653], [6019.872239380689, 3145.34377439975], [6026.7642732046515, 3145.332716999621], [6038.499806130095, 3141.915980399762], [6049.49720306255, 3141.5732009996846], [6060.154559818516, 3144.7024451993266], [6063.248096059886, 3144.647158199466], [6068.191119115491, 3148.4951333996505], [6074.602120494717, 3154.56564599988], [6088.286664188518, 3169.7916857994646], [6103.464067195355, 3184.940323799716], [6137.592489802207, 3217.2721613996396], [6144.426467986164, 3221.5513751993635], [6156.618152368106, 3228.395905799996], [6158.923790638841, 3228.3295614000062], [6161.884628274319, 3230.6626727997727], [6167.258921798188, 3232.221766199922], [6188.9385564748445, 3240.1941515995927], [6218.945028648496, 3245.192096399859], [6225.0159898500515, 3247.458863399636], [6228.781312782054, 3249.803032199531], [6231.866555361073, 3250.5438779995466], [6237.133031267286, 3252.8106449993234], [6243.270341772376, 3256.6807349997657], [6256.905123489704, 3268.025627399564], [6322.226012056162, 3335.343078599781], [6341.915167650342, 3357.0266399994043], [6358.975232122, 3380.766877799492], [6364.681272160007, 3387.423432599499], [6372.228505348718, 3398.0827661999283], [6388.981704295653, 3414.8457845994035], [6400.335728730484, 3424.764272399818], [6408.679153552184, 3428.556960599356], [6418.590080651629, 3434.671702799317], [6428.442952111072, 3437.6903730000236], [6449.326395154737, 3444.9550847992814], [6452.021835579613, 3445.3863233996067], [6462.670898673226, 3448.427108399786], [6477.126753011781, 3451.114056599759], [6494.999596442315, 3459.5287379998845], [6497.587219249535, 3459.8604599998325], [6502.928338121636, 3464.0180423997067], [6526.905317406673, 3478.879187999741], [6533.731001928278, 3484.253084399687], [6550.815947389353, 3498.727220999913], [6556.065835969682, 3502.486736999849], [6559.847746226389, 3503.2386401999934], [6562.916401479524, 3505.57175159976], [6578.143566462834, 3510.1605725999593], [6582.688493701943, 3513.909031199766], [6586.155244771574, 3516.2421425995326], [6596.4891486757515, 3535.9353719994665], [6613.059887040323, 3552.3887832000382], [6644.045011429329, 3592.5603173996524], [6661.353885786889, 3615.4270205997454], [6670.875010732192, 3619.927382399697], [6681.325025917556, 3636.0711863997926], [6705.12783828258, 3655.3552919996596], [6729.560969022938, 3661.91233019929], [6757.742835370593, 3660.253720199549], [6767.529357527678, 3660.872934599714], [6780.409415926135, 3656.6821799994523], [6804.809372015905, 3657.765805199545], [6817.0508183743195, 3650.7111839996], [6857.333138812145, 3662.90749619992], [6863.163583792512, 3669.3318455995704], [6879.0874164546885, 3688.6601807999546], [6884.693932538572, 3689.367854399582], [6889.2803280918015, 3685.741027199625], [6894.372637078002, 3675.6456209995004], [6902.027687884367, 3672.4942619996], [6913.0582594674115, 3662.000789399538], [6927.804392005986, 3656.018735999556], [6939.415519989068, 3647.581939799958], [6942.915445709287, 3638.6365031999158], [6939.855084119685, 3630.8410361999554], [6941.4308800609615, 3617.9149355997492], [6937.682144454844, 3607.310888999966], [6934.646663853476, 3602.7884123997565], [6931.594595926224, 3599.758684799706], [6923.19311546452, 3592.869924599342], [6892.0587051449165, 3582.18847619944], [6886.7092926092855, 3578.3294435999123], [6865.029657932629, 3577.9313771999746], [6849.188761898692, 3583.979774999946], [6833.91183493891, 3589.762795199959], [6823.876502895924, 3587.8609223997323], [6813.774821550584, 3586.2686567999813], [6805.348460100643, 3576.3280541993086], [6799.360435526149, 3564.2754881998826], [6799.7170630285245, 3547.888421399301], [6803.03452816638, 3528.2283641997547], [6808.5498139584915, 3506.854409999821], [6808.599575936142, 3488.620757399659], [6807.148184937226, 3463.6089185996398], [6802.5203210698755, 3451.390491599847], [6799.5843644226325, 3446.868014999637], [6798.033449470771, 3443.0642693999694], [6795.777573177689, 3440.0455991992626], [6794.82380195057, 3429.574241399459], [6795.794160503572, 3424.8085019995488], [6808.740568204387, 3405.867175799759], [6823.204716205294, 3386.251348199944], [6834.641677268366, 3368.7695987999264], [6842.25525976061, 3352.846942799272], [6846.128400309089, 3347.517275999843], [6846.053757343201, 3345.228394199808], [6848.384276603349, 3342.9726845993746], [6849.893723241091, 3327.857218799511], [6848.467213231589, 3308.1197597998457], [6843.175856335962, 3293.6013935998885], [6831.7471889364215, 3281.4935405998167], [6826.505594018444, 3277.634507999503], [6817.341096574339, 3275.323511399995], [6814.662243475346, 3274.1845991992564], [6791.52292413742, 3270.789977399656], [6763.714272619204, 3272.5923335995053], [6748.288059727646, 3275.06919119938], [6738.965982689413, 3277.1369249999734], [6729.925890188845, 3280.498374599972], [6721.458060423605, 3285.7616969994115], [6707.051968061523, 3287.254445999571], [6697.928938932716, 3281.9468939996145], [6688.067773809743, 3272.050520999459], [6685.023999546023, 3268.2246605995333], [6686.558327172, 3258.394631999367], [6704.091130426043, 3241.0013417995974], [6706.41335602266, 3239.442248399448], [6712.417967923039, 3238.7235173996914], [6732.579862298423, 3233.0289563999268], [6765.746220015801, 3226.715180999997], [6790.054945813799, 3217.5817685993293], [6796.913804987172, 3213.092464199507], [6800.720596233295, 3212.3516183994916], [6803.756076834661, 3210.1069661999736], [6821.31376107694, 3204.7662419996295], [6828.131151935015, 3203.2624355993407], [6831.548141028174, 3202.112465999259], [6853.459998263666, 3202.8864839996613], [6870.652761341217, 3199.569263999394], [6881.368173737185, 3198.1207445997516], [6899.572763681859, 3196.5727085997314], [6940.261473599711, 3195.53331299937], [6982.882606960037, 3191.840141399424], [7004.910575475537, 3188.8546433998904], [7033.100735485544, 3188.146969799477], [7057.434342272958, 3192.061289399651], [7083.667197851075, 3195.5111981998975], [7091.960860696304, 3195.5222556000267], [7108.680884991471, 3193.255488599464], [7120.126139718074, 3189.5291447999157], [7122.456658977043, 3187.173918599891], [7131.596275431734, 3184.2105353998304], [7142.245338525346, 3179.6770013994915], [7163.543464711391, 3172.1026823997586], [7171.107285225984, 3166.828302599404], [7171.17363452834, 3162.2394815999905], [7161.229532777127, 3151.248425999613], [7166.603826300995, 3145.553864999848], [7172.649906514315, 3142.1481857993326], [7176.166419561596, 3140.600149799313], [7190.98719506488, 3138.0127181997173], [7204.605389456324, 3136.5089117994285], [7221.391763055027, 3136.542083999816], [7237.29900839132, 3135.060392399786], [7240.815521437423, 3133.9104227997036], [7253.3389523335045, 3131.3008763998496], [7257.1623309043325, 3129.8523569994213], [7266.982027713185, 3127.5966473997737], [7314.977454597379, 3118.4964071994937], [7330.1299766148, 3120.884805599906], [7336.200937817536, 3123.162629999812], [7339.26129940714, 3125.3962247999866], [7346.81682625938, 3128.4922968000265], [7384.055372432307, 3152.89597860001], [7387.148908673678, 3153.6368244000255], [7393.974593195284, 3158.21458799931], [7401.538413709877, 3160.503469799345], [7407.202985432585, 3163.168303199845], [7432.739173333015, 3166.6071545999625], [7460.440007234755, 3164.793740999984], [7501.128717151429, 3156.876642599388], [7516.753977952414, 3154.3002683999216], [7544.653859762401, 3151.646492399551], [7568.083457299167, 3149.4239549995054], [7586.312928232078, 3146.482686599703], [7592.831747228958, 3144.5808137994763], [7599.242748608185, 3143.475073799911], [7628.17104461118, 3132.8157401994818], [7635.826095416365, 3128.3374931997887], [7668.17967417487, 3101.092059599595], [7675.444922827091, 3095.7071057995195], [7686.069104931288, 3093.4624536000015], [7695.1672530730375, 3093.484568399474], [7708.121954436204, 3095.850851999628], [7744.215975137296, 3109.1971338000303], [7761.276039610134, 3111.1211213997294], [7818.353027309015, 3110.4908495994355], [7875.388546693776, 3112.0610003997135], [7879.153869624599, 3114.405169199609], [7885.996141472088, 3115.079670599635], [7914.484873344467, 3117.8771927993284], [7951.8146498091655, 3124.7770103998214], [7966.569076011271, 3131.2234745997307], [7971.114003249202, 3135.071449799915], [7974.19924582822, 3135.81229559993], [7975.6838114777265, 3136.6305431992787], [7982.517789661684, 3141.208306799349], [7996.60042917198, 3149.5566437994844], [8013.295572478913, 3163.2346475998347], [8019.71486752167, 3169.2941027999354], [8072.9021273461885, 3226.383458999263], [8081.228964842006, 3238.546598999981], [8082.771586131515, 3242.3503445996485], [8085.027462424597, 3245.3690147995694], [8087.9965937236075, 3255.2653877997254], [8090.343700308461, 3259.080190799522], [8091.488225781473, 3262.883936399975], [8125.865458274224, 3343.3154639994523], [8158.525902557453, 3418.5500135994794], [8161.926304323548, 3425.770495799791], [8162.282931825924, 3428.4685013998937], [8166.02337376851, 3432.9909779993177], [8186.077450528596, 3479.9185835993167], [8257.461006634258, 3593.975664599693], [8260.985813343892, 3602.644666199648], [8279.845602653313, 3602.5451495992706], [8283.660687561787, 3600.9971136000363], [8284.407117218305, 3597.923156399469], [8283.644100235904, 3594.9266009998064], [8268.615983160842, 3562.1082377996977], [8250.850957346784, 3534.6748283996635], [8234.014821771607, 3508.3361015998516], [8187.354674606324, 3436.8721253998897], [8179.782560428199, 3427.70554079962], [8179.417639263471, 3425.107051799895], [8175.096640920845, 3416.250074399315], [8171.447429270031, 3408.76421459983], [8149.41946075335, 3360.8635577994596], [8133.902017570022, 3325.900058999424], [8126.761173861338, 3306.9808475998925], [8117.67131938312, 3284.9434493992776], [8111.600358180385, 3268.1362013992853], [8110.07432421676, 3262.8397067994583], [8105.570865291771, 3256.0062335997404], [8104.8161419728995, 3253.009678199292], [8097.957282800705, 3243.157534799653], [8078.193484240638, 3219.1850915999953], [8075.954195272261, 3214.972222199475], [8066.126204801056, 3202.786967399284], [8032.652981558952, 3165.5788163997304], [8014.423510626042, 3146.515858799305], [8004.60381381719, 3141.208306799349], [7993.208321068238, 3134.374833599631], [7984.118466591198, 3126.789457199769], [7981.821121982818, 3126.7562849993815], [7976.471709447186, 3122.8972523998536], [7972.689799190479, 3122.145349199709], [7969.621143937345, 3119.9117543995344], [7956.782553854186, 3116.0527218000066], [7953.713898601051, 3113.819126999832], [7946.639404194725, 3112.038885599455], [7931.287834267876, 3106.388554199422], [7928.642155820651, 3105.4155029998356], [7902.7742214072605, 3097.0008215997104], [7890.225909522943, 3094.2364715996187], [7886.842095082731, 3093.1970759992573], [7862.9065841118145, 3089.691880199936], [7844.635644864785, 3088.1438441999157], [7788.719769963623, 3084.5944187992923], [7753.745393746129, 3084.5280743993026], [7746.173279569184, 3083.0242679997996], [7738.543109751056, 3078.4354469996], [7728.267261486882, 3070.0318229996037], [7715.785298904921, 3061.6945433995975], [7705.9324274454775, 3058.675873199676], [7692.919670441131, 3060.091220399717], [7682.303782000466, 3062.335872600021], [7678.472109766107, 3064.6800413999163], [7663.294706759269, 3078.31381559975], [7655.6230686282, 3083.5881953993185], [7644.252456867484, 3089.614478399817], [7628.262274901773, 3104.033327999397], [7618.359641465858, 3113.664323399594], [7610.746058973614, 3120.7300019996683], [7605.421527427397, 3122.9414819995845], [7597.003459639809, 3124.423173599615], [7582.98716943187, 3126.3250463998415], [7532.744159916947, 3132.3070997998234], [7498.582562658329, 3138.322325399407], [7468.136526355241, 3142.789514999756], [7446.821812843311, 3144.9899375995433], [7418.316493645049, 3146.7922937993926], [7403.047860347619, 3145.2884873998896], [7394.687848200035, 3142.977490799596], [7388.6500616490675, 3138.421841999784], [7384.868151391182, 3137.66993879964], [7378.730840886091, 3133.103232599699], [7348.799011678327, 3108.0029345994312], [7345.332260609875, 3105.6587657995356], [7343.14273361797, 3104.9289773996497], [7323.6692132591015, 3103.767950399438], [7294.052543239593, 3106.7534483997574], [7290.635554147614, 3107.90341799984], [7283.718639334236, 3109.407224399343], [7281.495937691744, 3111.6629339997758], [7272.356321237053, 3114.6263171998366], [7269.329134298038, 3116.970485999732], [7246.504974149547, 3119.944926599922], [7241.960046910437, 3122.974654199972], [7230.946062652097, 3124.8212399995527], [7192.828388216761, 3127.784623199613], [7178.405708528793, 3129.973988399271], [7162.855090694876, 3134.9387609999358], [7132.4090543906095, 3153.846914999338], [7112.562319203481, 3165.52352939987], [7107.21290666785, 3169.7363987996046], [7090.534350686802, 3175.7847965995757], [7067.660428560659, 3174.966548999442], [7057.790969775333, 3173.4406277996804], [7052.449850903232, 3169.581595199367], [7039.984475647154, 3167.723951999657], [7036.501137251641, 3166.1759159996373], [7006.088275599141, 3161.8856447997837], [6965.797661498962, 3162.626490599799], [6913.307069353311, 3164.793740999984], [6871.191849425957, 3168.0999035993364], [6854.032261000173, 3172.943044799365], [6795.396064685899, 3192.5588723999663], [6774.131113151621, 3198.6404423995396], [6754.740529420992, 3206.6017703998664], [6734.5869287067835, 3210.64877880002], [6731.559741768947, 3212.893430999538], [6724.634533293217, 3215.1933701997023], [6721.60734635538, 3217.438022400006], [6714.765074507891, 3220.5340943992605], [6711.737887568876, 3222.7787465995643], [6706.41335602266, 3225.0012839996098], [6698.045050212722, 3230.3641229994264], [6680.6864138775145, 3236.5230947999044], [6672.434219347585, 3243.920495399927], [6667.756593502584, 3257.664843599481], [6663.286309229363, 3266.997289199332], [6662.730633818739, 3282.0242957997334], [6669.6309613050535, 3295.624897799965], [6679.707761662159, 3301.4300327994506], [6689.311823236881, 3308.3519651994166], [6704.4228769401825, 3313.5600005997812], [6725.01604178383, 3307.1577659996033], [6755.263030179848, 3298.3671329997983], [6781.5041794214985, 3294.2537801996555], [6789.897366220849, 3294.2648375997846], [6808.558107620843, 3296.2109399997425], [6818.004589601437, 3299.6276765996013], [6829.44984432804, 3310.342297199891], [6830.917822651662, 3312.5537771998074], [6830.221154972795, 3326.9836841995166], [6827.890635712648, 3329.2393937999495], [6827.857461062059, 3331.539332999328], [6826.331427098434, 3333.5075501995443], [6812.613708752864, 3357.3141323996215], [6808.84009215851, 3362.643799199836], [6808.002432210221, 3365.7177563996174], [6805.763143243023, 3368.2830731997406], [6801.989526648668, 3373.9997489997636], [6798.895990407297, 3380.8332221994815], [6796.65670143892, 3383.88506459979], [6789.640262672598, 3388.6729187999586], [6785.89152706648, 3403.5561791994655], [6782.117910472125, 3408.8858459996804], [6779.845446851981, 3414.138110999776], [6773.58373140453, 3425.781553199921], [6772.090872092672, 3440.598469199438], [6776.494807062358, 3454.530793199618], [6780.699694124976, 3466.1078909997727], [6785.8583524147125, 3484.463174999785], [6789.399746449052, 3508.933201199758], [6787.01946521361, 3534.0224417998966], [6784.083508566366, 3542.7909599994427], [6783.809817692231, 3556.5021359993953], [6782.325252042726, 3566.2658201995714], [6786.3725595112155, 3574.7026163999553], [6794.40082514466, 3586.666723199919], [6807.12330394899, 3595.634274599434], [6819.3149883309325, 3602.567264399529], [6834.666558257781, 3600.3226122000106], [6860.600841973528, 3594.992945399796], [6878.515153718182, 3595.2140934000236], [6891.303981826046, 3598.4870837997737], [6907.319044778816, 3601.9701647996226], [6920.796246902016, 3608.9916137999653], [6927.787804680102, 3617.937050400008], [6930.184673242607, 3633.0304013996133], [6921.219223706748, 3646.144477799659], [6902.1106245126075, 3658.595110199808], [6882.446349906665, 3663.7257437992685], [6873.149153857845, 3658.9710617994874], [6871.457246637739, 3650.9544467993], [6863.404100014879, 3643.4022425998255], [6852.058369243579, 3637.5307631995647], [6836.358465477887, 3633.340008599303], [6796.6235267871525, 3637.9288295995025], [6760.496331435472, 3637.884599999771], [6737.920981170522, 3631.349676599614], [6716.3657514374045, 3627.3026681994606], [6706.181133463824, 3626.860372199792], [6691.940914358222, 3622.4926991998195], [6688.822497128614, 3613.25977019956], [6676.639106409023, 3596.0986853993613], [6661.951029511632, 3584.4110135994856], [6657.928603031379, 3574.238205600028], [6646.00231586004, 3563.479355400007], [6634.482418168728, 3548.1095693995285], [6614.577627340418, 3513.256644599999], [6593.387318772027, 3491.94903479927], [6567.195931508029, 3470.674597199714], [6559.955563844043, 3466.892966399519], [6536.376680375503, 3451.6226969994177], [6533.390961751787, 3450.79339199994], [6525.760791933659, 3446.3040875993324], [6517.417367111958, 3442.4008253992874], [6512.043073588091, 3440.9301911993866], [6509.082235952611, 3438.6081371997493], [6477.947825633008, 3427.915631399718], [6464.578441127463, 3426.03587339975], [6442.981743079046, 3419.467777799991], [6436.106296579789, 3417.9860861999605], [6429.662120549973, 3414.2044553997657], [6411.8058644441435, 3404.9936411997646], [6408.04054151332, 3402.76004639959], [6382.189194425814, 3378.400594199338], [6354.886456339391, 3351.0335291992933], [6334.318172483981, 3328.5427775996654], [6307.844800683495, 3298.8978881997155], [6297.967048234637, 3283.3290689992677], [6282.806232553683, 3266.588165399265], [6280.508887946482, 3266.5549931996634], [6273.708084413113, 3259.787864399935], [6272.115701147131, 3252.191430599944], [6266.111089246752, 3245.3358425999677], [6250.1043199563355, 3239.5417649998253], [6241.736014146399, 3237.6398921995988], [6224.684243337091, 3235.0082309994864], [6193.151737199814, 3224.614274999801], [6190.083081947858, 3222.3806801996266], [6186.29287802762, 3221.6287769994824], [6179.467193506013, 3217.0620707995413], [6177.169848897633, 3217.028898599939], [6169.5396790806835, 3212.4400775997397], [6156.701088996347, 3201.0067259996936], [6118.782462469258, 3162.869753399499], [6076.576012251312, 3120.431452199322], [6072.412593503993, 3118.0872833994267], [6067.867666264883, 3114.3388247996195], [6054.149947919315, 3108.9649283996737], [6031.707296260257, 3106.2669227995716], [6028.3317754823975, 3104.729944199681], [6015.393661443936, 3100.5613043996777], [5997.952088481666, 3089.868798599646], [5972.133916044747, 3064.01659740002], [5967.530933165634, 3057.183124199517], [5966.776209846763, 3054.0759947993474], [5962.272750922953, 3047.24252159963], [5960.0500492804595, 3041.9349695996734], [5959.345087938062, 3037.4788373994534], [5958.490840665067, 3032.060711399776], [5951.698330795229, 3010.056485399549], [5948.654556531509, 3006.2306249996227], [5947.908126874991, 3002.4268793999554], [5944.076454640632, 2997.8933453996165], [5943.711533475904, 2995.2063971996436], [5939.15001891091, 2985.774434999415], [5935.774498133052, 2976.6631373997916], [5933.93330498117, 2965.583622599952], [5932.009175201049, 2959.8890615994014], [5929.786473558557, 2954.5704521993157], [5925.664523125358, 2920.8564395997396], [5921.542572690981, 2865.0276269994297], [5922.405113626328, 2817.237544199565], [5920.9122543144695, 2809.652167799703], [5917.86848005075, 2798.9486045995427], [5910.32124686204, 2788.289270999899], [5878.855090028298, 2751.3022679997866], [5852.6388217748845, 2710.810069199568], [5829.176049586351, 2673.5355738000244], [5772.629856309856, 2608.3190286000026], [5754.060345200455, 2578.4751059992977], [5750.228672966097, 2573.9415719997446], [5750.261847616685, 2571.6526901997095], [5747.218073352965, 2567.8268297997834], [5745.700333051693, 2561.734202399295], [5729.502809516559, 2541.709250999413], [5715.685567216868, 2518.433423999253], [5713.429690922607, 2514.9835151997922], [5711.671434398966, 2511.3788027993082], [5711.638259748377, 2504.36841119988], [5707.010395881028, 2491.884606599343], [5705.575592207994, 2487.2847281998], [5694.901648127325, 2471.395244399533], [5689.585410243461, 2465.6453963999083], [5686.956319120942, 2460.7248533997604], [5682.743138395972, 2454.5990537996704], [5680.478968439359, 2452.376516399625], [5675.253960847266, 2440.147031999703], [5673.744514209524, 2434.0544046], [5674.457769214275, 2425.794526799327], [5679.102220407509, 2415.113078399425], [5682.867543338331, 2409.8829281995877], [5687.5037008692125, 2399.9865551994317], [5693.524900094297, 2390.90842979941], [5695.905181330917, 2385.567705599852], [5699.670504262919, 2380.2380387996373], [5703.485589171393, 2371.9228739998894], [5705.733171802122, 2368.174415399297], [5706.579125412764, 2365.1004581995153], [5708.818414381141, 2362.037558399863], [5714.955724886233, 2344.6000385995762], [5716.150012335719, 2338.242033599915], [5717.195013854608, 2334.7700099994104], [5718.828865434711, 2303.621314199957], [5715.78509117099, 2285.4540059997844], [5709.0091686258575, 2262.653647199681], [5696.129110227401, 2247.43866479944], [5689.32830669521, 2240.5720193993347], [5674.126022700137, 2227.712263199904], [5656.692743400217, 2209.7439881997], [5638.421804153188, 2180.1101561998794], [5629.423179965562, 2165.7355362000308], [5621.875946776852, 2148.5081069998423], [5614.801452370526, 2132.5743935998444], [5606.665369119426, 2114.440257599274], [5600.528058614334, 2102.995848599884], [5592.20951478087, 2090.1360923996676], [5586.221490206376, 2082.484371599816], [5564.973125997983, 2058.887879999837], [5542.85392719071, 2039.84703719967], [5539.080310596356, 2038.409575199371], [5524.657630908389, 2033.8207541999573], [5521.265522804646, 2033.3784581995026], [5497.653464685516, 2028.7675223998303], [5494.269650244126, 2027.6286101998774], [5488.182101716686, 2026.8435347993452], [5483.628880814046, 2024.18975879976], [5477.591094263078, 2020.0211189997567], [5466.9503248329975, 2008.9194893996585], [5460.132933974923, 1996.4799143996383], [5452.909153636822, 1984.228315199458], [5450.263475189597, 1980.5019713999093], [5448.720853900088, 1976.6982257994562], [5444.988705619853, 1972.0651751995256], [5442.68306734912, 1965.2648741994099], [5444.175926660979, 1958.4092861994336], [5449.5833948366135, 1950.9123689998196], [5451.897326769699, 1942.486630199565], [5450.354705480189, 1931.108565599379], [5443.512433633879, 1920.4602893998647], [5428.359911615278, 1903.8189023994537], [5415.430091240348, 1892.3855507994072], [5413.132746631968, 1892.3523785998052], [5410.868576675355, 1890.0303245993825], [5378.937974722761, 1879.3267614000076], [5372.170345841158, 1877.8340123998482], [5369.101690589203, 1875.5009009992962], [5365.328073993669, 1874.0523815996535], [5359.986955121569, 1870.2044063994692], [5348.558287722029, 1858.3840457996141], [5346.3189987536525, 1854.2706929994713], [5342.487326519294, 1849.6376423995407], [5342.520501171061, 1847.4482771998828], [5339.476726906163, 1843.622416799957], [5337.262318927201, 1837.5187319993395], [5339.518195220283, 1819.318251599565], [5341.044229183909, 1817.449550999726], [5341.881889131019, 1814.7736601998824], [5343.723082282901, 1811.7107603994443], [5349.487177960911, 1799.6471369998894], [5349.495471623263, 1791.973301399779], [5342.694668089895, 1785.2061725992653], [5338.804940215532, 1784.3547527995295], [5335.039617284709, 1782.110100600011], [5311.535376782055, 1769.9359031999495], [5294.798765161003, 1759.2433973999182], [5282.656842755533, 1748.6172359998766], [5258.323235968121, 1723.881832199945], [5250.767709117059, 1714.0186313993913], [5236.394791406744, 1691.6052815998823], [5229.5193449086655, 1683.5444369999634], [5225.795490290784, 1677.9162203994026], [5225.0490606342655, 1674.1235321998645], [5221.9306434046575, 1668.7938653996498], [5202.266368799894, 1639.1489759996996], [5174.225494720483, 1607.8786487996108], [5173.470771401612, 1604.882093399948], [5169.647392830785, 1599.5524265997335], [5168.121358867159, 1594.2559319999064], [5165.857188910546, 1591.9338779994837], [5165.102465591675, 1588.926265199692], [5162.066984990308, 1584.403788599482], [5160.524363700799, 1580.6000429998146], [5157.488883099431, 1575.978049800013], [5154.511458138068, 1567.6739423996084], [5151.111056371972, 1553.5757573998476], [5148.805418101239, 1539.9088109996264], [5150.820778171953, 1503.1871855994727], [5150.14069781897, 1487.2424147993459], [5147.436963731741, 1466.2886417996087], [5143.323306960895, 1453.782722399599], [5138.720324081783, 1446.9492491998813], [5137.973894425264, 1443.1455035994281], [5134.2417461450295, 1438.6119695998748], [5110.024250637624, 1370.2551227992963], [5108.539684989297, 1354.995910799324], [5108.589446965771, 1330.006186799563], [5105.985236832666, 1309.1519303994176], [5098.0233205015775, 1285.9313903999036], [5092.707082617713, 1273.016347199827], [5078.75714171213, 1241.8455365993295], [5070.786931718689, 1219.1336369994744], [5067.436291929066, 1194.3871757994136], [5059.466081935625, 1171.2661523994914], [5057.931754308468, 1159.8880877993054], [5051.147538102161, 1137.8838617998633], [5048.1120575007935, 1133.2618685992763], [5047.365627844276, 1129.469180399738], [5043.533955609917, 1124.935646399399], [5042.787525954577, 1121.1429581998607], [5039.768632677915, 1115.8243487997754], [5036.741445740078, 1110.4946819995607], [5029.99040418436, 1100.6425385999219], [5026.913455268873, 1092.2389145999257], [5026.158731950001, 1074.8013947996392], [5027.726234227747, 1069.4385557998226], [5037.620574001309, 1055.0418209997156], [5037.653748653077, 1052.8524557992719], [5039.884743957922, 1050.4861721999036], [5041.858635715695, 1045.2339071998078], [5040.382363728541, 1022.1128837998857], [5032.395566409216, 1000.3850927997458], [5030.587547909104, 987.1162127994625], [5023.396942222769, 965.5100531999583], [5021.439637790881, 955.2266711999941], [5018.8603086460125, 947.2211135999357], [5013.67676936804, 875.1379229998088], [5013.668475705687, 868.2712775997034], [5017.500147940046, 844.818532199833], [5022.161186459162, 825.8661485999141], [5027.502305331263, 808.406513999369], [5033.548385544583, 790.1728613999926], [5038.184543075464, 780.3760049994286], [5048.078882849027, 765.9682127999779], [5065.603392440717, 748.4864633999601], [5070.9610986387, 743.9861016000087], [5076.990591526136, 741.6751049997151], [5099.491298825199, 739.8948635993386], [5111.649808555374, 742.161630599901], [5128.751341342332, 747.8783063999242], [5142.0129082314015, 749.857580999484], [5151.51744585082, 748.6965539992725], [5163.642780930406, 738.8996975994942], [5166.752904497661, 730.5734753996169], [5171.372474702658, 714.6065898000171], [5176.6970062488745, 698.6507615997608], [5179.035819171375, 695.6984357998293], [5182.021537795091, 688.864962599326], [5190.4064309309115, 675.1316717999009], [5201.1135496645265, 660.049378199639], [5205.6253022518695, 651.6457541996429], [5208.00558348849, 645.6084137998007], [5211.779200082844, 640.2787469995861], [5216.3904766243095, 631.9746395999673], [5222.502906141165, 616.0298687998402], [5225.1983465660405, 602.0201429995417], [5220.951991189302, 499.1531507995116], [5226.201879769632, 407.7858545995175], [5236.6353076291125, 356.4905759995463], [5229.5442258969015, 299.22430139972255], [5226.840491809674, 292.71149279982376], [5225.024179646029, 279.4426127995404], [5213.321821372353, 244.9214099999595], [5210.8254288557255, 230.64630659970248], [5152.836138243846, 56.54754359928131], [5147.486725708214, 39.04367939979076], [5139.6160396688965, -12.152082600588827], [5135.527263886286, -62.70651540054486], [5136.71325767342, -75.93116580031133], [5140.544929907779, -99.48342780055893], [5142.137313173761, -106.32795840040588], [5144.766404295102, -115.75992060063413], [5146.740296052874, -121.10064480019231], [5148.639544843581, -128.65284900045245], [5150.8788338119575, -131.7046913999755], [5151.641850794359, -136.27139760070222], [5153.980663715681, -138.93623100041668], [5154.718799709847, -141.6121218002604], [5160.847816551406, -151.38686340056603], [5174.540653908738, -166.53550140003182], [5203.916807705879, -195.295798800644], [5224.037233767142, -212.74437600027414], [5240.4420988752345, -228.65597460001354], [5252.567433953642, -238.44177360044839], [5262.138320877774, -244.58968800001136], [5266.683248116884, -248.3049744002164], [5268.988886387617, -248.37131880020604], [5273.533813626726, -252.0976626005403], [5282.673430081417, -255.85717860047654], [5294.118684806841, -259.67198160027317], [5308.922872985419, -261.56279700037055], [5337.768232360173, -259.9705314006194], [5374.650151031903, -247.2987510002427], [5384.519609817229, -245.7728298004812], [5386.783779773842, -243.5502924004357], [5397.839232346301, -241.60419000047796], [5416.433624445118, -242.74310220043088], [5420.27359034183, -245.6733132001039], [5424.080381587951, -246.41415900011907], [5438.478180286503, -254.78461080051324], [5446.158112081103, -260.855123400743], [5450.661571006092, -261.58491180062896], [5460.199283277279, -272.0120400007017], [5470.500012530869, -287.40394080065323], [5473.568667784003, -292.6340910004906], [5475.044939769978, -297.9969300003072], [5478.909786656103, -303.21602280001537], [5479.664509974975, -307.09717020058736], [5482.003322897474, -309.7509462001726], [5486.539956473052, -319.94586900067446], [5495.3312390889, -334.36471860025426], [5507.921019287338, -349.12634760069716], [5508.659155280325, -351.8022384005409], [5510.185189243951, -354.0800628004468], [5522.3685799635405, -368.0455590002284], [5528.074620000369, -375.84102600018866], [5535.323281326706, -387.3849516007416], [5550.52556532178, -410.1853104000591], [5574.154210766794, -442.71618120073674], [5583.335295536784, -456.338898000441], [5589.4311377277545, -463.92427440030315], [5590.99034634197, -468.47992320011497], [5594.755669273972, -473.013457200454], [5596.314877889365, -477.56910600026583], [5598.554166856562, -480.62094840057455], [5601.647703097934, -487.45442160029233], [5608.47338761954, -497.3176224000603], [5610.745851239683, -502.5698874001561], [5620.73971496737, -516.9666222002631], [5623.012178586335, -522.3184038007363], [5626.769207855984, -526.8408804001605], [5628.328416470199, -531.3965291999723], [5633.719297319951, -538.196830200088], [5635.178981980041, -542.763536400029], [5637.517794902541, -545.8153788003378], [5645.131377394786, -561.7380348002064], [5650.431027952766, -569.3344686001977], [5650.464202603354, -571.5238338006412], [5655.042304494232, -577.6385760006023], [5659.62040638393, -590.5204470002914], [5661.867989015837, -594.2799630002276], [5662.713942625301, -597.353920200009], [5664.961525257208, -601.2018954001934], [5666.5207338714235, -605.6690850005429], [5668.7600228398, -608.7209274000659], [5677.211265279155, -634.495726800359], [5675.361778463743, -659.2200732001614], [5672.666338040046, -666.4294980003442], [5669.622563775148, -677.829677400003], [5665.890415494912, -682.363211400342], [5662.133386226442, -706.612089600088], [5662.929577859432, -713.4676776000641], [5664.405849846586, -718.8305166006664], [5669.755262381038, -730.2085812000668], [5671.695979487043, -733.1719644001274], [5691.8246992118375, -758.1838032001469], [5739.081990101866, -809.7223446006038], [5751.2404998332195, -821.7970254002881], [5766.898935283613, -834.7341834006234], [5806.866096533184, -871.8207030003272], [5835.835860851476, -900.603115200412], [5849.172070706432, -911.9701224004689], [5870.047220086567, -926.3226276000591], [5879.23659851891, -933.1671582006917], [5882.23890446851, -933.9190614000504], [5889.097763641883, -938.4083658006583], [5892.896261224474, -939.1492116006734], [5912.635178795126, -950.5272762000737], [5924.826863177069, -958.1347674001943], [5932.490207645785, -963.3980898004194], [5936.296998891907, -964.1499930005638], [5941.638117764007, -967.9537386002312], [5946.158164014881, -969.3912006005303], [5950.703091253989, -973.206003600327], [5954.509882500112, -973.9579068004714], [5959.1543336933455, -977.772709800268], [5967.489464851514, -980.7471504004578], [5973.618481694252, -983.7437058001206], [5979.664561908751, -987.5474514005737], [5984.980799791437, -989.0733726003351], [5991.83965896481, -993.6511362004054], [5997.147603185143, -995.177057400167], [6001.692530424252, -998.8923438003719], [6007.0087683081165, -1000.4182650001335], [6009.339287567085, -1002.6739746005667], [6011.636632175466, -1002.7403190005563], [6013.552468293234, -1004.2109532004574], [6024.5249842362755, -1010.2372362001703], [6038.2261152559595, -1018.6076880005645], [6070.181598197969, -1039.782609000529], [6081.676614901044, -1048.0867164001477], [6101.7804536376025, -1064.042544600404], [6104.492481387183, -1065.5021214001758], [6136.116217815053, -1091.2548060002105], [6142.5686875084, -1095.7441104000327], [6171.496983512573, -1114.6633218003496], [6176.008736099914, -1116.2003004002404], [6177.924572216504, -1117.770451200519], [6180.6365999672635, -1118.522354400663], [6183.6637869051, -1120.7780640003107], [6187.478871814753, -1122.2155260006098], [6197.290274960075, -1124.4380634006552]]]}, "properties": {"name": "", "area": 233252.2596413195}}, {"type": "Feature", "geometry": {"type": "Polygon", "coordinates": [[[6197.290274960075, -1124.4380634006552], [6206.670407637134, -1136.977155000267], [6219.533878709708, -1137.7511730006697], [6240.981290827528, -1139.6862180004985], [6251.895751130565, -1126.1298455999981], [6253.454959745958, -1119.1526262001719], [6240.591488673384, -1112.1864642004748], [6242.150697288778, -1101.7261638000145], [6253.844761900102, -1089.3308184005111], [6261.134891540559, -1085.0626620001308], [6269.345617756368, -1081.3031460001944], [6276.975787574495, -1080.30798000035], [6282.781351565448, -1080.8608500005255], [6289.748028355297, -1083.735774000338], [6305.547456075114, -1088.2471932004187], [6322.864624095026, -1093.2009084001684], [6352.4978814404185, -1111.7994552006662], [6365.36135251299, -1124.9688186005724], [6392.26599478174, -1146.6523800001953], [6418.780834897525, -1168.3469988007332], [6447.634487934632, -1186.9455456004455], [6466.344991313456, -1202.823972000583], [6492.470029275099, -1227.2276538005665], [6522.103286619312, -1247.7612456001075], [6534.319851990669, -1254.3956856006419], [6547.5814188797385, -1262.744022599992], [6553.030355368315, -1266.8242032005328], [6557.815798829791, -1268.3722392005527], [6559.598936341668, -1265.0550192002856], [6563.82041073017, -1261.6382826004267], [6569.045418322263, -1266.4924812005847], [6569.211291578743, -1271.4461964003342], [6565.711365858524, -1276.0018452001461], [6566.267041269147, -1282.2935058006033], [6574.8343949873315, -1287.490483800053], [6590.84945794128, -1289.038519800073], [6596.19057681338, -1295.8941078000491], [6608.423729509443, -1310.2576704005542], [6637.791589644231, -1327.3524107999776], [6680.114151142186, -1348.0960932004023], [6721.30877449301, -1371.803158800102], [6744.049998013261, -1387.9248480007252], [6760.081648293093, -1396.439046000442], [6770.805354351413, -1404.3119148005212], [6780.965091336758, -1409.774270400715], [6793.264593335178, -1418.940855000199], [6798.025155808418, -1424.1267756003053], [6801.118692049789, -1426.393542600082], [6818.742725594426, -1439.3307006004172], [6830.403615555159, -1449.5035086006606], [6844.09645291249, -1457.3210904000935], [6853.401942623663, -1462.9161348002667], [6857.449250092152, -1472.8235652005517], [6871.067444483596, -1484.6439258004066], [6891.519617058999, -1498.6094220001883], [6917.511956415929, -1506.0289374004692], [6935.260394904102, -1506.3274872000297], [6982.957249924746, -1468.842901200388], [7037.056812662264, -1470.9659220000563], [7091.156375399782, -1492.1850726005375], [7177.999319049946, -1553.0007726001993], [7217.866956345392, -1575.6352704007213], [7236.2125385583095, -1589.2137576006944], [7255.594828627765, -1600.392789000126], [7296.880682269182, -1645.650727200255], [7310.407646370033, -1667.5775514003637], [7318.518848631718, -1687.5582732005148], [7335.612087755145, -1707.1077564003403], [7331.622835926659, -1714.1623776002853], [7333.8952995468035, -1731.0912570001276], [7338.821735276524, -1752.8964498003863], [7348.035994697102, -1769.5820664005287], [7355.682751839936, -1784.1557196003462], [7366.282052955896, -1801.0514268005866], [7374.874287663495, -1810.240126200329], [7381.965369395706, -1817.095714200305], [7385.498469767693, -1828.3632047999847], [7392.058757077515, -1833.4606662006283], [7397.449637927268, -1840.0951062003774], [7409.011003932699, -1855.5091218005873], [7407.302509386709, -1871.8740738001247], [7411.955254243474, -1887.210687600216], [7413.589105823577, -1898.5113504002832], [7411.664976043455, -1919.0891718003409], [7415.048790483666, -1953.8425800002783], [7415.27271938133, -1963.6504938001858], [7421.119751686402, -1990.807468200132], [7422.537968033551, -1997.4087360002789], [7428.418174990391, -2011.4074044004483], [7440.717676988809, -2026.9872810002394], [7451.4165020588935, -2042.047459800243], [7465.673308490379, -2058.5119284001576], [7472.540461324927, -2073.7158534002697], [7479.863765617151, -2085.8458212006], [7480.734600216031, -2101.0829184003137], [7488.057904508256, -2112.5162700003602], [7491.889576742614, -2125.8514944006333], [7492.237910582637, -2147.5018836006543], [7492.41207750147, -2162.9158992000785], [7493.457079020361, -2176.9477398006356], [7499.9095487137065, -2193.743930400499], [7504.437888626931, -2211.7564350004336], [7507.581186845954, -2222.1503910001184], [7514.539569972273, -2240.27346960056], [7516.753977952414, -2256.5610197999786], [7517.823860458361, -2272.3067574001366], [7514.224410784018, -2293.4816784001014], [7508.684244003669, -2318.5709190002394], [7502.522052510341, -2337.766565400644], [7498.350340099492, -2343.8813076006054], [7492.611125409718, -2353.114236600079], [7487.817388285887, -2361.0534498001475], [7478.943169041801, -2369.888312400469], [7471.901849286063, -2376.9097614000266], [7461.261079855984, -2385.0701226003225], [7450.711540717674, -2394.535257000153], [7440.253231869957, -2403.303775200485], [7435.791241259087, -2426.6017170001173], [7436.147868761463, -2437.8692076005827], [7430.9643294834905, -2452.1774832004417], [7424.437216824256, -2474.325455399992], [7417.760818234426, -2492.5369932006815], [7413.9954953024235, -2509.930283400451], [7406.647310021962, -2529.579283200654], [7400.924682659251, -2541.4991604001007], [7391.602605621016, -2555.2324512003115], [7383.914380164063, -2565.4052592005546], [7380.074414267352, -2574.660303000287], [7369.740510361996, -2590.1848926002176], [7366.099592373533, -2595.4261002001845], [7365.344869054662, -2606.096491200743], [7362.50014269919, -2620.6701444005603], [7363.113873748638, -2625.4469412005997], [7363.852009742804, -2628.1228320004434], [7359.016804303675, -2633.087604600322], [7355.508584919924, -2634.193344600673], [7350.607030178439, -2652.1395048006184], [7341.832334888477, -2681.2204668002637], [7342.7280504767705, -2687.036659200664], [7345.473252878118, -2693.7263862002733], [7346.559722711128, -2697.098893200401], [7343.43301181799, -2705.944813200066], [7338.208004225897, -2731.3547184000236], [7334.467562282131, -2742.754897800468], [7319.480913522368, -2778.3707832002706], [7308.47522292638, -2794.6362186002166], [7303.026286437804, -2809.0992978003133], [7297.278778085676, -2817.4034052007178], [7294.210122833721, -2830.307391000665], [7290.154521701699, -2839.2417702005787], [7285.377371903754, -2854.0365714006234], [7282.234073684731, -2865.8679894006077], [7282.516058222397, -2868.035239800007], [7285.029038063731, -2869.9371126002334], [7278.501925404496, -2879.5570506003014], [7275.682080037261, -2884.5218232001803], [7276.022120213753, -2886.0477444007274], [7271.444018324054, -2897.0056278007173], [7270.987866867555, -2897.4147515999985], [7270.224849885152, -2897.646957000355], [7269.445245578046, -2897.4479238003864], [7267.471353821452, -2896.3311264006916], [7265.364763458967, -2897.3815794003967], [7263.291347747071, -2903.872273200037], [7264.021190077705, -2906.1500976007287], [7256.440782237229, -2914.4210328007457], [7255.694352581889, -2918.213721000284], [7250.4112893486135, -2925.8543844000064], [7249.573629401502, -2930.443205400206], [7244.273978843523, -2937.2877360000525], [7242.0844518527965, -2944.8952272001734], [7238.67575642317, -2950.9104528005428], [7233.682971391093, -2958.551116200265], [7231.070467594456, -2964.5663418006343], [7229.9259421226225, -2968.359030000173], [7226.90704884596, -2973.7771560006354], [7224.651172552878, -2976.7958262005563], [7222.353827944497, -2984.403317400677], [7220.089657987885, -2986.6258548007227], [7218.588505012495, -2993.5146150003006], [7214.756832778137, -2998.0481490006396], [7211.032978161435, -3010.244461200174], [7208.76051454129, -3012.4669986002195], [7199.654072738365, -3039.7787766004035], [7192.985967810888, -3080.6137548007], [7191.592632453154, -3114.4604562002555], [7190.597392910737, -3165.8552514006037], [7193.491881243859, -3190.756516200117], [7194.395890494506, -3224.315725200241], [7197.945578192376, -3248.874210600462], [7200.209748148989, -3275.002846800176], [7199.803358668963, -3293.7561972001263], [7199.496493144238, -3312.7196382001744], [7197.846054238253, -3329.8143786003834], [7189.859256917749, -3370.8594473999924], [7187.40433271642, -3381.739929000649], [7177.601223233451, -3435.0034248000507], [7173.296812216709, -3458.3566536003295], [7171.488793716595, -3468.0208212001285], [7168.179622241092, -3494.5143516001785], [7162.092073713653, -3511.45428840015], [7159.064886774638, -3516.308487000308], [7157.5056781604235, -3518.0444988001677], [7155.365913146171, -3517.8012360004673], [7154.735594769661, -3518.4204504006325], [7153.093449526026, -3521.173743000595], [7152.089916322436, -3522.5559180002483], [7148.440704670442, -3524.424618600087], [7145.795026223216, -3527.808183000344], [7144.542683133727, -3531.932593200616], [7145.05689023023, -3535.6589370001648], [7143.663554871317, -3538.180024200556], [7141.017876424092, -3540.314102400354], [7137.617474657996, -3543.9409296003105], [7134.25024754249, -3551.0618952002455], [7105.098022643012, -3601.063458000026], [7100.7023813344995, -3607.366176000612], [7097.053169682505, -3614.885208000485], [7087.183710897179, -3629.812698000509], [7084.446802158183, -3634.8991020002377], [7081.544020162707, -3638.548044000453], [7077.728935254231, -3647.06224200017], [7068.025349725386, -3664.9752300005134], [7062.302722362675, -3673.0471320005613], [7059.317003738959, -3674.9268900005295], [7057.99001768358, -3676.4749260005497], [7059.9804967660575, -3676.8066480004977], [7059.565813623679, -3680.3450160002067], [7055.418982201065, -3684.436254000091], [7056.082475229343, -3686.8688820002344], [7057.326524655302, -3689.4120840000987], [7054.506679288066, -3693.0610260003145], [7044.720157130981, -3700.580058000187], [7036.924114057551, -3708.4308120000073], [7029.874500639461, -3716.3921400003346], [7022.741950591952, -3724.353468000662], [7014.199477862005, -3736.184886000646], [7010.63320283825, -3736.406034000088], [7005.0764487320175, -3739.280958000686], [6996.28516611735, -3748.458600000299], [6985.918087560225, -3754.429596000152], [6982.078121663515, -3761.9596854001534], [6975.00362725719, -3766.9465728002906], [6973.759577830051, -3774.830499000499], [6970.690922576917, -3774.6756954002612], [6969.090245648582, -3771.2479014002733], [6964.561905735355, -3772.066149000407], [6956.3428858560155, -3783.0019176001388], [6946.954459515426, -3780.9673560007186], [6943.819454959934, -3785.379258600422], [6916.417192920566, -3797.8851780004316], [6897.092958491115, -3817.5673500002363], [6893.52668346736, -3826.413270000687], [6886.808816563409, -3831.057378000747], [6885.150083995071, -3835.3697640000732], [6884.735400852692, -3838.797558000061], [6883.408414797314, -3842.0042040006074], [6877.6857874346015, -3846.095442000492], [6875.197688580327, -3846.7588860003884], [6869.392124589374, -3846.206016000213], [6862.840130941904, -3850.0761060006557], [6855.956390780295, -3857.8162859999698], [6847.330981422106, -3866.2199099999657], [6839.0373185768785, -3870.4217220003566], [6830.080162704551, -3881.7002700001653], [6822.367056258184, -3885.1280640001537], [6816.893238780192, -3886.6761000001734], [6805.696793939488, -3893.642262000656], [6787.865418823074, -3903.372774000445], [6786.123749625317, -3907.57458600005], [6779.488819349605, -3911.334101999986], [6776.586037354129, -3915.4253400006564], [6780.069375748465, -3917.8579680000144], [6782.5574746027405, -3918.41083800019], [6784.382080428738, -3919.7377259999826], [6782.5574746027405, -3921.728058000457], [6779.488819349605, -3922.944372000529], [6767.048325082943, -3929.799960000505], [6759.252282008335, -3936.544973999975], [6749.963379621869, -3945.6120420006528], [6732.132004505454, -3959.102070000378], [6725.497074229744, -3962.1981420004176], [6715.710552072657, -3968.5008600002184], [6707.58276248391, -3974.6930040002985], [6690.746626908734, -3990.394512000725], [6685.687492573122, -3994.5963240003307], [6677.891449499692, -4004.879706000295], [6675.154540760697, -4012.067016000219], [6671.422392480463, -4026.220488000626], [6672.583505278181, -4029.8694300000557], [6670.841836080424, -4034.624112000622], [6670.178343053324, -4040.816256000702], [6672.4176320217, -4042.9171620001116], [6672.583505278181, -4046.3449560001], [6673.827554705319, -4053.3111180005826], [6674.656920990077, -4063.1522040000923], [6673.993427961799, -4069.786644000627], [6674.656920990077, -4077.7479720001684], [6680.628358237509, -4097.5407180004795], [6682.9505838341265, -4103.84343600028], [6685.604555944882, -4108.598118000061], [6686.019239087261, -4114.900836000647], [6687.926781541498, -4120.8718320005], [6688.8390844544965, -4129.938900000392], [6688.175591427398, -4134.914730000401], [6689.917260623976, -4145.198112000365], [6689.087894340396, -4151.390256000444], [6689.502577481597, -4158.798714000596], [6689.419640853356, -4175.053092000413], [6690.829563536975, -4187.8796760002415], [6691.410119937013, -4198.052484000485], [6691.161310051114, -4207.119552000378], [6692.3224228488325, -4215.7443240006005], [6694.727585074868, -4220.94130200005], [6697.132747299725, -4225.0325400007205], [6697.132747299725, -4231.666980000469], [6695.722824616107, -4236.089940000302], [6697.381557184445, -4241.397492000258], [6699.952592666961, -4247.700210000059], [6704.7629171166745, -4270.5890280004105], [6707.748635741568, -4280.540688000427], [6708.246255512188, -4293.035550000307], [6707.16807934153, -4311.169686000092], [6708.826811911047, -4319.683884000594], [6708.743875282808, -4326.650046000292], [6707.99744562629, -4333.173912000319], [6710.767529017052, -4349.660495400492], [6716.962895162148, -4367.805688800407], [6727.072870169842, -4402.481695200226], [6737.498004365791, -4433.586161400733], [6721.200956875354, -4480.248389399988], [6674.2588251735815, -4549.589344800282], [6648.830454890807, -4591.718038799983], [6605.1394390233545, -4639.673982600214], [6562.111916184181, -4669.484733000531], [6496.251939531805, -4698.001767600657], [6445.395198966256, -4701.882915000444], [6401.057277397588, -4699.9368126004865], [6363.246468486976, -4696.696994400338], [6320.567279487825, -4689.487569600155], [6303.482334026749, -4678.408054800315], [6295.288195135646, -4668.677542800527], [6281.628532430082, -4663.016154000364], [6259.285404726325, -4660.229689200013], [6228.996948016185, -4658.725882800511], [6199.446627299033, -4661.744553000432], [6181.407910612019, -4666.587694200461], [6171.206705312554, -4677.114339000124], [6160.1678400659775, -4713.26097960063], [6154.868189507997, -4735.121459399964], [6152.968940716112, -4772.373840000034], [6159.421410409459, -4803.732626400371], [6163.9829249744525, -4814.90060040046], [6164.961577189808, -4825.051293600444], [6165.832411788686, -4832.791473600544], [6175.386711386935, -4836.42935820063], [6176.149728368159, -4848.293948400216], [6178.389017336535, -4872.7086876003295], [6186.019187153484, -4884.374244600732], [6193.491777377484, -4889.48276340072], [6197.0746397259445, -4899.157988400648], [6210.162039695002, -4912.493212800135], [6223.672416469969, -4922.21266740058], [6235.383068407175, -4937.339190600574], [6251.447893337596, -4951.050366600525], [6270.755540439985, -4963.622630400525], [6289.640210738821, -4977.156887999981], [6304.776145430359, -4985.306191800148], [6328.910704309525, -4993.212232800614], [6345.896125815296, -4998.630358800292], [6363.022539590492, -5004.5350104001545], [6381.0778436045675, -5016.709207800216], [6396.719691729078, -5026.417605000533], [6409.16018599692, -5032.709265600204], [6420.704964677646, -5040.6927084000035], [6428.3931901345995, -5049.616030200573], [6433.162046270192, -5058.871074000305], [6435.061295062078, -5067.529018200131], [6439.092015204685, -5080.820013000673], [6437.881140429314, -5091.158682000497], [6439.19983282116, -5099.617593000354], [6432.5731962078025, -5113.218195000585], [6422.911078994255, -5126.188525200522], [6420.140995603492, -5135.366167200135], [6418.46567570927, -5144.986105200203], [6424.51175592259, -5160.8313594007395], [6432.481965917209, -5170.185919800063], [6460.108156853062, -5219.8999902004125], [6505.151039764129, -5275.2865068002675], [6533.39925541414, -5315.535442800001], [6571.890144677735, -5380.210175399977], [6614.262468152162, -5456.395661400117], [6679.774110964516, -5555.790630000428], [6707.914508998048, -5588.741682000516], [6720.3715905905965, -5632.528986000744], [6735.391414003306, -5646.571884000645], [6731.053828334797, -5690.801484000542], [6757.9667642670765, -5737.784376600401], [6790.892605762089, -5777.03814660029], [6852.3984094200705, -5802.249018600278], [6879.875314425328, -5843.93541660031], [6900.12014543013, -5865.386772600363], [6878.432217089941, -5889.270756600558], [6880.986665246573, -5900.1070086006985], [6877.5447951651795, -5903.623261800149], [6872.974986937835, -5908.289484600467], [6862.524971753648, -5905.635708600096], [6852.531108024783, -5896.80084600056], [6849.512214749301, -5894.13601260006], [6792.451814376303, -5845.262304600104], [6742.507376723752, -5794.17711660023], [6690.9042065028625, -5723.089092000733], [6660.308884267998, -5682.397860000546], [6635.179085847596, -5636.509650000122], [6638.181391797195, -5612.404518000484], [6677.327480425538, -5636.399076000401], [6672.989894758207, -5612.515092000205], [6659.64539123972, -5589.2945520006915], [6638.289209414851, -5574.919932000057], [6611.484091100226, -5535.2238660005], [6568.108234421028, -5479.616201400417], [6528.290359102054, -5429.968475400057], [6500.589525200315, -5384.964857400543], [6513.494464587007, -5367.383591400147], [6507.265923790145, -5342.957794800692], [6492.801775788059, -5313.545110800312], [6463.4422093168005, -5278.382578800308], [6419.286748330497, -5229.066574800682], [6386.916582247287, -5218.241380200671], [6368.90274654733, -5202.871594200193], [6377.760378465535, -5186.3186664000295], [6387.92840911441, -5186.694618000494], [6385.266143341301, -5177.660722200204], [6381.127605581041, -5162.180362200004], [6380.704628776309, -5149.939820400739], [6382.719988847023, -5141.547253800087], [6383.599117109432, -5131.263871800122], [6388.790950049758, -5122.639099800685], [6399.730291342209, -5113.350883800565], [6407.061889296788, -5102.813181599985], [6410.512053040534, -5090.738500800301], [6408.198121107448, -5080.057052400399], [6401.621246470562, -5072.18418360032], [6396.23036562199, -5071.100558400228], [6393.758854093599, -5066.257417200199], [6383.565942457665, -5060.772946800532], [6368.620762010843, -5050.6996554006655], [6330.743603797873, -5027.457000600108], [6316.602908647575, -5022.17156340041], [6298.605660273502, -5016.1895100004285], [6278.261305314574, -5007.87434520068], [6269.196331825771, -4999.514950800415], [6257.319806632083, -4990.392595800663], [6243.817723520647, -4979.235679200704], [6222.411779716947, -4960.02897540017], [6202.233298015681, -4944.791878200456], [6187.918435945369, -4927.586563800526], [6174.61540074218, -4908.4793766003695], [6160.1844273918605, -4887.2049390000275], [6147.453654924001, -4864.614670800022], [6143.563927050817, -4847.542045200072], [6144.642103220295, -4837.269720600237], [6139.616143536451, -4822.209541800234], [6136.887528459808, -4806.032565600535], [6134.30819931494, -4785.288883200111], [6131.861568775962, -4761.78085080038], [6133.205142157225, -4732.423453800647], [6136.340146712715, -4712.254756200657], [6144.343531357925, -4681.216634400138], [6161.561175423712, -4653.960143400601], [6180.686361943736, -4616.575074000551], [6201.088772542666, -4603.261964400536], [6227.869009869055, -4597.567403399986], [6266.757994949147, -4590.590184000159], [6296.324902991005, -4579.997194800505], [6310.2084945942315, -4567.270127400268], [6321.239066177276, -4563.455324400472], [6325.410778588127, -4554.55411740016], [6330.221103039018, -4544.1933336000775], [6333.024361080371, -4533.998410800361], [6333.920076667485, -4524.212611800712], [6333.057535732139, -4518.628624800668], [6329.773245244871, -4515.75370080007], [6325.800580742269, -4515.311404800401], [6322.599226884421, -4508.378415000306], [6324.382364396299, -4496.580169200709], [6327.467606974138, -4488.176545200713], [6331.805192642647, -4485.688630200709], [6336.532580464122, -4489.171711200557], [6334.251823181624, -4493.1523752007215], [6331.1914615920205, -4495.08742020055], [6331.083643974366, -4497.685909200274], [6336.142778309978, -4495.916725200027], [6340.977983749107, -4499.66518380062], [6350.656688288537, -4493.1523752007215], [6358.942057471412, -4483.698298200235], [6363.337698778746, -4475.792257200554], [6365.004725010615, -4470.37413120009], [6363.171825522266, -4464.016126200429], [6351.826094749787, -4460.698906200162], [6349.487281827287, -4458.487426200246], [6336.250595927632, -4460.311897200354], [6326.629947027028, -4452.792865200481], [6320.1277153560295, -4444.3450115999685], [6317.846958073534, -4437.931719600447], [6319.903786459546, -4431.02084460061], [6327.135860459999, -4429.638669600172], [6338.36547995247, -4423.446525600091], [6340.5384196184905, -4420.074018599964], [6340.870166131451, -4405.865259600482], [6343.889059406934, -4405.7657430001045], [6345.821482850587, -4405.699398600115], [6348.21005774956, -4413.605439600582], [6347.20652454479, -4419.742296600016], [6341.4258415420745, -4427.3166156005345], [6335.86079377349, -4432.790028600071], [6330.469912923739, -4434.725073600686], [6324.738991898674, -4440.087912600503], [6326.240144872884, -4446.766582199983], [6332.85848782389, -4451.63183820027], [6337.370240411232, -4454.893771200676], [6343.208979053951, -4454.396188200361], [6359.000113110238, -4452.848152200341], [6368.844690907326, -4456.718242199999], [6371.681123600447, -4465.56416220045], [6370.229732602707, -4473.801925200079], [6366.39806036835, -4482.537271200023], [6360.219281549139, -4492.931227200494], [6351.991968006268, -4501.32379380036], [6341.873699336221, -4504.641013800628], [6338.871393386622, -4514.260951800696], [6341.483897182078, -4517.777205000147], [6339.924688567863, -4527.806266800281], [6337.950796810092, -4538.7752076004], [6337.842979193614, -4548.616293600696], [6327.500781625906, -4565.025475199965], [6312.182386350824, -4579.212119399974], [6265.173905345518, -4602.7754388003505], [6244.389986255976, -4600.862508599995], [6208.495013463132, -4608.4368276005125], [6193.334197783357, -4618.952415000048], [6187.113950648847, -4625.332534799967], [6195.0095176775785, -4628.517066000256], [6220.943801393325, -4629.180510000152], [6225.72095119245, -4633.8799050000725], [6262.495052246525, -4635.82600740003], [6278.253011652223, -4640.116278600669], [6294.21831262852, -4647.358875600454], [6304.991780664492, -4640.591746800726], [6298.000222886405, -4628.196401400437], [6294.118788674396, -4615.093382400521], [6306.285592068101, -4605.805166400401], [6344.229099583427, -4600.575016200563], [6379.220063126802, -4588.356589199984], [6382.056495819923, -4592.9343528000545], [6396.578699460835, -4587.958522800047], [6397.93886016798, -4581.666862200375], [6404.40791718721, -4576.447769400667], [6417.229919945663, -4574.744929800409], [6480.352987857864, -4573.484386200606], [6530.081790276284, -4563.344750399965], [6560.046794135815, -4557.639132000071], [6572.802447590734, -4581.091877400727], [6607.868054098819, -4584.884565600265], [6631.455231229713, -4565.246623200192], [6650.588711413269, -4530.393698400662], [6696.419492294975, -4457.680236000241], [6701.428864652935, -4411.250213400557], [6689.602101435721, -4367.761459200676], [6689.436228179241, -4346.376447600613], [6690.605634640491, -4340.615542200073], [6686.491977869644, -4335.208473600525], [6682.851059880003, -4296.065277600357], [6680.039508176297, -4267.094889600432], [6675.527755588955, -4260.294588600316], [6673.943665985326, -4253.007762000015], [6673.985134299447, -4251.338094600145], [6668.635721763815, -4246.1853462004265], [6669.45679438622, -4234.331813400184], [6671.090645966323, -4224.446497800157], [6668.2210386214365, -4202.431214400586], [6670.6593754980595, -4156.52088960069], [6672.882077140553, -4155.271403400231], [6668.353737227327, -4142.46693420066], [6660.715273746847, -4109.571169200432], [6654.528201265282, -4094.3230146005894], [6653.1431595699005, -4056.1528698000075], [6653.773477946413, -4021.5100356005764], [6650.8789896132885, -4010.286774600628], [6652.479666542801, -3998.9529396001735], [6658.865786932613, -3981.0620664000885], [6661.503171717485, -3963.270709800381], [6665.708058780103, -3959.8097436000053], [6681.05133504342, -3959.444849400455], [6713.711779326649, -3930.828298200737], [6728.02664139696, -3922.2366984001155], [6745.725317907484, -3911.068724400028], [6759.98212433897, -3894.5489688002526], [6784.14156420637, -3871.5274620007076], [6799.435078492036, -3868.2323568006987], [6818.950067166204, -3852.9068004007368], [6826.762697565518, -3849.0919974001545], [6854.073729314294, -3827.4416082001335], [6853.5926968695585, -3824.4118806000834], [6887.5801272081635, -3789.1166598000996], [6901.5383617761, -3777.948685800012], [6912.063019926173, -3770.9825238003145], [6920.89577085614, -3762.401981400608], [6932.5981291309945, -3756.563674200735], [6940.676156740911, -3750.2609562001485], [6948.074103999024, -3743.969295600477], [6956.608283066619, -3736.925731800661], [6969.869849955689, -3730.423980600106], [6980.883834214028, -3725.4039210003666], [6996.981833796216, -3717.663741000267], [7017.873570502235, -3700.469484000466], [7020.1128594706115, -3698.633955600229], [7029.368587205311, -3685.464592200323], [7048.502067388867, -3670.868824200247], [7052.3586206114605, -3661.23782880005], [7057.674858495325, -3645.381517200171], [7068.050230714801, -3628.342063800608], [7072.702975570387, -3621.3316722003938], [7079.984811548493, -3610.3516740001455], [7112.413033271706, -3555.1752480003884], [7113.657082698843, -3550.896034200664], [7117.414111967315, -3544.7260050000573], [7124.977932481908, -3532.7729556002228], [7130.095122457524, -3519.293985000627], [7140.71930456172, -3488.0678874002692], [7143.846015454859, -3475.8936900002077], [7149.709635085815, -3445.983423000299], [7153.3588467378095, -3424.941190800314], [7154.9097616896715, -3414.1602258000344], [7158.799489564033, -3400.48222200047], [7165.708110713879, -3377.6265762005064], [7175.328759613306, -3352.1503266005593], [7178.156898644074, -3340.0867032002184], [7178.63793108881, -3318.491601000058], [7176.332292818076, -3291.4009710001014], [7177.733921839342, -3273.9745086007297], [7177.286064045195, -3270.6130590007315], [7173.910543267337, -3245.7891960005513], [7171.356095110704, -3210.3944586001903], [7167.831288402249, -3165.711505200495], [7167.6073595045855, -3148.030722600509], [7169.75541818237, -3090.5875296001886], [7169.854942136494, -3079.8065646006953], [7175.494632870966, -3054.440889000469], [7177.526580267562, -3040.7186556003876], [7178.63793108881, -3020.0855472004696], [7178.190073294662, -3017.8519524002945], [7179.30971777944, -3014.4905028002963], [7182.013451866668, -3013.6059108001728], [7186.102227649279, -3002.979749400131], [7188.814255400038, -3000.303858600287], [7187.503856670544, -2995.1732250000414], [7189.303581507127, -2989.169056800587], [7191.020369716646, -2985.4980000001133], [7198.219269065334, -2978.1558864007366], [7199.878001634851, -2971.6983648006985], [7202.25828287147, -2968.0715376007415], [7207.624282731807, -2963.361085200692], [7211.232026069682, -2958.1088202005963], [7215.030523652273, -2953.851721200345], [7218.3479887901285, -2948.0244714006008], [7232.845311443983, -2926.0313028005025], [7233.691265053446, -2922.2275572000494], [7237.42341333368, -2917.605564000248], [7238.169842990199, -2913.8018184005805], [7243.461199884648, -2906.2606716004493], [7243.519255524651, -2903.1756570005386], [7245.783425481264, -2900.953119600493], [7255.594828627765, -2873.5307676005887], [7258.215626086753, -2867.924665800286], [7261.350630641066, -2854.7331876001217], [7261.74872645756, -2852.5217076002054], [7261.823369423449, -2850.221768400041], [7263.4157526894305, -2849.038626600357], [7265.406231773086, -2845.7214066000897], [7264.643214790684, -2844.6930684006434], [7264.427579556554, -2843.222434200742], [7264.692976768335, -2840.181649200563], [7266.202423406078, -2838.5230392000362], [7267.46306015792, -2837.229323400631], [7267.977267254423, -2834.1443088007204], [7268.715403247412, -2832.2313786003647], [7270.75564430754, -2830.8823758003136], [7274.379974971298, -2825.6632830006056], [7276.4119223678945, -2822.556153600436], [7277.183233012651, -2819.625942599978], [7277.581328829145, -2814.882318000326], [7277.498392200905, -2811.7973034004153], [7278.93319587276, -2807.8387542005103], [7282.117962405901, -2802.940326000621], [7282.673637816525, -2800.9610514002757], [7282.831217409474, -2799.136580400168], [7283.793282300125, -2796.604435800433], [7284.581180270763, -2794.4703576006355], [7284.581180270763, -2789.2512648001416], [7285.145149343738, -2787.592654800401], [7287.450787614471, -2785.4585766006035], [7288.960234252213, -2782.296160200574], [7292.1450007853555, -2773.118518200175], [7295.495640573799, -2768.0874012003064], [7299.227788854034, -2765.057673600256], [7302.329618758938, -2763.233202600148], [7304.643550692022, -2759.838580800548], [7307.587801001619, -2753.347887000122], [7308.383992635788, -2751.1364070002055], [7309.412406827616, -2749.234534199979], [7309.652923051162, -2744.966377800384], [7310.930147128889, -2738.0886750001496], [7312.199077544264, -2732.7921804003226], [7315.259439133866, -2724.8750820005125], [7318.087578163455, -2715.553693800005], [7320.15270021182, -2708.797622400406], [7320.476153063607, -2704.4852364002945], [7322.068536329588, -2701.63242720074], [7323.345760407315, -2690.088501600187], [7326.522233276926, -2680.910859600574], [7328.280489800567, -2674.906691400334], [7328.114616542908, -2670.9481422004287], [7328.222434160563, -2666.0607714006687], [7330.984223887796, -2655.136060200281], [7333.845537569152, -2636.670202200548], [7335.371571532778, -2632.954915800343], [7339.3857043495, -2619.18845280053], [7344.544362639236, -2597.1731694001733], [7353.144891009188, -2589.5656782000524], [7356.230133588207, -2581.150996800713], [7359.15779657192, -2576.6285202005033], [7359.920813554321, -2573.532448200463], [7366.066417721765, -2556.117043200435], [7368.314000352494, -2552.302240200638], [7369.458525825507, -2548.5095520003147], [7377.387267504829, -2529.479766600277], [7395.525508147146, -2490.7899240006927], [7401.596469349881, -2474.7677514004467], [7404.648537277132, -2471.0414076001125], [7407.6840178785, -2459.6522856005827], [7410.653149176332, -2450.5409880001735], [7419.336614174525, -2421.24993540043], [7423.052175130054, -2400.6942288006308], [7426.145711370246, -2390.222871000041], [7434.71306508961, -2382.4937484000707], [7449.558721582307, -2370.5959860000967], [7461.684056661893, -2359.5496434006445], [7469.5962110153305, -2352.4397352000533], [7480.601901611317, -2337.910311599967], [7484.441867508028, -2331.519134400704], [7488.4725876506345, -2325.2938182002363], [7493.457079020361, -2313.4734576003816], [7496.774544158215, -2296.6772670005184], [7499.536333885447, -2288.5832502002118], [7500.689153020814, -2278.4657292006145], [7500.722327672582, -2271.599083800509], [7500.655978370225, -2264.5886922002956], [7499.29581766308, -2252.4808392002233], [7496.169106771119, -2241.6335298007402], [7495.298272172241, -2235.8726244002], [7493.788825534499, -2228.1435018002294], [7487.742745320001, -2214.5981868006443], [7485.652742283399, -2203.352811000437], [7484.707264718632, -2198.2664070007086], [7477.466897055826, -2186.258070600228], [7471.321292887204, -2173.586290200637], [7472.532167662574, -2154.6117918004597], [7474.746575642715, -2145.865388400386], [7474.381654476807, -2128.947566400673], [7471.561809109571, -2111.2999560002886], [7467.124699488118, -2094.968176200353], [7454.733967196748, -2068.4967606005616], [7446.921336797434, -2054.6528958006297], [7437.557791445081, -2040.4441368003625], [7433.153856474216, -2032.637612400273], [7426.7096804444, -2023.9686108003184], [7412.776326864701, -2008.6541118004857], [7405.793062748968, -1992.9194316004568]]]}, "properties": {"name": "", "area": 370154.07550192997}}, {"type": "Feature", "geometry": {"type": "Polygon", "coordinates": [[[-4056.463672117292, 7816.520289599624], [-4054.158033846559, 7812.60596999945], [-4049.9282657957056, 7804.600412399392], [-4047.48163525555, 7796.440051199881], [-3917.1218426591226, 7696.74653280001], [-3910.6113173257727, 7686.2309453996895], [-3894.057166287085, 7669.766476799774], [-3883.9388976158602, 7660.787867999345], [-3877.984047693132, 7652.671736399565], [-3866.4890309900575, 7642.388354399601], [-3836.8640673081954, 7595.151141599912], [-3813.724747971449, 7554.846918599533], [-3802.901517957826, 7531.5932063996315], [-3800.114847242357, 7527.678886799457], [-3799.0781393869984, 7523.366500799346], [-3799.2771872952458, 7519.971878999745], [-3796.3661116362387, 7512.618707999454], [-3792.1280499230324, 7500.378166199403], [-3778.7171971021885, 7471.905361199793], [-3767.9022607520965, 7448.552132399514], [-3766.633330337901, 7438.976423999963], [-3753.2971204829446, 7414.2631349995045], [-3734.8851889664925, 7382.506282200015], [-3720.4293346279374, 7355.835833399469], [-3707.1511804129846, 7330.215837599414], [-3643.530492730164, 7225.469087399416], [-3612.5619556670413, 7161.855865199274], [-3599.49943668622, 7127.456293799543], [-3591.0399005845125, 7093.001435399952], [-3582.8125870416407, 7070.742889199895], [-3571.823483772716, 7062.604642799858], [-3562.6092243509593, 7040.025431999982], [-3555.518142618749, 7020.1442267994225], [-3531.516282345476, 6987.016256399624], [-3481.687955972932, 6861.625340399578], [-3495.9281750785344, 6839.554769999361], [-3499.4861564387575, 6775.974719999607], [-3488.3560609004107, 6686.852075999917], [-3487.0290748450325, 6676.1927423994875], [-3474.3397706924707, 6613.729489799429], [-3464.7854710954007, 6566.702367599838], [-3433.634473449914, 6464.266613999348], [-3415.8445666476196, 6365.369228399352], [-3407.8328883388795, 6261.1642907994], [-3404.2749069786564, 6210.831005999671], [-3403.1884371456463, 6191.823335399892], [-3401.604347542017, 6177.271796999547], [-3408.7203102636417, 6097.802263199527], [-3405.1623289034187, 6067.770364799768], [-3410.0058280048997, 6022.457139599779], [-3408.0319362471278, 5982.307720199637], [-3406.0580444905336, 5956.499748599742], [-3406.4063783293777, 5919.368999399521], [-3406.2819733870174, 5887.977040799582], [-3402.3507771985355, 5872.47456599991], [-3401.3887123090635, 5868.692935199715], [-3407.8328883388795, 5856.706713599493], [-3403.387485053894, 5831.982367199691], [-3414.990319374624, 5758.605460799373], [-3421.9072341868227, 5634.563547599379], [-3435.011221481764, 5579.785187999559], [-3433.634473449914, 5554.673832599948], [-3432.025502858048, 5546.812021199998], [-3429.3217687708193, 5533.642657799306], [-3433.410544553429, 5514.568642799537], [-3435.9566990465296, 5502.493961999853], [-3439.224402206734, 5499.021938399348], [-3441.6295644327697, 5496.45662160001], [-3435.0609834594156, 5485.94103419969], [-3432.838281816922, 5472.495235799696], [-3433.924751648754, 5466.369436199606], [-3437.3915027183843, 5447.881463399614], [-3434.513601711145, 5446.786780799393], [-3437.0431688783615, 5432.157840599714], [-3433.5017748440223, 5427.126723599847], [-3438.3618612713867, 5401.727875800018], [-3439.796664943241, 5394.230958599618], [-3444.184012588223, 5379.590960999812], [-3447.2111995272376, 5380.586126999656], [-3455.3638701030427, 5356.160330399413], [-3467.5223798343964, 5326.250063399505], [-3473.3362374888798, 5292.82354319936], [-3473.0044909747403, 5280.2291645998885], [-3473.8587382477353, 5272.411582799669], [-3476.496123032607, 5262.382520999535], [-3478.67735636098, 5258.0259053996915], [-3480.087279044598, 5215.465972799665], [-3480.402438232853, 5190.973831799433], [-3480.9415263175924, 5156.939154600038], [-3491.822811970041, 5099.330100599351], [-3502.5050497142415, 5072.084666999943], [-3510.284505462966, 5040.935971199704], [-3521.174084777767, 5021.618693399449], [-3531.1264801925113, 4995.202564799518], [-3538.7732373353447, 4972.380091199942], [-3550.500476598435, 4931.921064599325], [-3557.890130193017, 4902.884332199411], [-3560.842674164966, 4896.681130799987], [-3562.634105340374, 4886.2650599992585], [-3594.2495481047126, 4799.96205299952], [-3592.8976810610984, 4794.322778999615], [-3587.1501727101504, 4770.295048799311], [-3593.743634671741, 4758.187195800026], [-3602.2612264134527, 4742.552032199588], [-3608.0833777302882, 4720.680494999339], [-3608.995680643287, 4708.6611011995155], [-3615.8213651648925, 4699.273368599805], [-3607.594051622022, 4615.801055999362], [-3606.706629698438, 4556.621851199968], [-3613.8225924188846, 4493.019686399956], [-3619.6115690851307, 4480.6575131992695], [-3623.169550445354, 4458.575885399709], [-3644.9652964020183, 4434.282777599446], [-3687.7440093564724, 4395.891484799422], [-3715.1048030817205, 4372.438739399552], [-3733.3923296546345, 4354.9901621999215], [-3745.2771485118524, 4342.119348599576], [-3769.4117073898383, 4314.608537399423], [-3787.2264951815473, 4286.290535999266], [-3798.8873851411036, 4268.034768599631], [-3808.4831530534725, 4253.9808131996015], [-3813.8574465761612, 4239.871570799711], [-3824.5811526344824, 4219.205290199405], [-3839.8414922695597, 4149.410981399314], [-3865.6430773805937, 4094.323014599804], [-3881.210282540395, 4061.084470199499], [-3896.337923569581, 4015.1409732000006], [-3899.4563407991886, 3991.7324573998612], [-3912.8008443164977, 3937.40745119984], [-3921.6999445499996, 3896.7715061995123], [-3928.202176219819, 3876.448004999284]]]}, "properties": {"name": "", "area": 1599179.6970330682}}, {"type": "Feature", "geometry": {"type": "Polygon", "coordinates": [[[-3928.202176219819, 3876.448004999284], [-3939.207866814628, 3853.835621999806], [-3947.4932359975023, 3828.337257599601], [-3952.8343548696025, 3795.806386799709], [-3956.4006298921786, 3773.990136599321], [-3976.338595372257, 3723.855884999561], [-3975.6585150192736, 3704.9145587997714], [-3988.3229381824203, 3685.696797599894], [-3996.0609256170246, 3683.9165561995173], [-4001.5762114091362, 3679.4383091998243], [-4009.7952312884763, 3662.244052200024], [-4023.0816791657817, 3635.4519719996274], [-4037.6702321102284, 3608.726236200007], [-4051.2220771993157, 3564.4634639997225], [-4053.892636634777, 3546.2519261998186], [-4057.575022938539, 3524.8447997994977], [-4062.733681228275, 3492.1812401996262], [-4065.536939269627, 3472.222633199734], [-4067.626942306228, 3457.2840857995807], [-4074.4692141537184, 3435.058711799911], [-4074.4277458395977, 3424.1450579996526], [-4079.080490695184, 3409.2065105994993], [-4091.363405368897, 3346.223560199652], [-4090.675031352383, 3340.739089799986], [-4088.6347902922544, 3335.929120799559], [-4097.0860327316095, 3329.3057381999392], [-4099.474607630583, 3310.3975841997517], [-4106.151006221592, 3296.0008493996443], [-4112.910341439663, 3267.428527799658], [-4116.999117222273, 3244.0531841999064], [-4122.356823420257, 3211.6992317997247], [-4129.024928347735, 3188.721954599911], [-4138.371886374205, 3099.9420899995125], [-4141.166850752026, 3056.508622799491], [-4143.389552394519, 3016.624580999308], [-4146.499675961774, 2997.2077865994615], [-4150.828967966751, 2956.81510439962], [-4151.434405355026, 2942.2967381996627]]]}, "properties": {"name": "", "area": 25444.920497280546}}, {"type": "Feature", "geometry": {"type": "Polygon", "coordinates": [[[-4152.5291688503885, 2916.1570445998195], [-4152.603811816276, 2914.4099753998307], [-4155.722229045884, 2904.2482247997164], [-4155.274371251737, 2881.724300999701], [-4161.950769841568, 2859.631615800011], [-4160.615490123837, 2848.1429771993185], [-4162.83819176633, 2808.833920199569], [-4160.839419020321, 2769.0715098000214], [-4168.826216340825, 2753.6022071999514], [-4170.833282749186, 2743.882752599506], [-4168.6271684325775, 2733.732059399521], [-4162.0668811215755, 2725.1183447994267], [-4149.94154604199, 2655.545183999562], [-4137.036606655296, 2583.9816912000088], [-4139.7071660919355, 2540.680912799967], [-4132.143345577342, 2481.932946599327], [-4113.457723187933, 2424.0806297997256], [-4113.457723187933, 2386.9719953997633], [-4109.004026239417, 2330.4244517996963], [-4109.086962868835, 2267.1429515995032], [-4102.4686199178295, 2246.156006399379], [-4104.268344755591, 2230.122776399789], [-4105.7694977298015, 2205.28785599948], [-4097.990041982255, 2182.6533581997437], [-4089.729553787617, 2154.8329397999014], [-4090.757967980623, 2141.8626095999643], [-4092.972375960763, 2132.6739101994362], [-4093.718805616103, 2120.820377399979], [-4096.687936915114, 2114.0200763998632], [-4100.320561241224, 2104.565999399377], [-4100.942585954204, 2093.950895399464], [-4099.939052750613, 2044.192595399384], [-4097.052858079842, 1986.4619099996328]]]}, "properties": {"name": "", "area": 2273.909463383723}}, {"type": "Feature", "geometry": {"type": "Polygon", "coordinates": [[[-4097.052858079842, 1986.4619099996328], [-4096.779167206885, 1981.010611799568], [-4093.8100359078744, 1905.8645213997886], [-4091.3965800194865, 1876.396550399549], [-4086.9345894097955, 1855.9624751995998], [-4085.7651829485453, 1846.3867667992631], [-4088.178638835755, 1839.9734747997416], [-4088.236694475758, 1833.8255603993928], [-4084.479665207288, 1819.605743999782], [-4083.7249418884167, 1802.4225443993246], [-4083.19414746603, 1790.2262321997903], [-4083.899108808428, 1773.219950999829], [-4080.0176745964186, 1760.5149983998506], [-4075.8376685232156, 1755.7934885996717], [-4071.9313533229697, 1751.8238819996375], [-4070.811708839371, 1747.2903479992983], [-4075.5556839855494, 1740.5785061994306], [-4077.736917313922, 1733.7339755995838], [-4073.8720704289744, 1720.8410471997654], [-4069.6588897028255, 1703.2818959996287], [-4068.0913874262587, 1688.1222006000337], [-4068.215792368619, 1672.9625051996532], [-4071.226391980572, 1657.2057101993657], [-4072.1552822194535, 1642.7647457995274], [-4072.1635758829857, 1612.8876510000064], [-4069.09492062985, 1579.6601639998305], [-4064.4836440883846, 1544.3649431998467], [-4063.2810629753667, 1518.5459141998224], [-4061.9457832576363, 1498.4546183999505], [-4054.7302965818876, 1481.2714187994932], [-4048.916438928583, 1472.45867099943], [-4045.0598857048094, 1468.621753199375], [-4040.531545791584, 1465.5920255993246], [-4037.4214222255073, 1460.8705157999316], [-4032.072009689876, 1454.8995197992936], [-4027.286566228399, 1451.1178889998846], [-4022.044971310422, 1447.6458653993795], [-4016.007184759455, 1446.0204276000263], [-4012.4492033992324, 1445.4343853994633], [-4006.817806327113, 1445.6334185994322], [-4000.8712500679167, 1446.6506993995351], [-3992.527825245038, 1449.6914843997147], [-3986.879840848213, 1453.0308191994545], [-3983.852653909198, 1456.7571629997888], [-3980.4439584807506, 1463.1041105993208], [-3978.553003351218, 1469.6500913996072], [-3979.863402080712, 1479.789727199463], [-3982.086103723205, 1488.4587287994177], [-3984.6405518798365, 1492.8816888000358], [-3992.20437239443, 1502.877578399783], [-3995.2066783440296, 1511.4912929998773], [-3996.044338291141, 1519.1098415993415], [-3994.6510029334067, 1524.4726805999437], [-3992.5361189085693, 1529.2715921994557], [-3984.0848764692137, 1540.373221799554], [-3982.35979459734, 1545.2384777998411], [-3981.1406261596176, 1549.7609543992653], [-3982.641779133828, 1554.8473583997798], [-3984.8064251363166, 1561.3601669996785], [-3985.36210054694, 1567.5965405994898], [-3984.9225364163244, 1573.8992585992903], [-3984.8064251363166, 1583.3975651995083], [-3987.369166955302, 1598.4688013996408], [-3987.9911916694596, 1610.289161999496], [-3987.369166955302, 1619.0797949993005], [-3987.53504021296, 1626.2007606000209], [-3990.869092676699, 1636.0307891994014], [-3991.375006109671, 1642.0460147997708], [-3990.2138933119527, 1648.2602735993232], [-3987.145238058817, 1651.1020253995339], [-3983.5292010585904, 1652.4842003999727], [-3970.3920391118822, 1655.5360427994956], [-3969.214338988279, 1656.8187011995572], [-3969.960768643619, 1658.234048399598], [-3981.696301570241, 1663.254107999337], [-3984.4746786233563, 1668.9486689998876], [-3986.4236893917137, 1681.3108421997888], [-3984.1429321092173, 1703.3482403996184], [-3982.583723493824, 1719.6468479999521], [-3986.7554359046744, 1751.4258155996997], [-3988.5385734165516, 1757.2862375998313], [-3992.983976701537, 1763.3567501992754], [-3999.328628778407, 1770.8647247998044], [-4005.7728048082226, 1781.1370493996394], [-4007.7798712177623, 1801.3499765993613], [-4013.792776779315, 1824.5484017994022], [-4013.004878809855, 1834.4337173994288], [-4014.7299606817287, 1837.9720853999233], [-4020.5106436844444, 1844.3743199993157], [-4020.3447704267855, 1851.7164335994776], [-4017.8400842478054, 1854.923079600024], [-4014.6470240523095, 1855.4206625995535], [-4009.5547150661087, 1854.0937745997608], [-4007.2739577836123, 1850.997702599721], [-4006.718282372989, 1845.701207999894], [-4002.6709749044985, 1842.2181269992598], [-3992.569293559158, 1839.011480999499], [-3982.210508666744, 1838.237462999882], [-3961.9822649878256, 1837.6956503998356], [-3957.760790599324, 1835.6168591998985], [-3935.732822082645, 1824.7695497996297], [-3921.8243494923595, 1818.0355931995036], [-3909.2594502821585, 1811.2905792000338], [-3900.360350049835, 1803.0085865998878], [-3892.240854124618, 1790.41420799963], [-3885.5229872194896, 1784.4432119997775], [-3875.4461868635626, 1775.5088327998642], [-3870.1050679914633, 1766.4528221993153], [-3870.1631236314665, 1750.9835196000306], [-3861.2059677579605, 1736.2992923997067], [-3853.7582585233754, 1717.512769799369], [-3853.4265120092364, 1716.749809199881], [-3853.310400730407, 1708.0144631999367], [-3854.197822653991, 1701.833376599986], [-3859.928743680234, 1697.1892685999262], [-3863.652598298116, 1694.3806889993175], [-3866.5470866300607, 1690.565885999521], [-3865.8835936029614, 1685.4352523992752], [-3864.042400451081, 1676.5340453997496], [-3863.4867250404573, 1672.4538647999943], [-3864.714187141711, 1669.247218799448], [-3876.9473398377736, 1661.6286701999838], [-3879.5017879944057, 1659.7489122000159], [-3879.087104852026, 1658.2672205999854], [-3878.8382949661273, 1657.3715711997327], [-3874.558764938801, 1654.4524175994031], [-3862.068508694487, 1647.5968295994269], [-3853.7250838727864, 1641.5263169999828], [-3843.1589574074146, 1630.922270399414], [-3838.6803794718403, 1621.501365599315], [-3840.048833841339, 1612.9208231996083], [-3842.1637178661763, 1606.9498271997559], [-3845.8295168440545, 1583.3091059992603], [-3843.606815201562, 1549.4071175998445], [-3839.824904943676, 1484.5665239995021], [-3837.486092022354, 1469.9818133995554], [-3836.490852479937, 1462.9161347994811], [-3837.826132198846, 1451.6486441998015], [-3837.2704567882224, 1443.3666515996554], [-3831.8132266361145, 1435.847619599783], [-3826.422345786363, 1421.6056883999136], [-3824.290874435642, 1406.7887723996103], [-3820.7411867377714, 1373.915122199641], [-3817.664237822284, 1347.3773621998598], [-3816.163084846894, 1331.9080595997896], [-3816.179672172778, 1318.8160980000023], [-3817.879873056415, 1303.2141065999526], [-3821.65348965077, 1293.439364999647], [-3821.686664302537, 1270.93755599989], [-3761.7732439105366, 1270.771694999523], [-3762.362093971749, 1278.3791861996435], [-3763.3490398506347, 1289.6245619998504], [-3765.53856684136, 1330.5811715999969], [-3756.1667278266536, 1422.7556579999957], [-3758.57189005151, 1426.1723945998547], [-3759.49248662804, 1429.356925799357], [-3758.2899055150224, 1433.3818194000373], [-3756.0257355584095, 1437.5725739995135], [-3753.0317232711623, 1465.5920255993246], [-3752.4014048958297, 1510.9605377999603], [-3756.241370792541, 1558.8169649998142], [-3769.3868264016023, 1610.8862615994026], [-3788.2383220486704, 1669.4573093995461], [-3804.643187155583, 1729.0677527992655], [-3815.5161791456785, 1744.9019495996715], [-3834.0691029291966, 1789.7507639997336], [-3841.5499868155493, 1814.9284637993344], [-3855.4086974293614, 1841.3335349999218], [-3858.527114658969, 1872.7033787996024], [-3848.292734708915, 1881.980537399593], [-3849.5284904725213, 1898.655096599606], [-3844.3781258463164, 1909.4692337994873], [-3845.3816590499077, 1931.4513449994565], [-3849.495315820754, 1938.40644959981], [-3851.187223042038, 1968.8032421999044], [-3857.61481174597, 1991.979552599687], [-3861.1976740956084, 2011.87181519959], [-3877.652301180172, 2059.5844961993353], [-3883.880841975856, 2094.4816505993813], [-3888.3345389243723, 2120.9972957996897], [-3898.1210610814583, 2146.1749955992905], [-3909.2428629562746, 2184.1682219993763], [-3922.5873664735836, 2212.4419937998027], [-3943.512277831369, 2267.043434999912], [-3945.2788280173622, 2271.6433133994547], [-3958.6316251982025, 2320.240586399324], [-3957.7193222852034, 2343.0962321992874], [-3958.6316251982025, 2356.906924799617], [-3955.5132079685945, 2366.6263793992766], [-3960.4064690465484, 2416.550540399724], [-3955.065350174448, 2457.6287813997205], [-3959.394642179426, 2497.3137899999347]]]}, "properties": {"name": "", "area": 160195.37885515392}}, {"type": "Feature", "geometry": {"type": "Polygon", "coordinates": [[[-4000.0335901196268, 2903.5516085994323], [-4000.3653366337658, 2899.25027999945], [-4008.327252964855, 2844.29500199992], [-4012.0594012450892, 2800.065402000023], [-4013.386387300467, 2772.86419799956], [-4017.2844088371817, 2752.850303999807], [-4018.6943315208, 2732.062391999651], [-4018.885085766695, 2718.2627567994505], [-4018.9431414066985, 2714.1494039993077], [-4017.86496523722, 2707.957260000014], [-4015.376866382944, 2703.2025779994474], [-4010.7324151897114, 2697.673877999264], [-4000.7800197761453, 2687.501069999806], [-3995.969695326432, 2680.3137599998818], [-3992.2375470461975, 2672.463005999275], [-3990.3300045919596, 2663.5065119998894], [-3988.9200819083417, 2651.675093999905], [-3978.6359399794583, 2607.7772159999563], [-3978.304193466498, 2601.032201999701], [-3979.382369635977, 2591.9651339998086], [-3979.0506231218374, 2578.1433839993497], [-3977.723637067638, 2565.9802439994173], [-3978.1383202088386, 2560.56211799974], [-3976.97720741112, 2525.841881999405], [-3977.3918905534993, 2520.313182000007], [-3976.7283975252208, 2518.3228499995325], [-3973.659742273265, 2514.4527599998755], [-3970.839896906029, 2512.683575999628], [-3965.8636991986564, 2504.61167399958], [-3961.8827410337017, 2501.405027999819], [-3959.394642179426, 2497.3137899999347]]]}, "properties": {"name": "", "area": 7013.118207759224}}, {"type": "Feature", "geometry": {"type": "Polygon", "coordinates": [[[-4002.0987121679923, 3014.2804121994122], [-4001.335695186768, 3035.8865717997023], [-3996.0028699770205, 3140.1357389993855], [-3971.0887067907493, 3231.1270835997], [-3952.8426485319555, 3338.914618799878], [-3939.9460028087938, 3379.9928597998746], [-3931.4864667059064, 3401.6321915997664], [-3906.1327393890197, 3444.47961660001], [-3858.079256866001, 3536.355553199663], [-3817.15003072578, 3614.1001325999528], [-3802.022389696595, 3663.117586800018], [-3782.888909513039, 3729.3735275996155], [-3780.6662078705463, 3797.39865239946], [-3786.44689087444, 3852.608250599605], [-3777.09993284797, 3906.4909607999575], [-3788.8935214134167, 3912.46195679981], [-3814.0399071585252, 3871.151510399457], [-3825.601273165136, 3868.95108779967], [-3825.601273165136, 3887.063108999982], [-3823.8181356532587, 3911.7985127999136], [-3813.1441915714104, 3938.734339199633], [-3793.571147257239, 3978.9279881995053], [-3769.0965482027614, 4030.167979799616], [-3758.862168251529, 4079.627729999351], [-3718.8203640360716, 4164.869226599254], [-3688.57337564123, 4209.043539599291], [-3662.32393273605, 4247.910300599371], [-3642.30303062891, 4253.206795199984], [-3620.051133215747, 4295.600866799644], [-3592.4664105928355, 4334.025331799269], [-3586.3539810771595, 4338.072340199423]]]}, "properties": {"name": "", "area": 56440.68159043137}}, {"type": "Feature", "geometry": {"type": "Polygon", "coordinates": [[[-3586.3539810771595, 4338.072340199423], [-3569.7832427125877, 4349.041280999541], [-3559.1010049683873, 4346.3985623993], [-3546.6439233746623, 4386.581153999829], [-3531.0767182148606, 4474.918722599773], [-3531.0767182148606, 4505.3929169999865], [-3527.070879060491, 4615.801055999362], [-3526.6230212675223, 4676.73838739966], [-3510.607958313574, 4717.374332399987], [-3477.698704144446, 4777.548703200011], [-3476.794694894979, 4798.635164999728], [-3468.2771031532675, 4810.002172199785], [-3465.606543716628, 4822.629722999644], [-3445.204133118876, 4823.801807399985], [-3389.1472659494702, 4830.867485999273], [-3349.553319526981, 4837.490868599679], [-3323.3038766229784, 4864.437752399526], [-3297.941855643739, 4911.686022599344], [-3282.366356820406, 4969.096043399277], [-3267.6865735853667, 5030.044432199704], [-3266.633278404124, 5059.224910799726], [-3267.139191837096, 5077.5580799994805], [-3270.7884034890903, 5093.370161999628], [-3270.3820140090634, 5115.9162005999015], [-3270.6805858726143, 5126.663993399793], [-3270.3571330208274, 5145.561089999852], [-3271.9909846021083, 5167.487914199961], [-3273.317970656308, 5176.333834199626], [-3281.9267926897905, 5223.460472999594], [-3295.7191540012464, 5286.609284399808], [-3303.2912681781913, 5317.934898599757], [-3308.1347672796724, 5331.789820799818], [-3313.517354465893, 5336.245953000038], [-3319.1321642121284, 5336.069034599542], [-3323.8014963935975, 5331.922509599797], [-3328.338129970354, 5320.876166999559], [-3334.6910757095775, 5312.151878399744], [-3338.0251281733167, 5309.91828359957], [-3341.5499348817725, 5308.4918789994], [-3345.9455761902846, 5307.717860999783], [-3352.4312205342203, 5308.436591999539], [-3356.926385796857, 5310.283177799905], [-3359.978453724108, 5312.63840399993], [-3363.146632930189, 5315.424868799494], [-3364.647785905578, 5318.222390999974], [-3363.843300609056, 5321.2189463996365], [-3363.461792118444, 5327.068310999639], [-3362.864648393701, 5336.26806779951], [-3361.6869482700977, 5348.47543739996], [-3361.2142094877145, 5357.608849799842], [-3359.737937500562, 5363.038033199648], [-3357.739164755732, 5366.377367999388], [-3355.1183672967436, 5369.705645399785], [-3353.3352297848664, 5373.022865399266], [-3349.760661098759, 5376.94824239957], [-3346.6256565432686, 5377.9876379999305], [-3343.897041467804, 5390.81422199976], [-3340.7537432487816, 5405.664310199665], [-3339.0535423663227, 5413.691982599981], [-3324.357171804221, 5431.826118599766], [-3316.2210885531213, 5437.85240159948], [-3301.972575786345, 5466.778559999673], [-3300.4548354850717, 5475.8566853996945], [-3303.3742048064314, 5480.887802399563], [-3302.461901893433, 5486.394387599488], [-3300.9690425815747, 5491.005323399946], [-3296.15042446833, 5494.178797199319], [-3292.310458571619, 5508.630818999287], [-3290.1706935573666, 5520.40694999941], [-3288.3875560454894, 5520.1526297995815], [-3286.3058466724196, 5519.953596599612], [-3279.256233253151, 5530.81196340001], [-3271.004038723222, 5552.451295199902], [-3266.7991516606044, 5563.486580400011], [-3265.463871942874, 5608.965666599582], [-3265.463871942874, 5654.0135141996125], [-3253.4546481432953, 5739.232895999258], [-3252.7413931385445, 5749.096096799812], [-3249.9132541077774, 5788.073431799613], [-3249.4488089889255, 5794.431436799274], [-3237.8791493199624, 5816.059711199822], [-3233.433746034977, 5861.992150799977], [-3220.528806648284, 5939.261261999424], [-3220.329758740036, 5941.948210199397], [-3212.4507790371877, 6006.7003445994915], [-3216.5312611574454, 6041.829704399894], [-3225.8699255203846, 6054.943780799939], [-3234.4787475538674, 6078.064804199862], [-3239.8032791000837, 6103.662685199659], [-3246.7616622275814, 6127.922620799533], [-3250.493810507816, 6155.997359399991], [-3252.2271860420415, 6181.20823139998], [-3255.859810368152, 6199.817835599821], [-3246.396741061674, 6215.165506799256], [-3232.728784693757, 6237.313478999592], [-3235.714503317474, 6254.706769199362], [-3242.822172375568, 6260.6777652], [-3244.489198607437, 6276.489847199362], [-3245.7332480345744, 6303.0165497998], [-3245.6834860569234, 6333.391227599635], [-3251.3231767913953, 6362.593820999917], [-3253.695164365663, 6374.878592399699], [-3252.4179402879367, 6392.305054799856], [-3255.967627984629, 6414.607830599644], [-3263.9875999557207, 6436.202932799805], [-3275.4328546823235, 6456.957672599573], [-3282.5405237404175, 6470.867881799494], [-3284.481240846422, 6494.4643733994735], [-3287.566483424262, 6513.991741799826], [-3295.428875801227, 6525.878446799671], [-3305.0578183641846, 6530.036029199545], [-3304.8753577818206, 6537.931012799882], [-3306.5672650019264, 6547.639409999412], [-3311.783978931667, 6555.523336199621], [-3318.4189092073775, 6564.99952799958], [-3323.768321743009, 6573.889677599763], [-3327.434120719708, 6578.754933599264], [-3331.0916260352346, 6584.637470399654], [-3335.760958216704, 6586.67203199986], [-3344.253668970179, 6586.91529479956], [-3351.071059828254, 6585.632636399499], [-3355.5828124155955, 6580.42460099992], [-3357.0176160874503, 6574.000251599483], [-3355.9726145697387, 6566.768711999828], [-3355.3422961932274, 6559.393426199278], [-3355.773566661491, 6555.888230399957], [-3359.173968427586, 6555.866115599699], [-3364.349214043206, 6560.532338400017], [-3369.126363841152, 6565.950464399693], [-3371.7139866495513, 6575.205508199426], [-3378.896298673533, 6585.599464199897], [-3380.9614207218974, 6594.003088199893], [-3381.7493186913575, 6601.300972199538], [-3386.9245643069776, 6611.274746999812], [-3385.8961501139715, 6675.009600599804], [-3386.111785348103, 6710.1500177995495], [-3369.3834673894034, 6764.55242579969], [-3369.723507565895, 6778.4626349996115], [-3363.6940146784596, 6790.017617999508], [-3367.6998538328294, 6799.139972999261], [-3366.0162402750752, 6826.562324999951], [-3363.760363980816, 6853.951504799468], [-3366.4972727198115, 6878.410473599312], [-3374.384546085012, 6918.139711799257], [-3380.3393960077397, 6933.730645799964], [-3389.470718800078, 6949.078316999398], [-3399.920733985442, 6972.719038199894], [-3406.2239177470137, 6991.704593999415], [-3416.872980839447, 7008.290693999966], [-3479.0173965374715, 7111.489408199944], [-3521.7546411778053, 7202.248547399902], [-3545.0432464463274, 7243.216214399392], [-3553.3203219656716, 7260.26672519987], [-3570.6706646373495, 7292.056750199747], [-3593.8016903117446, 7316.327743199751], [-3603.1486483382146, 7336.197890999396], [-3643.6383103466405, 7395.3549809993165], [-3669.8877532506426, 7447.446392399949], [-3689.908655358961, 7503.50741039983], [-3704.5884385940003, 7528.231756799632], [-3719.268221830218, 7558.694893799717], [-3743.7345272223433, 7605.047514599282], [-3794.9064269761484, 7686.717470999875], [-3842.9516158368147, 7745.421207599998], [-3880.737543758012, 7794.604522799645], [-3917.6194624297427, 7833.205906199766], [-3918.282955456842, 7833.913579799394]]]}, "properties": {"name": "", "area": 1199798.11430691}}, {"type": "Feature", "geometry": {"type": "Polygon", "coordinates": [[[-3918.282955456842, 7833.913579799394], [-3952.4030844013396, 7870.281368399341], [-4026.6064858754157, 7951.652774999588], [-4096.812341857474, 8040.00140099966], [-4103.289692540236, 8045.032517999529], [-4125.690875883995, 8071.625564999957], [-4158.857233601375, 8115.821992799465], [-4165.500457539439, 8124.43570739956], [-4177.410157384893, 8143.852501799406], [-4193.831609817689, 8165.735096399783]]]}, "properties": {"name": "", "area": 2269.447766272351}}, {"type": "Feature", "geometry": {"type": "Polygon", "coordinates": [[[-4195.017603604823, 8167.371591599266], [-4238.6256828440355, 8227.523847599818], [-4241.296242279496, 8231.416052399733], [-4275.839348028726, 8281.561361399621], [-4276.113038902861, 8284.016104200024], [-4279.438797703068, 8283.30843059961], [-4279.795425205444, 8284.93386839975], [-4282.059595162057, 8284.447342799564], [-4289.134089569562, 8316.856582199605], [-4289.523891722526, 8318.260871999517], [-4292.16957017093, 8327.726006399347], [-4295.3128683887735, 8338.761291599456], [-4295.910012113516, 8340.851140199522]]]}, "properties": {"name": "", "area": 1432.480156108737}}, {"type": "Feature", "geometry": {"type": "Polygon", "coordinates": [[[-4295.910012113516, 8340.851140199522], [-4298.14100741954, 8347.750957800015], [-4300.214423130258, 8357.901651], [-4300.8779161573575, 8360.599656599317], [-4302.022441630371, 8362.435184999553], [-4303.55676925635, 8363.994278399703], [-4304.394429204639, 8365.586543999454], [-4305.256970139987, 8367.223039199722], [-4306.028280784742, 8369.932102199953], [-4306.01998712121, 8372.14358219987], [-4308.955943768454, 8376.323279400001], [-4308.4997923119545, 8379.93904919983], [-4316.851510797186, 8386.783579799676], [-4318.2033778407995, 8388.508534199407], [-4317.340836905452, 8391.339228599489], [-4314.645396480577, 8393.827143599492], [-4316.884685448953, 8398.073185199615], [-4309.652611447321, 8403.480253799948], [-4312.265115243957, 8416.914994799812], [-4319.264966685574, 8428.934388599637], [-4326.903430164875, 8438.454809999328], [-4332.161612408736, 8447.776198199834], [-4334.865346495964, 8456.30145359968], [-4340.463568916316, 8467.358853599262], [-4343.764446729467, 8473.871662199947], [-4348.641120481537, 8483.469485399755], [-4353.700254817149, 8491.088034000006], [-4357.606570017395, 8488.445315399764], [-4374.276832336091, 8518.89739499972], [-4385.962603283882, 8552.876785199254], [-4379.94969772115, 8608.948860599265], [-4380.704421040022, 8614.99725840002], [-4522.534349352466, 8608.827229199414], [-4516.761960012103, 8587.0773233998], [-4520.344822360563, 8579.16022499999], [-4538.856277831139, 8573.907959999895], [-4539.436834229999, 8572.249349999369], [-4538.7567538770145, 8571.088322999944], [-4538.134729162857, 8570.01575519998], [-4536.252067698035, 8569.496057399407], [-4524.823400297316, 8572.713760799297], [-4522.84121487719, 8573.067597599504], [-4520.693156200586, 8572.890679199792], [-4518.893431362825, 8571.652250399462], [-4517.823548855698, 8569.772492399494], [-4517.010769896824, 8568.335030399981], [-4509.77869589637, 8547.668749799675], [-4504.130711499545, 8528.981743799715], [-4499.677014551028, 8506.778484599517], [-4496.815700869673, 8502.455041199277], [-4493.183076543562, 8483.403140999766], [-4491.167716472848, 8480.506102199695], [-4487.866838659698, 8472.445257599777], [-4483.24726845588, 8460.392691599565], [-4478.436944004988, 8451.62417340002], [-4475.210709158904, 8443.961395200038], [-4463.59958117582, 8419.148589599987], [-4458.855606028464, 8404.674452999761], [-4457.147111482474, 8402.230767599489], [-4453.738416052847, 8401.96538999953], [-4452.179207438633, 8400.05245979996], [-4448.513408460754, 8399.853426599992], [-4434.132197088087, 8386.274939400018], [-4433.941442842192, 8382.250045799337], [-4431.984138410304, 8380.536148799736], [-4431.760209513819, 8378.092463399464], [-4433.676045631588, 8376.046844399914], [-4419.784160366008, 8361.152526599491], [-4417.926379888244, 8358.189143399431], [-4417.022370638776, 8355.656998799695], [-4404.1506059026715, 8358.25548779942], [-4400.650680182452, 8357.979052799334], [-4399.547623024737, 8353.62243719949], [-4398.0713510375845, 8347.662498599768], [-4395.541783870367, 8334.69216839983], [-4396.736071319854, 8334.183527999385], [-4394.082099209098, 8321.467517999277]]]}, "properties": {"name": "", "area": 37232.179589334875}}, {"type": "Feature", "geometry": {"type": "Polygon", "coordinates": [[[-4394.082099209098, 8321.467517999277], [-4378.871521551672, 8324.276097599886], [-4378.075329918681, 8322.086732399443], [-4374.666634489055, 8312.676884999473], [-4370.893017894699, 8302.238699399271], [-4370.329048821724, 8300.690663400037], [-4372.501988486565, 8300.303654399442], [-4372.004368715946, 8298.755618399422], [-4371.730677841811, 8298.810905399283], [-4365.925113850858, 8300.049334199613], [-4365.477256056712, 8298.368609399615], [-4356.254702973781, 8293.10528699939], [-4351.195568638168, 8284.259366999724], [-4345.929092731955, 8283.850243199657], [-4343.781034054171, 8283.551693399311], [-4342.014483868178, 8282.180575799786], [-4332.385541305221, 8269.785230399499], [-4319.45572093029, 8256.682211399582], [-4315.872858581831, 8252.203964399889], [-4312.77932234046, 8248.831457399761], [-4309.90142133322, 8244.906080399458], [-4306.227328692989, 8239.510069199254], [-4303.8138728046015, 8235.728438399845], [-4298.76303213252, 8230.055992199552], [-4296.391044558252, 8227.955086199358], [-4287.591468280053, 8216.046266399255], [-4285.045313786953, 8211.435330599581], [-4284.182772850426, 8207.974364399992], [-4284.564281342216, 8205.37587539948], [-4281.984952197348, 8204.082159599291], [-4279.612964623081, 8200.654365599303], [-4277.547842574715, 8195.66747819995], [-4276.477960067589, 8191.332977399581], [-4272.837042079126, 8173.906514999423], [-4271.518349686101, 8167.570624800021], [-4269.005369844767, 8158.84633619942], [-4265.654730055145, 8152.267183199531], [-4263.4569094008875, 8148.496609799466]]]}, "properties": {"name": "", "area": 3146.097950730473}}, {"type": "Feature", "geometry": {"type": "Polygon", "coordinates": [[[-4188.117276117329, -8733.55470120035], [-4206.802898507917, -8771.160918600626], [-4226.375942822089, -8810.10508140004], [-4257.518646804045, -8857.89516420069], [-4295.578265599378, -8911.612013400676], [-4322.731717754025, -8940.228564600393]]]}, "properties": {"name": "", "area": 1664.0043395981193}}, {"type": "Feature", "geometry": {"type": "Polygon", "coordinates": [[[-5159.413012878374, -3508.4245608000997], [-5157.580113390024, -3511.8523548000876], [-5156.078960414635, -3526.9346484003495], [-5158.442654325371, -3548.397061800531], [-5161.080039110243, -3562.7495670001213], [-5172.284777614478, -3654.1942650002343], [-5172.782397385097, -3662.056076400184], [-5176.340378745321, -3717.763257600644], [-5176.738474561816, -3724.0549182003156], [-5170.5099337649535, -3761.1967248006654], [-5158.069439498291, -3794.1809490003557], [-5154.494870812184, -3803.646083400186], [-5138.712030418251, -3832.1962902007], [-5123.0121266525575, -3870.4106646002274], [-5101.216380695893, -3904.014103200083], [-5086.536597459675, -3915.845521200067], [-5080.872025736968, -3912.8821380000063], [-5077.985831067375, -3902.432895000461], [-5079.992897475736, -3892.536522000305], [-5075.1908666883755, -3886.3664928004837], [-5007.224299673515, -3921.2636472005297], [-5003.790723255653, -3917.493073800464], [-5020.9586053449675, -3871.814954400139], [-5032.967829144545, -3856.124503800627], [-5041.4190715839, -3834.905353200146], [-5050.625037340948, -3808.522396800602], [-5057.666357096685, -3789.912792599975], [-5057.442428200201, -3771.004638600573], [-5058.993343152064, -3736.5276654007234], [-5059.913939727415, -3718.526218200132], [-5063.447040099401, -3696.510934800561], [-5070.563002821026, -3663.3497922003744], [-5072.429076961143, -3657.0360168004445], [-5079.46210305335, -3633.273664200099], [-5083.915800000687, -3614.2659936003197], [-5084.836396577218, -3607.963275600519], [-5087.929932818589, -3586.8657564006735], [-5088.120687063305, -3558.5477550005157], [-5085.466714952549, -3512.4605118001236], [-5085.334016347837, -3493.773505800163], [-5089.008108988068, -3485.8232351999654], [-5085.226198730182, -3466.251637200667], [-5081.999963884098, -3458.301366600469], [-5080.382699628701, -3449.179011600716], [-5081.593574404071, -3419.8437294004557], [-5080.357818640465, -3405.6792000007054], [-5078.6659114203585, -3405.546511200726], [-5075.53920052722, -3417.897627000498], [-5071.085503579881, -3433.34481480031], [-5064.981367726557, -3450.7823346005966], [-5065.313114239519, -3457.7484966002935], [-5068.099784956165, -3477.861907200424], [-5074.32832575185, -3486.707827200089], [-5076.194399891967, -3509.9283672003885], [-5077.239401410857, -3530.705221800415], [-5077.985831067375, -3544.9029234005534], [-5078.773729036835, -3559.8746430003084], [-5078.3092839179835, -3570.777239400438], [-5077.687259205003, -3581.1048510001333], [-5076.791543617888, -3610.7276256006107], [-5067.892443384387, -3639.0235122005097], [-5052.764802355201, -3683.6843508007323], [-5044.761417709992, -3721.71074940042], [-5030.521198605568, -3799.9750266004976], [-5013.618713726858, -3845.0671038002597], [-5000.265916547196, -3882.6512064002786], [-4985.146569180362, -3914.054222400347], [-4983.811289462633, -3921.8386320001778], [-4973.759370094943, -3965.0730660002305], [-4966.7429313274415, -3997.7587404003602], [-4942.268332271786, -4108.741864200169], [-4912.013050213413, -4303.750170600596], [-4916.914604954898, -4366.987441200273], [-4905.344945285935, -4383.7836318001355], [-4882.205625949188, -4420.051903800491], [-4859.074600274794, -4476.654734400418], [-4857.988130441784, -4479.330625200262], [-4837.718418448745, -4529.276901000182], [-4816.362236622696, -4629.21368220054], [-4794.276212467192, -4705.852521600478], [-4788.329656206817, -4726.496687400526], [-4781.661551279339, -4783.552871400251], [-4771.875029122253, -4848.559326000175], [-4733.160210962173, -4945.842331200161], [-4732.720646831557, -4979.014531200477], [-4752.036587597478, -5031.216516600044], [-4749.855354269104, -5082.257475000186], [-4748.005867454871, -5123.534749200152], [-4734.288149109303, -5192.731958400337], [-4716.70558387761, -5244.801255000711], [-4665.98154191795, -5350.498941600036], [-4591.239052359136, -5431.439109600744], [-4570.463426933125, -5449.529016000011], [-4523.164667727799, -5490.695716200256], [-4478.229602434388, -5590.212316200417], [-4462.214539480439, -5648.153092200267], [-4478.229602434388, -5691.487042800696], [-4466.220378634809, -5738.812714800633], [-4446.647334320637, -5755.619962800625], [-4442.641495166267, -5791.445938800526], [-4432.854973009182, -5817.099106800183], [-4391.030031281847, -5848.944418800706], [-4368.545911309847, -5892.853354199999], [-4341.2017049104825, -5946.249538800165], [-4291.812942668555, -6036.477922800206], [-4218.853590621617, -6196.589074800588], [-4209.349053001019, -6234.659703000007], [-4202.390669873521, -6262.502236200107], [-4176.141226969518, -6330.6158202002], [-4145.885944911147, -6378.383788200592], [-4144.741419439311, -6381.712065600203], [-4132.981005524453, -6415.97894820074], [-4104.069296847343, -6550.005693600352], [-4077.819853943341, -6695.9854884005845], [-4060.0216534775154, -6744.638048400315], [-4038.0766215902545, -6785.649945000321], [-3996.8405299241317, -6862.742137800058], [-3976.3800636863766, -6904.771315200168], [-3966.593541529291, -6954.7618206006055], [-3957.694441296968, -7033.059270000284], [-3961.6919867878064, -7077.288870000182], [-3936.7778236015347, -7161.778463400727], [-3909.1931009798022, -7286.096811600023], [-3875.827695354175, -7390.489725000601], [-3863.096922887493, -7464.2757552001995], [-3858.477352682496, -7513.92348120056], [-3858.477352682496, -7565.240874600004], [-3863.3706137604495, -7618.327452000481], [-3880.7209564321283, -7675.394693400335], [-3907.8661149244235, -7744.414984200024], [-3943.902079985512, -7837.319259000695], [-3949.914985548243, -7848.498290400126], [-3955.3141600603467, -7858.892246400597], [-3953.4066176061096, -7866.134843400382], [-3951.308320905978, -7869.208800600163], [-3952.975347137847, -7878.408557400035], [-3954.6174923814797, -7884.313209000684], [-3958.6233315346713, -7885.385776800646], [-3962.247662198429, -7888.55925060002], [-3973.8339091932758, -7906.936649400291], [-3986.067061889338, -7929.471630600436], [-3995.7540600923003, -7943.978939400263], [-3998.399738539525, -7952.935433400435], [-3996.9732285300233, -7963.296217200518], [-3995.7789410805367, -7968.9133764001635], [-3995.637948812293, -7981.861591800628], [-3994.5929472934026, -7998.071740200714], [-3994.2860817686787, -8007.824366999976], [-3990.487584184909, -8015.520317400344], [-3989.1108361530587, -8021.789863200543], [-3988.2151205659434, -8038.917775800353], [-3988.5551607424354, -8060.015295000199], [-3982.3017389573365, -8099.689246200284], [-3982.691541111479, -8110.746646200651], [-3980.10391830308, -8113.920120000024], [-3978.511535037098, -8116.3527480001685], [-3979.2745520195003, -8119.902173400006], [-3980.676181039587, -8122.777097400604], [-3976.098079149889, -8139.097819800411], [-3973.9334331473997, -8165.54712060073], [-3976.1063728122413, -8185.417268400374], [-3977.715343404107, -8210.72765700074], [-3999.958947154918, -8281.517131800676], [-4009.297611517857, -8331.065341200658], [-4019.979849262058, -8403.635057400186], [-4033.38240841937, -8453.127979800307], [-4040.009045032728, -8477.59800600028], [-4051.0479102793042, -8501.968515600662], [-4056.6378390373034, -8513.52349860056], [-4061.3735205211296, -8528.561562600304], [-4059.4908590551286, -8538.303132000223], [-4058.37121457153, -8543.10204360052], [-4054.6058916395277, -8550.565788600532], [-4052.068030808779, -8552.202283800014], [-4051.271839175788, -8552.710924200459], [-4051.7196969699353, -8556.216120000565], [-4052.706642848821, -8560.108324800482], [-4057.657959566779, -8564.663973600293], [-4060.9422500528667, -8563.270741200511], [-4071.027344072324, -8566.43315760054], [-4076.9739003326986, -8568.368202600368], [-4080.4821197164492, -8573.764213800572], [-4082.671646707174, -8577.70064820022], [-4082.7794643236507, -8584.589408400583], [-4087.1585183062803, -8593.877624400702], [-4092.590867470152, -8603.022094200714], [-4100.436672521232, -8614.112666400682], [-4128.0877444464995, -8647.42861260032], [-4188.117276117329, -8733.55470120035]]]}, "properties": {"name": "", "area": 1499019.1370099913}}, {"type": "Feature", "geometry": {"type": "Polygon", "coordinates": [[[-5240.359162245815, -3532.861414800471], [-5247.632704560388, -3514.439786400469], [-5260.28054039883, -3494.6138682005558], [-5268.375155335811, -3492.4908474001018], [-5272.812264957265, -3487.7914524001817], [-5276.7434611457475, -3477.7623906000467], [-5277.332311208138, -3470.519793600262], [-5276.411714632787, -3470.364990000024], [-5274.578815143258, -3470.939974800458], [-5273.649924905555, -3459.2744178000553], [-5278.161677492896, -3446.149284000666], [-5281.611841236643, -3442.4339976004608], [-5287.699389764083, -3437.159617800107], [-5292.617531831452, -3410.6992596004443], [-5293.8615812585895, -3385.6431912006938], [-5295.180273650436, -3339.4674888000536], [-5302.387466662653, -3267.9813978006187], [-5312.480854345642, -3174.059842200631], [-5327.409447466581, -3065.000706000521], [-5343.0844702428585, -2950.5345012000776], [-5348.375827138486, -2872.557716400217], [-5354.413613689454, -2833.6909554001368], [-5365.759344460754, -2791.9050408005123], [-5376.765035056741, -2747.034111600192], [-5386.120286745564, -2726.566864200641], [-5409.840162482349, -2616.501504600557], [-5402.085587721861, -2515.0277448003094], [-5390.524221716429, -2450.7842508006593], [-5376.242534296707, -2420.321113800575], [-5369.74859628924, -2406.0570678004474], [-5382.952107538305, -2381.8524192004325], [-5394.853513721407, -2341.946262599991], [-5392.970852255406, -2306.7947880001157], [-5384.320561907803, -2274.9826481999803], [-5370.246216059859, -2216.301026400116], [-5340.952998892137, -2150.5316112007044], [-5317.465345715367, -2110.216330800196], [-5305.356597961665, -2098.9046105999996], [-5291.124672519593, -2064.9473352007235], [-5301.085361596691, -2045.1435318002827], [-5307.496362975918, -2030.2934436003775], [-5301.798616601442, -2009.7819666003095], [-5274.75298206327, -1981.4860800004103], [-5246.280837516775, -1963.0976238000105], [-5206.413200221328, -1937.643489000322], [-5167.258817930633, -1937.643489000322], [-5140.213183392461, -1957.447292399977], [-5123.841492937317, -1943.2938204003556], [-5109.601273831714, -1925.6130378003688], [-5096.074309732041, -1927.736058600037], [-5087.531837002093, -1915.7166648002133], [-5087.531837002093, -1900.8665766003078], [-5098.214074746294, -1884.5900838002326], [-5105.918887529131, -1873.676429999974], [-5090.384857019918, -1868.3246484002866], [-5071.873401550521, -1861.2589698002125], [-5066.1756551760445, -1845.6901506005504], [-5073.299911560022, -1797.6015180003399], [-5077.571147924996, -1757.9939112002444], [-5078.989364270967, -1739.6054550006304], [-5049.09070971497, -1715.5556100000676], [-5044.819473349996, -1701.4131954005754], [-5007.091601068802, -1671.0053454003519], [-4998.549128337676, -1650.4938684002836], [-4964.387531080236, -1621.5013656001006], [-4952.992038331285, -1615.1323032003104], [-4945.162820604909, -1587.5440902000387], [-4928.0778751450125, -1569.1556340004245], [-4901.032240606841, -1511.8783020004716], [-4887.273053947153, -1471.0764960005627], [-4893.609412360493, -1453.5836892004158], [-4909.607887988557, -1439.0653230004586], [-4922.827986563506, -1433.0722122003476], [-4946.788378522659, -1431.0597654004002], [-4970.599484550036, -1429.6444182003595], [-4986.166689711016, -1403.3941506000099], [-5012.3000213350115, -1382.2745166006916], [-4989.077765368845, -1345.6081782003982], [-4972.29139177132, -1315.6094520002416], [-4950.7693366887925, -1284.9362244000592], [-4943.520675361276, -1275.6701232001978], [-4917.1634148407975, -1254.3514560001252], [-4904.523872664708, -1244.1344184001505], [-4881.392846990313, -1225.4252976007174], [-4855.251221702787, -1210.608381600414], [-4824.025581091413, -1181.6048214001016], [-4813.185763753085, -1163.3379966003376], [-4772.505347498764, -1109.8091232001916], [-4705.973584156935, -1022.2898022003819], [-4664.231579057841, -967.3787538005829], [-4621.519215406923, -928.478820600115], [-4593.934492784011, -919.643958000579], [-4522.3104204548035, -840.5282609999797], [-4492.055138396432, -781.7471226005237], [-4444.449513666382, -728.7158322006928], [-4407.517833018178, -675.2311884002781], [-4375.039849317313, -644.2925832001373], [-4347.803460534425, -630.050652000268], [-4323.270805838765, -594.5563980003153], [-4264.84195109627, -513.0633600002185], [-4234.702780317905, -455.6422818001571], [-4205.699841349024, -426.6276642005013], [-4169.663876287936, -343.155351600059], [-4154.793338807001, -291.4067196002896], [-4128.776118461836, -227.01947940053117], [-4113.764588712657, -190.12093560066705], [-4083.1112108377897, -134.32529520074445], [-4038.9806308397224, -38.8667610000803], [-4035.422649479499, -9.16658460026973], [-4017.6244490136737, 26.89159679998761], [-4013.3532126486994, 66.48814619995386], [-4016.1979390053502, 108.91539000000151], [-3992.7102858274015, 217.79760779961538], [-3980.6098317372307, 297.69838019996104], [-3963.524886276156, 375.47613179985285], [-3951.2087969518534, 530.4345353997297], [-3942.400927010123, 658.6561457998567], [-3940.2445746711646, 663.9747551999421], [-3934.729288879053, 668.1102227995577], [-3887.2397754290105, 694.946532599685], [-3883.6486194170193, 697.5892511999267], [-3881.6332593451275, 702.3328757995782], [-3856.4039369705997, 763.3365515998654], [-3855.649213651729, 777.8217455994348], [-3873.596700048151, 857.5898291998013], [-3877.4366659460406, 880.7440247993254], [-3872.385825272781, 918.7261937992821], [-3865.4025611582256, 928.9985183999028], [-3861.487952295627, 981.8860625996251], [-3848.782060817182, 1019.8682315995818], [-3838.6720858083095, 1037.9028509997752], [-3826.74579863815, 1069.1178912000037], [-3823.826429315611, 1114.1878535995074], [-3821.280274822511, 1153.6295994000216], [-3822.267220701397, 1164.7975733993237], [-3822.068172793149, 1182.4672985999669], [-3820.409440223632, 1214.5669307995336], [-3819.604954928289, 1246.8655961998545], [-3821.686664302537, 1270.93755599989], [-3761.7732439105366, 1270.771694999523], [-3757.8005794079336, 1193.480468999817], [-3757.3112532996674, 1148.0013827994608], [-3756.241370792541, 1135.5618077994407], [-3754.806567120687, 1118.5665839996086], [-3752.865850014682, 1105.087613400013], [-3750.410925812174, 1088.5899725997103], [-3748.5531453355875, 1073.2644161997484], [-3748.1052875414407, 1057.4965637993319], [-3748.213105159096, 1037.3610383997288], [-3748.7107249297155, 1016.130830399904], [-3747.5247311425815, 1006.6656959992881], [-3742.216786922249, 998.10726839984], [-3738.028487185515, 986.7623759992559], [-3735.2915784465195, 964.6144037997054], [-3733.6826078546533, 932.7027473999786], [-3733.33427401463, 902.6708489994342], [-3734.7110220476593, 891.3591288000235], [-3727.9019248519376, 852.0058421997574], [-3729.054743987304, 838.9912823993034], [-3732.1731612169115, 811.5910451996571], [-3734.7939586758994, 778.1313527999102], [-3742.5485334352093, 766.2999347999261], [-3756.9297448090556, 767.2398137999102], [-3770.282541988717, 752.467127399338], [-3775.2006840560853, 746.4850739993562], [-3821.6369023248863, 687.2948117998333], [-3852.1990499091607, 644.07143519991], [-3857.8470343059853, 636.7514364000065], [-3882.371395338114, 604.552287599277], [-3895.1851044342147, 569.9094533998459], [-3896.5120904895925, 556.950180600038], [-3883.6486194170193, 544.8312701998368], [-3879.5266689826417, 516.8781630000151], [-3895.8983594389656, 428.5074221996837], [-3903.014322159412, 382.54181039992716], [-3892.3403780787426, 363.45673800002896], [-3877.386903968389, 344.3606082000016], [-3867.41792122894, 311.1331211998256], [-3853.8992507916196, 246.08243699938524], [-3841.0855416966974, 225.58201739944639], [-3842.503758042668, 187.40081519952082], [-3845.3567780616713, 148.51193939996776], [-3862.441723522746, 113.86910519975112], [-3876.6736489636382, 106.79236919954762], [-3877.386903968389, 91.94228099964234], [-3875.255432617668, 83.46125519952736], [-3885.2161216947648, 28.30694400002831], [-3905.8590485160626, -130.78692720024986], [-3934.33948672491, -226.24546140012836], [-3936.4709580768103, -253.1149434006432], [-3936.4709580768103, -257.58213300020697], [-3936.4709580768103, -275.03071020062276], [-3963.524886276156, -308.2692546001423], [-4004.810739918751, -352.1118456002306], [-4029.0116481002724, -386.04700620003405], [-4049.65457492157, -418.57787700071174], [-4057.483792646767, -439.7970276004073], [-4094.498409924389, -451.1087478006037], [-4134.366047219834, -470.1938202005018], [-4158.566955401356, -491.41297080019746], [-4190.605374971605, -533.8402146002451], [-4181.06766269924, -611.5847940005349], [-4291.6885377250155, -769.3186050006328], [-4312.331464546312, -824.483973600261], [-4328.703155002637, -852.0611292004035], [-4389.2054254570285, -934.0849224004173], [-4440.974468934398, -981.0014706002871], [-4483.8278248547385, -1037.1951774001475], [-4545.756605317453, -1130.1436818005493], [-4580.58169560435, -1167.8273010001597], [-4613.101147619335, -1202.7686850007226], [-4641.482061874059, -1229.7929706006894], [-4696.021188742191, -1276.5989448000528], [-4736.593787380037, -1330.8244344004827], [-4843.36640284557, -1530.2667582000859], [-4850.4906592295465, -1566.3359970004724], [-4899.605730597339, -1637.7668010000466], [-4933.062366514738, -1690.1014752003791], [-4967.945512440459, -1767.1936680001163], [-4973.435917243156, -1777.7645424002974], [-4990.4545134018745, -1810.527618600546], [-5012.7893474432785, -1869.0323220006999], [-5029.874292903174, -1929.1514058000778], [-5055.51829842008, -1985.300883000207], [-5071.16014654577, -2030.2934436003775], [-5090.384857019918, -2079.1008072003447], [-5109.750559763489, -2122.622733600614], [-5118.857001566413, -2154.0699792004134], [-5122.622324498415, -2183.526892800524], [-5124.828438815023, -2213.0059212001074], [-5130.683764783627, -2253.1774554005074], [-5133.918293293243, -2272.2625278004057], [-5139.6243333312495, -2306.1866310000796], [-5146.532954481095, -2327.8701924004886], [-5150.804190846069, -2339.6463234006123], [-5158.849043805398, -2356.730006400692], [-5168.569216660127, -2376.0251694006884], [-5175.867639962938, -2397.3106644003738], [-5178.778715621946, -2406.532536000504], [-5182.610387856303, -2418.2533799999815], [-5188.614999755503, -2438.4110202006286], [-5189.958573136765, -2459.7628596003037], [-5192.6788945498765, -2479.2349410000106], [-5194.561556015878, -2499.04980180058], [-5193.848301011127, -2515.4479260005055], [-5190.547423199156, -2554.8675569999755], [-5185.579519154136, -2593.7674902004437], [-5179.84030446554, -2622.936911400337], [-5174.938749724055, -2657.0047608001196], [-5170.83338661674, -2690.154846000177], [-5163.476907672748, -2715.122455200465], [-5156.22824634641, -2750.2739298003403], [-5150.928595788429, -2775.2525963999724], [-5145.910929766937, -2810.2824395999974], [-5141.0425496772195, -2833.713070200395], [-5139.002308617091, -2854.147145400344], [-5138.853022686495, -2868.5438802004514], [-5138.355402915875, -2883.1175334002687], [-5127.56534755402, -2930.7196404002934], [-5125.7987973680265, -2942.971239600474], [-5129.290429425892, -2973.755041200377], [-5135.817542085128, -3003.2119548004875], [-5139.093538908863, -3026.498839199991], [-5140.461993278361, -3046.7559960002295], [-5140.636160197193, -3076.367713200578], [-5138.4383395441155, -3110.457677400619], [-5130.244200653012, -3148.207641000219], [-5119.744423491175, -3187.229205600537], [-5107.892779285724, -3236.434635600442], [-5097.61693102155, -3269.0760804000547], [-5095.1205385049225, -3287.475594000584], [-5094.622918734303, -3299.4728730001493], [-5096.240182988521, -3305.211663600431], [-5100.378720748783, -3314.4998796005507], [-5105.902300203247, -3323.522718000712], [-5112.844096004861, -3338.1074286006587], [-5133.437260848507, -3373.247845800405], [-5157.464002110016, -3409.339199400264], [-5164.803893728125, -3420.805723200698], [-5163.269566102147, -3429.928078200451], [-5161.768413126758, -3434.6827602002318], [-5158.202138103004, -3453.8784066006365], [-5156.410706928774, -3479.2772544004647], [-5158.807575491278, -3496.0181580004673], [-5158.94027409599, -3506.0140476002143], [-5159.413012878374, -3508.4245608000997]]]}, "properties": {"name": "", "area": 769735.2577809924}}, {"type": "Feature", "geometry": {"type": "Polygon", "coordinates": [[[-4339.003884256225, -8655.67743300008], [-4336.515785403129, -8649.474231600656], [-4328.429464128501, -8636.80245120028], [-4319.464014593821, -8622.74849580025], [-4269.892791769529, -8529.390867600567], [-4265.364451856304, -8519.859388800747], [-4265.140522958642, -8517.205612800377], [-4262.652424105545, -8514.264344400573], [-4259.7994040865415, -8509.023136800608], [-4258.248489134679, -8503.715584800651], [-4254.24264998031, -8481.589727400573], [-4250.23681082594, -8460.801815400418], [-4246.678829465716, -8447.521878000005], [-4244.937160269138, -8441.517709800552], [-4242.449061414863, -8432.926110000715], [-4236.220520618, -8420.3096166002], [-4233.773890079023, -8411.905992600203], [-4232.214681464809, -8409.915660600514], [-4228.615231789287, -8406.753244200485], [-4231.327259540046, -8400.185148600725], [-4221.54073738296, -8381.818807200583], [-4221.54073738296, -8379.165031200213], [-4221.092879588814, -8375.84781120073], [-4218.2066849192215, -8369.213371200196], [-4218.604780735717, -8365.38751080027], [-4216.423547407345, -8353.721953800654], [-4214.200845764852, -8345.5394778001], [-4210.369173530493, -8339.944433400711], [-4208.8597268927515, -8335.366669800642], [-4204.414323607766, -8326.951988400515], [-4204.190394711282, -8323.855916400476], [-4202.855114993552, -8319.875252400312], [-4199.919158346308, -8315.828244000159], [-4197.737925017935, -8310.144740400523], [-4194.179943657712, -8298.633987000358], [-4192.3968061458345, -8288.682327000342], [-4191.285455324589, -8285.143959000634], [-4188.614895887949, -8280.499851000573], [-4187.951402860849, -8277.403779000533], [-4187.279616170219, -8274.971151000389], [-4183.7216348099955, -8272.317375000019], [-4182.834212885234, -8269.221302999978], [-4180.163653449772, -8267.23097100029], [-4177.94095180728, -8263.239249599997], [-4176.605672089549, -8257.710549600599], [-4175.046463474157, -8251.076109600064], [-4173.487254858763, -8244.883965599985], [-4171.040624319786, -8240.461005600153], [-4167.482642959563, -8236.922637600443], [-4166.147363241833, -8233.384269600734], [-4165.259941317071, -8224.969588200609], [-4163.261168571062, -8213.469892200574], [-4160.142751341454, -8203.518232200557], [-4154.362068338738, -8187.142222800105], [-4150.132300287884, -8175.8636748002955], [-4145.2390392099305, -8157.939629400609], [-4139.458356206036, -8141.5746774002855], [-4136.961963690587, -8133.547004999969], [-4133.669379540967, -8125.198668000619], [-4129.663540386598, -8118.564228000085], [-4124.106786280367, -8104.63190400069], [-4122.099719872005, -8096.670576000363], [-4120.548804920143, -8086.486710599991], [-4118.98959630475, -8079.852270600242], [-4118.98959630475, -8075.871606600078], [-4119.387692121246, -8072.930338200276], [-4117.206458794052, -8057.074026600397], [-4117.206458794052, -8048.438197200045], [-4119.163763224761, -8039.5259328003895], [-4121.66015574139, -8030.082913200033], [-4121.66015574139, -8021.236993200368], [-4120.100947125997, -8009.283943800533], [-4120.548804920143, -8005.082131800142], [-4117.878245483504, -7995.351619800354], [-4114.096335226797, -7973.889206400172], [-4111.201846893673, -7967.47591440065], [-4106.532514712204, -7951.774406400224], [-4103.861955275564, -7932.523473000744], [-4099.856116122372, -7908.418341000321], [-4096.969921451602, -7900.899309000449], [-4093.859797885525, -7896.465291600487], [-4092.7484470642794, -7892.926923599992], [-4089.6383234970244, -7893.14807160022], [-4088.3030437792936, -7882.532967600307], [-4092.5245181666164, -7882.090671600638], [-4091.6370962430324, -7875.898527600558], [-4091.6370962430324, -7868.600643600127], [-4091.885906127753, -7859.9979864001625], [-4085.7651829485453, -7829.158897800398], [-4085.3090314920464, -7818.654367800207], [-4085.49149207441, -7801.592799600386], [-4083.15267915191, -7769.625856200013], [-4086.271096381517, -7650.1838214003465], [-4085.060221606147, -7614.656395200007], [-4084.1230377049123, -7603.366789800069], [-4083.890815144897, -7598.114524799973], [-4081.2534303612038, -7594.929993600471], [-4078.416997668084, -7585.553318400102], [-4076.484574224432, -7579.7039538001], [-4075.3815170667162, -7569.973441800312], [-4077.1895355668303, -7562.233261800212], [-4077.081717949175, -7550.965771200532], [-4078.5414026104445, -7535.8945350004], [-4077.430051789198, -7513.890309000172], [-4075.588858637317, -7503.441066000626], [-4075.588858637317, -7491.941370000591], [-4075.588858637317, -7431.192014400132], [-4072.030877277094, -7325.461155600419], [-4056.0158143231456, -7292.731251600558], [-4056.0158143231456, -7231.68334620054], [-4066.6980520673465, -7173.731512800561], [-4075.588858637317, -7160.0092794004795], [-4080.0425555858337, -7111.356719399964], [-4092.051779384233, -7075.961982000389], [-4120.971781724875, -7034.8284540005325], [-4155.232902937617, -6983.068764600634], [-4165.46728288885, -6952.108044600234], [-4186.815171051367, -6844.608001800273], [-4202.838527667668, -6795.070849800421], [-4206.836073158506, -6750.387896400725], [-4246.438313243349, -6655.283199000268], [-4280.691140793738, -6580.977471000095], [-4304.270024261101, -6515.506605600244], [-4314.064840081717, -6476.584557600303], [-4311.394280645078, -6465.527157600722], [-4323.403504444656, -6416.863540200077], [-4333.190026601743, -6387.672004200712], [-4332.750462471126, -6365.1149082003085], [-4351.875648991151, -6290.809180200135], [-4383.914068561401, -6245.694988200115], [-4405.709814518065, -6208.973362800747], [-4407.94080982291, -6192.608410800424], [-4431.071835497305, -6162.089986800479], [-4457.321278402485, -6120.5141628001675], [-4489.79926210335, -6052.84287480053], [-4546.303987065724, -5958.633826800325], [-4575.663553536981, -5899.808458800352], [-4603.248276158713, -5829.483394800343], [-4665.541977787335, -5632.230436200398], [-4672.657940508961, -5548.194196200437], [-4677.103343793946, -5511.925924200081], [-4692.313921451371, -5495.693661000523], [-4704.961757289813, -5460.56430120012], [-4723.84642758747, -5453.741885400532], [-4729.859333150202, -5434.612583400117], [-4737.61390791069, -5415.405879600368], [-4758.522231942591, -5342.979909600164], [-4811.021117750596, -5192.621384400616], [-4850.175500041291, -5073.212521800552], [-4892.887863693389, -4921.527108600426], [-4945.386749501393, -4725.612095400402], [-4965.35788963206, -4630.0872168005335], [-4972.07575653719, -4590.302691600728], [-5006.784735542899, -4531.046085000429], [-5036.840969693024, -4452.837094800212], [-5046.37868196539, -4428.013231800032], [-5084.63734866897, -4361.237593200647], [-5095.31958641317, -4295.3465466006], [-5092.649026976531, -4256.877852000458], [-5115.34048852031, -4158.267958800679], [-5119.34632767468, -4106.530384200253], [-5136.696670346359, -4044.188763000044], [-5162.050397663246, -3948.674941800305], [-5179.848598129071, -3868.199184600311], [-5202.987917465818, -3808.0690434000185], [-5228.789502576853, -3717.420478200567], [-5232.795341731223, -3666.5785530003936], [-5229.676924501615, -3607.3330038002246], [-5240.359162245815, -3532.861414800471]]]}, "properties": {"name": "", "area": 1235519.6791076325}}, {"type": "Feature", "geometry": {"type": "Polygon", "coordinates": [[[-5588.974986270077, -10502.91561960065], [-5574.593774897409, -10489.845772800336], [-5549.463976477006, -10463.8498254006], [-5534.361216436057, -10446.091641000496], [-5526.789102259111, -10435.244331600226], [-5518.155399237391, -10415.285724600333], [-5516.820119519661, -10409.44741740046], [-5513.967099500657, -10404.781194600142], [-5507.481455155544, -10400.36929200044], [-5503.865418155317, -10395.913159800219], [-5487.244917814272, -10357.610326200444], [-5485.5198359423985, -10338.204589200726], [-5484.002095641126, -10325.389062600241], [-5485.967693735367, -10314.187916400551], [-5488.605078520239, -10303.80501780021], [-5502.015931341083, -10277.598979800377], [-5513.593884672398, -10256.280312600304], [-5523.330644851833, -10239.185572200095], [-5527.958508720361, -10226.768112000333], [-5529.011803901603, -10210.53584879999], [-5521.94560315763, -10188.542680200677], [-5515.269204566621, -10166.449995000201], [-5502.637956054063, -10146.015919800251], [-5501.9827566893155, -10137.623353200384], [-5500.937755171604, -10128.500998200632], [-5497.744694976109, -10121.579065800666], [-5488.994880674382, -10111.892783400608], [-5487.286386128393, -10106.740035000104], [-5483.380070928146, -10095.218224200595], [-5480.377764978546, -10091.104871400452], [-5472.1587450992065, -10087.267953600398], [-5453.025264915651, -10064.677685400393], [-5439.962745934829, -10040.152372200559], [-5433.783967115619, -10025.003734200307], [-5434.157181943878, -10016.257330800234], [-5432.6311479802525, -10011.137754600117], [-5429.562492727117, -10007.65467360027], [-5429.139515922385, -10004.04996120057], [-5430.648962560127, -9997.448693400424], [-5429.0151109800245, -9993.423799800528], [-5425.98792404101, -9990.11763720039], [-5420.132598072407, -9987.34222980017], [-5416.947831540442, -9981.426520800178], [-5413.837707973188, -9953.10851940002], [-5414.277272103804, -9914.606652600276], [-5415.4798532168215, -9872.411614200584], [-5416.06040961568, -9852.209744400207], [-5408.944446895234, -9823.438389600251], [-5400.783482655897, -9797.685705000216], [-5398.7100669440015, -9791.139724200715], [-5377.793449249747, -9737.58873600031], [-5372.684552936484, -9718.039252800485], [-5366.232083243137, -9693.337021200156], [-5351.544006344567, -9671.211163800077], [-5341.75748418748, -9657.046634400327], [-5323.967577385186, -9643.335458400374], [-5301.276115841408, -9615.006399600088], [-5259.899031908219, -9564.562540800638], [-5211.845549384022, -9511.464906000032], [-5186.483528404782, -9486.2429766007], [-5160.681943293748, -9460.12539780033], [-5127.971737034046, -9431.066550600157], [-5115.614179394445, -9421.568244000724], [-5102.2613822136045, -9411.008427000672], [-5093.511567913057, -9406.198458000246], [-5079.818730555725, -9397.452054600173], [-5075.962177333131, -9395.163172800138], [-5073.880467958881, -9391.768551000538], [-5072.6198312058605, -9388.32969960042], [-5068.655460366789, -9382.049096400091], [-5054.174725038819, -9351.143663400338], [-5049.09070971497, -9345.570733800423], [-5043.973519739354, -9337.907955600444], [-5034.95001456467, -9325.457323200293], [-5015.63407379875, -9301.30796160014], [-5006.394933389935, -9290.261619000687], [-4999.8346460789335, -9284.15793420007], [-4988.298161061738, -9268.4453688003], [-4984.234266267365, -9265.20555060015], [-4979.274655885875, -9261.490264200731], [-4967.787932846331, -9249.902109000448], [-4946.887902476782, -9224.54749080035], [-4928.417915321505, -9204.533596800597], [-4924.113504304763, -9201.52598400002], [-4915.562737911284, -9193.387737599982], [-4903.561807775237, -9181.467860400535], [-4897.905529714881, -9177.199704000155], [-4891.793100198026, -9170.885928600224], [-4885.373805155268, -9163.76496300029], [-4881.790942806809, -9159.08768280063], [-4875.744862592311, -9154.454632200697], [-4856.777255666413, -9136.818079200442], [-4847.687401188195, -9128.823579000513], [-4840.579732130102, -9123.2506494006], [-4828.379754085806, -9112.48074180045], [-4817.689222678074, -9103.933371600344], [-4806.849405339746, -9093.815850600746], [-4802.229835134749, -9087.53524740042], [-4794.748951249575, -9076.909086000376], [-4789.996682438687, -9070.971262200126], [-4784.979016417194, -9065.807456400278], [-4781.205399822839, -9061.15229100009], [-4776.079916184871, -9052.903470600331], [-4762.237792896943, -9038.99326140041], [-4758.016318508441, -9033.862627800165], [-4756.258061985979, -9031.363655400031], [-4753.645558189343, -9027.626254200353], [-4745.890983428855, -9021.478339800004], [-4741.976374566257, -9016.458280200266], [-4714.234072350397, -8991.921909600302], [-4696.883729678718, -8975.755990800733], [-4670.932858637087, -8952.181614000228], [-4644.086272007163, -8927.755817399986], [-4623.692155071764, -8914.431650400627], [-4613.814402624086, -8921.795878800262], [-4593.370523711036, -8908.792376400723], [-4586.760474423561, -8901.019024200235], [-4536.160837406263, -8864.772867000138], [-4532.337458834257, -8863.656069600444], [-4519.216884213432, -8853.914500200526], [-4517.184936816835, -8852.222718000397], [-4513.154216674228, -8848.872325800528], [-4506.046547616135, -8839.362961800181], [-4494.966214055439, -8824.523931000405], [-4490.9354939128325, -8817.259219200363], [-4485.834891263101, -8813.499703200427], [-4481.115797103979, -8803.138919400342], [-4478.1383721426155, -8798.461639200681], [-4476.977259344897, -8798.395294800692], [-4477.516347429637, -8795.177591400015], [-4475.85761486012, -8791.11952560052], [-4465.43248066417, -8782.428409200305], [-4459.062947599064, -8779.741461000332], [-4450.9102770232585, -8774.08007220017], [-4446.539516704161, -8771.758018200533], [-4439.382085668416, -8767.567263600271], [-4432.448583530334, -8761.7621286], [-4428.7413162383355, -8755.061344200261], [-4425.191628540465, -8751.058565400625], [-4423.881229810971, -8751.102795000357], [-4421.899044390846, -8748.028837800575], [-4422.222497242633, -8746.458687000297], [-4409.425375472416, -8724.277542600359], [-4406.953863945203, -8724.00110760027], [-4404.581876370935, -8722.607875200489], [-4403.304652293208, -8720.197362000603], [-4393.261026587871, -8711.826910200209], [-4367.567259094491, -8689.247699400334], [-4359.4145885175085, -8680.700329200228], [-4339.003884256225, -8655.67743300008]]]}, "properties": {"name": "", "area": 311293.30223705247}}, {"type": "Feature", "geometry": {"type": "Polygon", "coordinates": [[[-6985.213126217827, -12960.654975000092], [-6935.1111089711485, -12873.500548200618], [-6887.505484241098, -12807.532099800452], [-6855.47535833438, -12756.62383020029], [-6805.647031961837, -12674.268315000327], [-6748.254885074701, -12581.751049200251], [-6726.450845455683, -12543.227067600248], [-6712.218920013612, -12436.091919000623], [-6696.195563397312, -12341.805469200299], [-6681.582129464628, -12279.961431000405], [-6625.881889797597, -12181.18567680026], [-6618.67469678538, -12169.708095600483], [-6463.7905431556455, -12041.143705800278], [-6454.4104104785865, -12032.607393000302], [-6439.896500500027, -12019.946670000054], [-6396.188897306692, -11986.719183000665], [-6330.627492516687, -11929.154358600495], [-6305.539162411583, -11908.720283400546], [-6291.497991214229, -11891.08373040029], [-6282.515954353665, -11871.589534200324], [-6271.054112302357, -11856.109174200124], [-6254.931231730754, -11838.406276800666], [-6225.986348401875, -11800.844289000119], [-6192.239434286816, -11752.578738000198], [-6176.688816451719, -11731.658137200064], [-6151.774653265447, -11703.837718800221], [-6105.487720928421, -11649.855492000277], [-6083.9988404964815, -11625.418638000692], [-6071.674457509826, -11604.730242600128], [-6066.864133058934, -11589.614776800263], [-6057.3098334618635, -11573.769522600514], [-6062.203094539817, -11568.893209200098], [-6059.092970973741, -11561.374177200225], [-6053.312287971025, -11558.278105200185], [-6051.462801155613, -11554.772909400079], [-6048.045812063634, -11545.838530200164], [-6040.863500040832, -11540.564150400596], [-6034.211982438058, -11539.215147600546], [-6029.650467874244, -11537.844030000235], [-6018.603308964137, -11529.506750400229], [-5997.694984932235, -11504.273763599982], [-5980.344642260556, -11482.57914480023], [-5950.537217996331, -11438.7586686004], [-5932.291159737538, -11407.333537800074], [-5919.834078143813, -11367.936021600077], [-5893.145071109195, -11299.778208000253], [-5854.878110742082, -11223.194655600173], [-5828.023230449806, -11172.761854200067], [-5823.295842628333, -11163.882762000016], [-5811.72618295937, -11131.57303920035], [-5801.939660802284, -11099.937817800712], [-5790.3700011345, -11062.530633600403], [-5775.217479115899, -11000.067381000345], [-5753.977408571036, -10950.386482800383], [-5748.321130510681, -10932.849446400503], [-5741.520326977311, -10921.161774600629], [-5728.507569974142, -10885.855496400516], [-5712.260284460179, -10852.661181600726], [-5688.208662210432, -10810.698348600607], [-5664.1570399595075, -10732.323497400022], [-5658.276833002668, -10686.103565400437], [-5652.620554942313, -10642.935475800374], [-5648.3990805538115, -10597.301586000565], [-5642.427643306379, -10574.280079200234], [-5627.598574139564, -10551.590294400638], [-5614.038435388124, -10532.89223100055], [-5610.472160364369, -10529.54183880068], [-5603.8704047392475, -10527.186612600655], [-5600.312423379024, -10520.154106200182], [-5601.747227050879, -10517.312354399972], [-5601.191551640256, -10514.747037600635], [-5598.6371034848025, -10513.287460800077], [-5594.8717805528, -10512.51344280046], [-5588.974986270077, -10502.91561960065]]]}, "properties": {"name": "", "area": 130868.82584043592}}, {"type": "Feature", "geometry": {"type": "Polygon", "coordinates": [[[-7896.520799620983, -16913.200006800053], [-7882.463041098923, -16893.03130920006], [-7869.782030608714, -16868.981464200286], [-7835.695076315985, -16833.69730080043], [-7818.834059752572, -16807.513377600073], [-7762.80207357258, -16772.406132600714], [-7741.3048994782885, -16764.566436000237], [-7718.870541482761, -16738.61471820023], [-7710.858863174021, -16727.988556800192], [-7687.719543837274, -16702.291159200016], [-7655.689417929377, -16668.19013760063], [-7635.809508090481, -16656.093342000688], [-7619.205595074142, -16651.36077480038], [-7596.074569399748, -16649.138237400337], [-7580.4990705775945, -16641.608148000334], [-7572.785964131226, -16632.86174460026], [-7564.484007623645, -16623.45189720029], [-7553.552959993545, -16585.204350600376], [-7544.935844297711, -16564.925079000663], [-7534.643408707653, -16543.418435999967], [-7521.091563618565, -16503.943518000637], [-7516.720803299467, -16495.031253600195], [-7511.860716872103, -16485.112765800568], [-7506.486423349413, -16469.35597080028], [-7503.741220946886, -16461.30618360049], [-7497.396568871194, -16432.18099200033], [-7495.090930600461, -16420.161598200502], [-7493.614658613309, -16412.476705200264], [-7488.057904507076, -16387.111029600037], [-7484.831669660993, -16377.811756200575], [-7483.5129772679675, -16355.464750800269], [-7482.376745458485, -16351.649947800473], [-7474.149431916793, -16323.995390400212], [-7470.4836329389145, -16291.995274800236], [-7468.070177050526, -16281.67872060067], [-7462.248025733691, -16256.777455800371], [-7456.359525114498, -16246.04072040061], [-7447.070622728032, -16211.607976800491], [-7444.80645277142, -16203.204352800494], [-7439.780493086396, -16182.803449800147], [-7433.444134673056, -16168.749494400117], [-7425.432456365495, -16131.320195400336], [-7423.433683619486, -16123.23723600016], [-7410.97660202694, -16111.273129200195], [-7401.820398245187, -16093.747150200446], [-7398.71027467911, -16073.368362000358], [-7396.039715242471, -16052.116039200275], [-7395.591857449502, -16033.064138999978], [-7398.536107759099, -16017.064081199991], [-7378.067347857812, -15955.93877400064], [-7362.939706828626, -15908.989053600382], [-7352.929255775057, -15847.653655800146], [-7345.43178456282, -15829.685380800729], [-7336.25069979283, -15813.320428800405], [-7288.645075062779, -15751.752825600599], [-7273.517434033593, -15719.863284000345], [-7268.176315161493, -15673.798155600212], [-7267.803100334412, -15647.536830600518], [-7267.28889323791, -15611.35701780041], [-7268.184608825024, -15567.304336200224], [-7268.6241729556405, -15545.808750600441], [-7281.2637151317285, -15500.108516400644], [-7292.435278983017, -15479.265317400626], [-7297.345127388034, -15458.344716600492], [-7304.751368308498, -15431.718497400463], [-7311.983442308953, -15423.414390000058], [-7315.699003263303, -15417.929919600392], [-7342.023089133193, -15350.778329400542], [-7356.545292775283, -15328.044315000428], [-7373.165793116327, -15296.6191842001], [-7376.815004768322, -15289.719366600393], [-7399.829919162709, -15245.368135200646], [-7418.963399346265, -15196.052131200235], [-7421.8081257017375, -15187.39418700041], [-7429.37194621633, -15164.339508000478], [-7455.546746155624, -15087.413176200322], [-7478.495311247654, -15020.32793040046], [-7488.854096140069, -14952.347035200348], [-7496.8574807852765, -14881.491216000422], [-7485.735678910461, -14823.484095600583], [-7480.842417832506, -14814.184822200334], [-7470.608037881275, -14772.111415200492], [-7464.827354878558, -14694.167802600234], [-7459.975562114724, -14667.508411200602], [-7455.480396852088, -14642.795122200143], [-7463.807234349083, -14603.430778200534], [-7468.484860192905, -14594.971867200678], [-7471.752563354289, -14588.105221800572], [-7483.935954073878, -14562.463111200259], [-7498.665499286569, -14526.847225800455], [-7496.218868746413, -14523.629522400566], [-7494.361088269828, -14516.81816400032], [-7494.070810069808, -14508.149162400367], [-7501.311177733794, -14482.341190800471], [-7505.3253105505155, -14473.484213400676], [-7509.919999766098, -14462.67007620001], [-7515.402110907619, -14457.605787000539], [-7516.181715214728, -14450.661739800315], [-7518.246837263093, -14444.624399400473], [-7519.474299364347, -14438.332738800016], [-7519.217195816095, -14429.011350600294], [-7519.930450820846, -14424.897997800152], [-7521.415016469172, -14422.841321400472], [-7522.61759758219, -14416.129479600604], [-7521.398429144468, -14411.10942000008], [-7519.034735233731, -14409.20754720064], [-7517.259891384206, -14407.349904000144], [-7516.389056785328, -14397.862654800056], [-7523.861647009328, -14381.984228400703], [-7525.495498589431, -14359.53770640002], [-7521.94581089156, -14344.488585000146], [-7509.488729299013, -14327.802968400005], [-7501.236534767905, -14319.587320200633], [-7492.569657095597, -14310.96254820041], [-7477.43372240288, -14297.240314800329], [-7475.658878554534, -14279.71433580058], [-7478.321144327642, -14234.832349200131], [-7487.8090946223565, -14199.260693400058], [-7498.92260283482, -14171.362873200098], [-7502.646457451524, -14166.00003420028], [-7536.459720870119, -14117.336416800423], [-7550.69164631219, -14094.13799160038], [-7560.03860433866, -14092.811103600588], [-7566.267145135523, -14083.51183020034], [-7566.267145135523, -14075.108206200342], [-7570.936477316992, -14039.901444600608], [-7572.0312408123555, -14018.206825800069], [-7571.110644237004, -14010.11280900055], [-7568.29909253212, -13992.89643720049], [-7564.12738012127, -13953.023452800437], [-7564.143967447154, -13949.49614220007], [-7562.899918020016, -13942.629496799966], [-7560.519636783395, -13938.272881200122], [-7554.589667850083, -13925.86647840049], [-7552.806530338206, -13918.336389000488], [-7548.949977114433, -13909.612100400673], [-7543.899136442352, -13902.822856800687], [-7540.341155082128, -13899.350833200182], [-7537.446666749004, -13893.965879400106], [-7538.118453439636, -13885.661772000487], [-7536.451427207766, -13879.834522200743], [-7534.087733297029, -13875.113012400565], [-7532.453881716928, -13871.862136800288], [-7522.219501765696, -13869.639599400241], [-7479.507138114775, -13807.65181500024], [-7471.943317600184, -13793.044989600034], [-7438.13005418041, -13750.982640000322], [-7401.206667194559, -13710.247178400403], [-7372.726228985713, -13669.058363400685], [-7338.025543642354, -13617.25444440027], [-7304.660138016727, -13560.585269400353], [-7269.959452673371, -13501.69355700039], [-7249.0428349791155, -13446.79356600072], [-7241.479014464523, -13406.94269640014], [-7241.479014464523, -13377.717988200386], [-7231.692492307437, -13336.097934600342], [-7207.6657510447485, -13290.497217000137], [-7192.5464036790945, -13256.84954880055], [-7171.190221853046, -13198.853485800055], [-7148.938324439881, -13168.301889600509], [-7119.578757968625, -13112.959602600384], [-7074.195834881067, -13062.482571600547], [-7022.14480686603, -13009.351764600338], [-6985.213126217827, -12960.654975000092]]]}, "properties": {"name": "", "area": 77275.48249939829}}, {"type": "Feature", "geometry": {"type": "Polygon", "coordinates": [[[-7826.4061739295175, -16950.784109400072], [-7835.487734745384, -16962.737158800694], [-7843.632111658836, -16973.4517794002], [-7851.57744066404, -16988.24658060024], [-7857.424472970291, -16999.13811960024], [-7861.430312124661, -17015.97853980062], [-7861.737177649386, -17017.371772200404], [-7863.337854578899, -17024.581197000585], [-7865.378095639028, -17033.78095380046], [-7868.994132639254, -17050.090618800135], [-7881.011650101185, -17107.23526200011], [-7887.240190898048, -17148.87743040041], [-7892.597897096032, -17180.45736480019], [-7885.888323854434, -17188.772529600723], [-7868.347226936859, -17193.903163200182], [-7866.373335180267, -17194.931501400417], [-7866.257223900259, -17197.828540200488], [-7868.579449496875, -17199.664068600723], [-7891.577776565379, -17195.70551940003], [-7893.46873169491, -17195.384854800213], [-7895.567028393865, -17202.981288600204], [-7906.813235212219, -17243.672520600394], [-7908.14851492995, -17263.60901280003], [-7904.698351186203, -17268.662244600153], [-7901.787275528375, -17275.15293840058], [-7905.834582995685, -17282.130157800406], [-7909.616493253572, -17292.634687800597], [-7916.442177775177, -17298.296076599974], [-7920.796350768392, -17303.03970120041], [-7921.957463567289, -17308.988582400005], [-7921.028573328407, -17316.39704040016], [-7923.2512749709, -17323.838670600697], [-7927.447868369985, -17331.634137600657], [-7933.717877480969, -17337.39504300041], [-7940.759197236706, -17342.45933220067], [-7968.990825560833, -17377.057936800367], [-8009.588305186914, -17429.73539039999], [-8061.63933320195, -17485.110849600504], [-8100.793715492646, -17517.896040600226], [-8178.206764486922, -17563.529930400033], [-8239.156892734281, -17602.960618800418], [-8297.884319340326, -17641.93795380022], [-8357.059603738162, -17687.571843600028], [-8452.270853198264, -17734.090325400746], [-8489.194240184113, -17748.708208200296], [-8535.025021065818, -17778.83962320043], [-8562.601450025199, -17793.899802000433], [-8578.6248066415, -17790.361434000726], [-8588.792837289197, -17807.5778058], [-8591.969310158807, -17812.95170220073], [-8606.20952926441, -17836.87991580066], [-8618.666610856957, -17856.81640800029], [-8640.91021460659, -17870.99199480017], [-8699.637641212636, -17890.04389500047], [-8743.237426788315, -17905.10407380047], [-8786.837212363997, -17915.298996600188], [-8858.02172056259, -17933.01295140056], [-8945.221291713951, -17960.479533000198], [-8997.28061339134, -17971.559047800038], [-9057.78288384573, -17966.682734400405], [-9112.952329090374, -17978.64684120037], [-9188.159263768042, -18005.5163232001], [-9188.590534236306, -18005.671126800335], [-9328.280697534497, -18031.57861500061], [-9402.59191662505, -18040.490879400262], [-9479.557107826357, -18053.52755400019], [-9528.498012274138, -18052.642962000067], [-9588.112860803767, -18066.818548800733], [-9606.334038074325, -18069.04108619999], [-9624.75426325195, -18071.285738400296], [-9628.154665019225, -18071.694862200362], [-9671.314886464292, -18070.79921280011], [-9693.558490213924, -17996.814149400543], [-9631.273082248832, -17989.28406000054], [-9586.4458345719, -17971.061464800507], [-9552.37546760505, -17958.179593800032], [-9542.373310213834, -17952.872041800078], [-9495.572170779127, -17935.677784800275], [-9424.694528106438, -17897.89464900029], [-9407.485177703004, -17888.717007000676], [-9358.096415461076, -17859.91248000033], [-9314.94448767954, -17839.091395800573], [-9301.027721425724, -17830.57719780007], [-9264.801002118742, -17817.463121400026], [-9231.875160623731, -17809.59025260073], [-9223.589791442033, -17809.689769200322], [-9205.211034577349, -17809.92197460068], [-9181.175999653487, -17810.906083200396], [-9173.595591813011, -17808.285479400412], [-9173.272138961223, -17799.428502000617], [-9173.015035414151, -17789.91913800027], [-9171.298247204631, -17777.136783600174], [-9159.770055849787, -17770.579745400544], [-9148.250158158477, -17773.200349200528], [-9138.372405709619, -17780.089109400105], [-9132.533667066898, -17793.01521000031], [-9127.499413720701, -17806.637926800013], [-9116.311262542351, -17805.985540200247], [-9054.407363067872, -17793.20318580015], [-9035.970550563185, -17782.70971320009], [-8952.337254435575, -17757.786333600317], [-8902.28499916537, -17723.364647400325], [-8857.507513466086, -17678.770153200094], [-8821.289087821457, -17655.49432620072], [-8728.764985123877, -17601.722190000088], [-8679.707969396088, -17579.751136200248], [-8619.122762313456, -17553.52298340016], [-8602.20369011004, -17554.66189560011], [-8594.43252802367, -17546.313558599973], [-8568.747054192643, -17526.974166000247], [-8535.82121269881, -17491.236649200593], [-8503.227117717937, -17462.708557200338], [-8462.72916204598, -17424.68215860065], [-8393.253148394555, -17359.100719200294], [-8337.602670703998, -17314.849004400137], [-8285.58481734073, -17285.98919040072], [-8236.196055098802, -17265.013302600724], [-8143.506079143564, -17205.66823680018], [-8112.802939292224, -17185.200989400626], [-8067.677119752917, -17130.17936700032], [-8052.70705831786, -17111.93465700003], [-8001.137062747559, -17056.282762800216], [-7954.866717735239, -16999.580415600696], [-7929.944260886614, -16967.690874000444], [-7925.996477372248, -16960.901630400454], [-7912.1543540843195, -16937.12822039998], [-7896.520799620983, -16913.200006800053]]]}, "properties": {"name": "", "area": 455592.6633068472}}, {"type": "Feature", "geometry": {"type": "Polygon", "coordinates": [[[-6835.2802893072285, -13068.2434770003], [-6874.882529392072, -13112.517306600714], [-6909.168531593049, -13163.790470400427], [-6958.1011423773, -13224.948949800166], [-6997.404810599771, -13278.37830660072], [-7046.868215807585, -13351.235515200466], [-7113.142875601161, -13431.468009599974], [-7174.267170768533, -13511.700504000268], [-7246.372275542476, -13601.320731000273], [-7276.627557600848, -13639.402416600606], [-7298.431597219865, -13690.321743600112], [-7317.565077403421, -13738.57623720069], [-7322.897902613168, -13773.119554800529], [-7324.233182330899, -13848.829572600613], [-7327.351599560507, -13897.095123600533], [-7338.025543642354, -13946.687562600247], [-7354.0406065963025, -13990.087857600667], [-7373.621944572827, -14044.987848600336], [-7385.183310578258, -14104.775210400552], [-7400.310951607445, -14192.4493350006], [-7402.541946913469, -14251.341047400561], [-7401.646231326354, -14299.606598400484], [-7398.0882499649515, -14350.536982800118], [-7392.307566962237, -14412.967063200575], [-7391.411851375121, -14494.006747800087], [-7387.853870014898, -14586.999481800221], [-7386.966448090136, -14706.120852000067], [-7377.619490063666, -14757.05123640049], [-7376.7320681400815, -14855.362579800707], [-7374.061508703443, -14926.218399000634], [-7364.274986546357, -14970.50328600039], [-7349.14734551717, -15008.596029000068], [-7341.583525002577, -15037.378441200153], [-7330.909580920729, -15110.014501800455], [-7327.335012234623, -15139.10652120023], [-7322.897902613168, -15165.36784620071], [-7323.992666108532, -15193.254609000542], [-7324.440523902678, -15202.332734400563], [-7320.658613644791, -15212.848321800098], [-7318.892063458799, -15220.278894600508], [-7316.321027977462, -15226.581612600308], [-7313.318722026684, -15234.321792600409], [-7309.3128828734925, -15242.183604000358], [-7305.530972615606, -15244.848437400073], [-7302.636484282483, -15251.372303400101], [-7300.529893919998, -15258.791818800382], [-7293.40563753602, -15268.986741600098], [-7283.179551248319, -15277.401423000223], [-7280.616809429334, -15284.478159000428], [-7273.052988914741, -15291.344804400533], [-7264.601746475387, -15303.530059200722], [-7248.13882572847, -15322.349754000663], [-7246.695728393083, -15329.548121400716], [-7243.909057677615, -15333.971081400548], [-7239.571472010286, -15335.18739540062], [-7233.898606624045, -15339.510838800075], [-7215.553024411129, -15361.87995900064], [-7206.985670691765, -15370.626362400713], [-7199.869707971319, -15390.883519200166], [-7192.985967809709, -15425.338377600543], [-7183.647303446771, -15494.425012800222], [-7179.193606498254, -15575.47575480065], [-7186.757427012846, -15620.213995200205], [-7198.32708668181, -15651.218944800336], [-7204.555627478673, -15687.089150399968], [-7216.564851278252, -15735.365758800017], [-7227.686653153067, -15809.771003400567], [-7237.921033103121, -15854.951539800577], [-7258.389793004407, -15931.579321800387], [-7279.745974830455, -15980.740522200562], [-7293.977900272526, -16031.228610600527], [-7299.319019144627, -16070.659299000126], [-7307.770261583982, -16122.916571400341], [-7321.123058763644, -16137.976750200343], [-7336.690263924624, -16171.646533200188], [-7342.479240589692, -16211.066164200445], [-7340.696103077816, -16234.541024400574], [-7337.138121717593, -16251.370387200039], [-7344.254084439217, -16291.674610200418], [-7352.705326877394, -16348.376957400722], [-7364.274986546357, -16398.422749800233], [-7375.84464621532, -16466.20461180038], [-7391.859709169267, -16512.269740200514], [-7410.288228010425, -16578.54779580037], [-7428.600635571575, -16608.701325599977], [-7441.853908798292, -16637.8818042], [-7461.551358054823, -16671.92753880031], [-7475.476417970992, -16700.134966200745], [-7498.5825626571495, -16729.09429680054], [-7502.198599658555, -16738.96855500044], [-7515.252824975845, -16750.468251000475], [-7516.56322370534, -16752.92299380009], [-7533.075906429907, -16769.011510800327], [-7534.908805918258, -16775.690180400594], [-7538.060397799632, -16781.69434860005], [-7542.638499690508, -16783.673623200393], [-7551.819584459321, -16785.254831400016], [-7561.9876151070175, -16787.67640200003], [-7575.589222172578, -16794.554104800263], [-7584.057051937817, -16796.20165740066], [-7591.728690068887, -16795.08486000018], [-7601.1502910612435, -16795.27283580002], [-7610.945106880683, -16798.977064800096], [-7633.205297957377, -16809.1719876006], [-7641.847294641449, -16815.419418600537], [-7671.140511809172, -16835.610231000002], [-7685.1650956806425, -16836.461650800524], [-7688.366449538489, -16837.19143920041], [-7696.054674995443, -16838.9385084004], [-7705.185997787782, -16844.434036200193], [-7711.397951258761, -16849.785817800668], [-7716.291212337893, -16855.104427199967], [-7740.334540925286, -16868.36224980012], [-7770.581529320127, -16888.962186000437], [-7786.405838029358, -16904.5310052001], [-7792.982712665064, -16908.445324800272], [-7796.043074254669, -16909.838557200055], [-7800.88657335615, -16915.02447780016], [-7802.8355841245075, -16921.393540200737], [-7810.930199061488, -16930.427436000242], [-7816.188381305346, -16941.893959800676], [-7826.4061739295175, -16950.784109400072]]]}, "properties": {"name": "", "area": 85619.9406382665}}, {"type": "Feature", "geometry": {"type": "Polygon", "coordinates": [[[-5534.991534812568, -10541.141051400307], [-5550.119175841753, -10572.566182200633], [-5559.905697998839, -10600.452945000467], [-5564.359394946177, -10634.974147800047], [-5567.4695185134315, -10673.033718600122], [-5569.692220155925, -10707.997217400158], [-5571.5997626101625, -10746.852921000109], [-5572.445716219626, -10780.489531800353], [-5575.647070078652, -10821.11441940055], [-5580.291521271885, -10838.57405400031], [-5581.601920001379, -10844.87677200011], [-5581.261879824888, -10867.400695800126], [-5584.330535076844, -10896.216280200599], [-5589.713122263064, -10925.319357000502], [-5598.612222496567, -10963.378927800577], [-5615.523001036451, -11019.594749400696], [-5642.170539758127, -11095.194193200274], [-5651.558966098717, -11121.842527200562], [-5674.689991773112, -11192.654116799971], [-5689.817632802298, -11236.474593000587], [-5699.164590828768, -11266.130539800666], [-5728.084593168231, -11322.3463614], [-5748.105495276549, -11364.839949600037], [-5779.248199258505, -11424.59413920065], [-5819.290003473963, -11503.389171600644], [-5860.66708740833, -11562.258769200349], [-5896.255194675271, -11611.84015080072], [-5910.495413780874, -11623.339846799969], [-5922.065073448657, -11624.224438800093], [-5928.733178376136, -11619.35918280059], [-5934.074297248236, -11610.314229600172], [-5935.028068475354, -11608.180151400375], [-5935.409576967145, -11607.40613339997], [-5938.519700533221, -11601.656285400346], [-5932.739017530505, -11591.472419999973], [-5898.477896317764, -11553.844087800224], [-5861.554509331913, -11502.062283600066], [-5837.088203939788, -11459.12639940036], [-5810.01768841338, -11400.533236800744], [-5797.776242054965, -11378.639584800236], [-5776.337123600676, -11340.358866000719], [-5758.538923134851, -11310.70291920064], [-5742.1423516902905, -11280.416700600266], [-5724.2031589574, -11236.474593000587], [-5717.27795048167, -11213.674234200484], [-5711.455799164834, -11195.94922199998], [-5704.646701969112, -11182.94571960044], [-5699.114828851118, -11171.468138400664], [-5689.892275767007, -11153.964274200387], [-5687.511994531565, -11127.459686400207], [-5683.348575783068, -11110.984160400163], [-5677.211265277976, -11088.670327200247], [-5666.802718406732, -11072.626039800527], [-5666.081169739628, -11063.382053400139], [-5661.760171397004, -11043.622479600215], [-5657.522109683798, -11025.444114000698], [-5647.901460783192, -11011.036321800462], [-5636.497674371888, -10989.253243800462], [-5627.208771985422, -10964.385151200551], [-5622.854598992208, -10943.464550400417], [-5618.989752106081, -10926.358752600077], [-5618.467251347225, -10909.827939600173], [-5616.045501796485, -10888.22178000067], [-5611.4673999056085, -10867.334351400135], [-5610.223350478471, -10836.860157000709], [-5608.8051341325, -10817.974117799993], [-5608.415331978357, -10777.393459800312], [-5610.2565251302385, -10751.0547330005], [-5610.812200540861, -10743.602045400617], [-5615.962565168245, -10741.080958200226], [-5621.751541833313, -10743.414069599992], [-5628.419646760792, -10768.193703000441], [-5641.324586147485, -10816.437139200103], [-5653.78166774121, -10869.103535400383], [-5665.351327408994, -10909.385643600504], [-5681.814248157089, -10931.953797000251], [-5704.057851906722, -10962.052039799999], [-5720.072914860671, -11007.199404000408], [-5741.42909668554, -11062.088337600733], [-5766.791117665958, -11136.891648600436], [-5781.470900900998, -11168.759075400432], [-5796.150684137216, -11213.021847600716], [-5812.613604884132, -11257.72691580067], [-5830.851369480573, -11314.827329400126], [-5857.100812384576, -11361.743877599996], [-5870.453609565415, -11401.141393799993], [-5897.59047439418, -11486.570866200524], [-5932.291159737538, -11549.421127800391], [-5960.771597946385, -11590.14553200018], [-5964.387634946612, -11597.64244920058], [-5966.104423156133, -11601.213989400676], [-5960.08322392987, -11611.231993800682], [-5955.048970583673, -11617.833261600044], [-5953.274126734148, -11620.851931799965], [-5945.453202672482, -11634.408304200466], [-5946.788482390212, -11638.134648000014], [-5959.21238933217, -11646.35029620017], [-5970.690818709361, -11652.46503840013], [-5979.324521731081, -11662.825822200215], [-5988.372907894001, -11673.341409600534], [-5999.917686574728, -11682.519051600148], [-6009.704208731813, -11694.615847200092], [-6023.355577775025, -11702.23439580034], [-6048.858591022508, -11714.530224600252], [-6072.8853322851965, -11742.85928340054], [-6112.139238530016, -11788.802780400038], [-6135.203914902054, -11814.920359200407], [-6205.915684317085, -11914.17158160061], [-6226.376150556018, -11934.98160840024], [-6254.408730971899, -11943.827528400689], [-6263.448823473645, -11951.88837300061], [-6269.088514208116, -11961.099187200609], [-6271.593200387097, -11971.537372800025], [-6278.128606708684, -11980.748187000027], [-6295.462362054479, -11996.85881880052], [-6338.489884893653, -12029.710354200231], [-6385.573008864847, -12069.904003200105], [-6426.137313839161, -12104.524722600063], [-6459.063155334172, -12139.930517400553], [-6493.7638406775295, -12178.454499000556], [-6520.908999168647, -12212.091109800012], [-6542.70474512531, -12257.24953140055], [-6561.39036751472, -12302.396895600174], [-6582.3069852101535, -12345.34383720001], [-6609.883414169532, -12390.059962800091], [-6622.340495763258, -12416.61983760013], [-6629.464752146057, -12446.27578440021], [-6639.69913209729, -12502.944959400127], [-6648.589938667261, -12555.180117000082], [-6644.592393175243, -12581.308753200581], [-6645.031957307037, -12629.563246800373], [-6648.589938667261, -12717.657552600616], [-6648.150374536644, -12756.18153420062], [-6652.1562136898365, -12804.878323800081], [-6660.159598336223, -12847.382969400247], [-6667.283854719022, -12865.085866800493], [-6703.319819781289, -12919.101265800038], [-6739.355784842377, -12962.04820740066], [-6783.842992342819, -13014.283365000614], [-6835.2802893072285, -13068.2434770003]]]}, "properties": {"name": "", "area": 84087.08591364697}}, {"type": "Feature", "geometry": {"type": "Polygon", "coordinates": [[[-4336.217213539579, -8949.472550999997], [-4341.550038749327, -8953.132550400342], [-4343.424406552975, -8954.271462600294], [-4368.2722204357115, -8978.664087000148], [-4364.954755297856, -8981.948134800028], [-4409.433669135947, -9026.47628460027], [-4437.2174396659275, -9054.119784600403], [-4446.5643976923975, -9063.419058000653], [-4456.384094500072, -9072.065944800348], [-4458.150644686065, -9073.613980800368], [-4470.815067850391, -9084.759840000197], [-4474.447692176502, -9087.955428600615], [-4484.624016487731, -9095.850412200167], [-4533.299523724907, -9133.655662800413], [-4553.594116706182, -9150.064844400467], [-4561.390159780791, -9154.79741159999], [-4596.099138786501, -9164.538981000693], [-4640.4619413445835, -9172.632997800214], [-4694.428805476209, -9176.480973000398], [-4716.506535969362, -9178.051123800677], [-4715.967447884622, -9181.313056800298], [-4731.949336186803, -9183.225987000653], [-4741.40411182975, -9186.698010600372], [-4749.730949326745, -9190.767133799998], [-4777.614243810849, -9208.337342400264], [-4818.5517636146005, -9237.108697200221], [-4858.59356782888, -9268.522770600417], [-4911.092453638063, -9314.101373400366], [-4955.131803344359, -9378.267465600682], [-4976.048421039792, -9420.749996400591], [-5021.870908257965, -9526.945266000232], [-5030.3221506973205, -9558.812692800228], [-5030.770008490289, -9583.592326200676], [-5029.277149178431, -9590.237823600553], [-5024.6078169969605, -9595.766523600738], [-5021.26547087087, -9597.535707600198], [-5017.043996482368, -9597.09341160053], [-5014.182682801013, -9596.474197200365], [-5001.916355453182, -9616.34434500001], [-5005.250407916921, -9618.334677000485], [-5003.251635170913, -9622.094193000421], [-4998.60718397768, -9631.205490600045], [-4997.02309437405, -9635.816426400503], [-4995.911743552803, -9641.566274400127], [-4996.127378786935, -9644.883494400394], [-4991.905904399612, -9643.777754400044], [-4987.045817972247, -9643.82198400056], [-4985.088513540359, -9645.226273800472], [-4986.116927733366, -9647.09497440031], [-4989.898837991251, -9648.421862400104], [-4992.569397426712, -9649.748750400682], [-4993.241184117343, -9653.508266400619], [-4992.569397426712, -9658.826875800703], [-4993.680748247958, -9663.249835800536], [-4998.358374092959, -9676.308625200722], [-5007.697038455898, -9690.904393200011], [-5013.262086224482, -9697.771038600116], [-5014.373437045729, -9703.520886600527], [-5016.372209791737, -9713.472546600544], [-5021.713328663837, -9725.204448000151], [-5027.9418694607, -9732.94462800025], [-5035.945254105909, -9738.705533400005], [-5044.844354338233, -9745.118825400312], [-5056.861871801342, -9762.60057480033], [-5065.760972033665, -9774.100270800365], [-5077.994124729728, -9792.908908200176], [-5092.449979068283, -9810.390657600194], [-5107.138055966854, -9826.54551900042], [-5118.259857841669, -9845.133008400002], [-5128.933801923517, -9868.36460580043], [-5135.386271616864, -9880.538803200492], [-5148.954704030657, -9898.230643200608], [-5164.53020285399, -9918.808464600666], [-5178.0986352689615, -9935.626770000003], [-5193.002347400485, -9957.310331400411], [-5201.677518736325, -9971.253712800719], [-5215.022022253633, -9994.485310200362], [-5235.266853258436, -10028.121921000606], [-5252.841124826598, -10052.68040640004], [-5265.298206420323, -10074.37502520058], [-5284.431686603879, -10110.654354600278], [-5295.1056306845485, -10120.83822000065], [-5307.106560821774, -10129.485106800346], [-5310.457200611398, -10131.90667740036], [-5320.467651664967, -10142.079485400605], [-5328.255401076044, -10152.26335080019], [-5334.260012976423, -10165.974526800144], [-5336.482714618915, -10176.379540200744], [-5339.153274054376, -10192.755549600412], [-5348.0523742867, -10212.006483000676], [-5362.956086419402, -10233.46889640007], [-5380.978215781712, -10270.865023200251], [-5398.3285584533905, -10299.194082000537], [-5413.895763613191, -10319.550755400367], [-5423.906214666761, -10342.782352800012], [-5437.922504874701, -10375.755519600358], [-5449.400934253071, -10396.720350000223], [-5470.781997067355, -10443.028741200058], [-5501.037279125728, -10484.184384000173], [-5520.610323438721, -10511.186554800668], [-5534.991534812568, -10541.141051400307]]]}, "properties": {"name": "", "area": 192243.4325492382}}, {"type": "Feature", "geometry": {"type": "Polygon", "coordinates": [[[1279.9858678510343, 9.675224999928346], [1325.1448620409296, -22.136914800206895], [1361.6286848961643, -51.527484000327746], [1388.7655497249289, -73.8413172002451], [1424.3619506554012, -107.65484640019851], [1462.1810532283662, -148.5340542002262], [1501.9989285473398, -196.92123659999714], [1521.3480439638486, -223.8791777999744], [1552.0511838163673, -269.402493600062], [1569.6254553845304, -304.100614800139], [1603.2147899066415, -367.51480380031137], [1621.0129903724667, -407.50941960021544], [1625.6823225539363, -418.5557622004533], [1626.5697444786988, -430.2766062007166], [1629.0163750176753, -441.1018008007272], [1632.7982852743828, -453.032735400303], [1639.6986127618761, -472.92499800020596], [1643.2565941220994, -478.22149260003295], [1645.9271535587386, -483.52904459998916], [1647.9259263035685, -490.81587120029076], [1655.0418890251933, -510.92928180042105], [1666.8354775906405, -547.3855296006162], [1671.50480977211, -566.6143482006228], [1679.292559183187, -607.7147040000922], [1686.1928866706803, -662.7473838005269], [1689.3030102379355, -693.0225449999857], [1689.7508680309036, -719.5381902002939], [1689.9747969273876, -785.1638592003826], [1687.7438016225422, -838.2062070003426], [1681.5152608256797, -875.5581042000049], [1679.5164880808497, -892.1220894002971], [1673.064018387503, -940.7414772004246], [1667.4989706177403, -961.2971838002239], [1660.15907900081, -991.1300490000137], [1632.7982852743828, -1075.5532980005692], [1600.0963726770337, -1148.6979990005304], [1578.3006267203698, -1191.1363002007072], [1571.848157027023, -1199.971162800243], [1568.2901756667998, -1201.7403468004904], [1564.9561232030608, -1200.8557548003669], [1560.950284048691, -1195.769350800638], [1556.7205159978369, -1190.6940042002525], [1552.2751127128515, -1189.809412200129], [1549.1566954832442, -1191.3574482001488], [1548.93276658676, -1195.769350800638], [1551.8272549198834, -1199.5288668005742], [1558.0557957155675, -1207.0478988004465], [1561.1742129463537, -1212.565541400501], [1561.6137770769692, -1219.6422774007044], [1556.9444448943211, -1233.3423960005275], [1535.3643341717884, -1264.9444452005646], [1478.8596092094142, -1337.2156116005315], [1416.7981301408083, -1405.9484100000036], [1356.959352714695, -1458.3273138000673], [1280.4337256440024, -1517.1195096004383], [1251.7376522010234, -1534.8002922004248], [1193.010225594978, -1567.0657854003582], [1121.1539307069336, -1599.7735746007463], [1116.4845985254642, -1601.3216105999807], [1114.2618968829715, -1599.994722600188], [1109.3686358038392, -1588.7272320005086], [1109.3686358038392, -1585.6311600004688], [1110.9278444192323, -1583.4196800005523], [1154.5276299949132, -1562.200529400071], [1174.1006743090848, -1549.606150800599], [1178.7700064905541, -1546.2889308003316], [1184.3350542591388, -1544.0774508004154], [1194.345505313887, -1539.8756388000245], [1227.047417911236, -1521.3102642006997], [1242.3906941745533, -1512.0331056007094], [1245.061253610014, -1509.3793296003385], [1244.6216894793986, -1505.1775176007332], [1244.8456183758829, -1502.302593600135], [1246.8443911218912, -1501.871355000595], [1252.4011452281231, -1501.6502070003678], [1256.6309132789772, -1499.8810230001204], [1261.9720321510774, -1496.3426550004115], [1273.317762923556, -1491.6985470003517], [1282.8803561829793, -1485.9486990007265], [1311.3525007306528, -1464.077161800478], [1328.4872081682001, -1449.7025418006294], [1348.723745509471, -1432.0328165999863], [1351.6182338425945, -1425.3983766002375], [1354.7366510722022, -1421.1965646006322], [1362.5161068209268, -1417.6581966001377], [1369.6403632049041, -1412.582850000538], [1376.9802548218345, -1406.1695580002308], [1395.2180194182754, -1393.3540314005313], [1401.670489111622, -1386.4984434005553], [1421.027898191662, -1367.2696248005486], [1465.2911767956211, -1322.4097530003573], [1483.5372350544149, -1298.7579744005182], [1488.8700602629838, -1291.0288518005475], [1489.7657758512776, -1285.2790038001367], [1486.423429724007, -1283.2886718004477], [1479.3074670035608, -1283.7309678001168], [1471.295788694821, -1290.144259800424], [1462.1810532283662, -1301.4117504001033], [1454.3933038172893, -1317.102201000401], [1451.05925135355, -1323.5154930007084], [1445.7181324814499, -1327.7173050003134], [1438.6021697598248, -1329.4754316004316], [1429.2552117345333, -1330.138875600328], [1421.027898191662, -1328.1596009999826], [1416.3502723466613, -1324.6212330002736], [1414.7993573947995, -1319.3136810003175], [1409.6821674203618, -1310.699966400223], [1400.7830671868599, -1301.1906024006616], [1392.7713888792987, -1294.1249238005873], [1388.5499144907974, -1287.9327798005077], [1381.6495870044826, -1273.1269212003335], [1373.861837592227, -1255.2249906001196], [1367.857225693027, -1245.7156266005582], [1358.9581254607035, -1238.2076520000292], [1345.389693045732, -1231.352064000053], [1338.9372233523852, -1226.2767174004532], [1331.3734028377924, -1218.5365374003534], [1321.8108095771906, -1213.4501334006245], [1315.358339883844, -1209.701674800032], [1311.136865496521, -1208.817082800694], [1305.347888830274, -1209.4805268005903], [1297.5601394191972, -1208.817082800694], [1293.1147361342119, -1203.9518268004067], [1289.1088969798418, -1196.4327948005343], [1288.6610391868737, -1190.0305602003564], [1291.3315986223347, -1184.0595642005037], [1300.006769958174, -1174.3401096000584], [1315.8061976779907, -1160.6399910002353], [1326.9279995528068, -1148.6979990005304], [1331.1494739413083, -1142.5169124005797], [1331.3734028377924, -1137.2093604006236], [1328.7028434023314, -1133.0075484002327], [1322.0347384748534, -1125.278425800262], [1319.14025014173, -1119.9708738003058], [1319.14025014173, -1114.2210258006808], [1321.8108095771906, -1109.1456792002953], [1325.1448620409296, -1105.386163200359], [1328.2632792705372, -1099.4151672005066], [1330.262052016546, -1091.4648966003087], [1333.3804692461536, -1086.5996406000215], [1337.1623795040393, -1082.3978286004162], [1344.0544133280014, -1078.2070740001545], [1347.836323584709, -1074.226409999991], [1353.4013713544716, -1068.0342660006968], [1359.4059832536716, -1058.0936634000243], [1365.4105951540503, -1049.4688914005865], [1375.4210462076198, -1038.4225488003485], [1383.6566534128438, -1031.5780182005017], [1394.5545263911758, -1023.3955422007328], [1413.6797129112006, -1008.1473876001041], [1425.9211592707943, -995.1107130001773], [1435.0358947372492, -983.1797784006014], [1444.8307105566876, -968.8162158000964], [1449.500042738157, -961.5183318004513], [1455.2807257408726, -956.4319278007224], [1469.0730870523284, -948.0393612000697], [1479.3074670035608, -937.8776106007413], [1484.8725147721452, -929.0316906002904], [1503.3342082650704, -913.7835360004474], [1509.562749061933, -910.4663160001801], [1514.0081523469182, -907.5913920003675], [1515.1195031681648, -903.8429334005605], [1514.2320812434025, -897.871937400708], [1514.679939037549, -891.6797934006281], [1517.7900626036255, -886.3832988000155], [1525.3538831182184, -876.4316387999994], [1533.5894903234423, -870.2505522000488], [1537.8109647119436, -865.6064441999888], [1539.818031120305, -860.0888016007202], [1539.3701733261582, -853.2332136007441], [1536.6996138906973, -846.8199216004368], [1530.247144197351, -841.9657230002789], [1528.4723003478261, -837.7639110006736], [1528.024442554858, -832.677507000159], [1528.024442554858, -826.2752723999811], [1523.35511037221, -801.2966058003493], [1523.7946745040042, -783.1845846000372], [1524.6903900911188, -767.9364300001942], [1524.242532296972, -761.7442860001142], [1523.1311814757257, -759.090510000529], [1519.5732001155027, -759.090510000529], [1507.7796115500557, -761.3019900004452], [1500.663648828431, -764.8403580001542], [1493.5476861079844, -771.0214446001048], [1485.7599366969075, -780.3096606002246], [1480.6427467212914, -783.4057326002645], [1472.191504281936, -784.5004152004863], [1463.731968180228, -787.5964872005262], [1452.6101663054121, -794.0097792000477], [1443.7110660730884, -803.9503818007203], [1434.5963306066335, -808.1521938003254], [1426.3607234014098, -807.9310458000981], [1418.5812676526855, -804.6138258006165], [1414.7993573947995, -796.4424072001913], [1414.1275707053471, -788.7022272000914], [1415.6867793195618, -781.1942526003482], [1419.9165473704156, -775.444404600723], [1431.4779133758475, -769.6945566003121], [1437.0429611456102, -762.8500260004653], [1440.8248714023177, -754.8886980001381], [1440.8248714023177, -740.5251354004187], [1444.6067816602033, -733.238308800117], [1447.9408341239425, -731.0268288002007], [1455.2807257408726, -732.1325688005518], [1461.9571243318821, -732.1325688005518], [1466.186892382736, -729.0364968005118], [1471.967575385452, -725.4981288000172], [1477.7482583881679, -725.9404248004719], [1483.7528702885463, -729.2576448007392], [1494.2111791350842, -731.6902728000971], [1497.1056674682077, -734.1229008002407], [1499.1044402142163, -740.9674314000877], [1499.1044402142163, -748.9287594004147], [1500.663648828431, -753.3517194002474], [1502.8863504709236, -754.6675500006965], [1521.3480439638486, -750.4767954004348], [1526.9130917336115, -747.3807234003948], [1531.582423915081, -740.5251354004187], [1536.4756849930347, -731.2479768004281], [1541.1533108380354, -718.8747462003976], [1543.152083584044, -712.0191582004214], [1542.0407327627977, -706.2803676001398], [1538.4827514025744, -701.4151116006383], [1534.0290544540578, -698.9824836004947], [1527.5765847607113, -698.7613356002673], [1519.125342321356, -701.8574076003073], [1512.2333084973939, -704.0688876002235], [1506.4443318323251, -703.1842956000999], [1502.222857443824, -699.6459276003909], [1499.7762269048471, -692.5802490003167], [1500.439719931947, -683.7343290006515], [1499.7762269048471, -676.44750240035], [1499.3283691107004, -670.0342104000428], [1499.552298008363, -665.1689544005412], [1502.222857443824, -661.4204958007342], [1506.4443318323251, -654.1226118003034], [1509.3388201642701, -647.9415252003528], [1513.7842234492557, -645.0666012005402], [1522.9072525792417, -641.0859372003766], [1529.8075800667352, -635.5572372001931], [1535.812191965935, -629.3761506002425], [1548.0453446619974, -623.6263026006172], [1566.9548959490694, -613.6857000007303], [1576.5174892084926, -607.0512600001958], [1582.0825369782556, -598.4375454001016], [1594.7635474672861, -584.9585748005059], [1607.884122088111, -571.7007522003516], [1625.9062514504203, -556.0103016000539], [1633.9096360956291, -548.0489736005125], [1639.2507549677293, -544.3005150007054], [1643.0326652256151, -542.0890350000035], [1644.3679449433453, -537.8872230003983], [1643.9200871503774, -531.7061364004477], [1633.6940008614972, -499.8829392001832], [1620.117274785352, -459.4460274006102], [1616.55929342395, -444.6401688004361], [1615.4479426027037, -428.94971820013836], [1613.673098754358, -414.5861556004189], [1611.0025393177184, -404.63449560040283], [1603.8782829349195, -386.30132640064903], [1596.9862491097788, -368.39939580043506], [1585.4165894419946, -348.94942920020105], [1568.514104563284, -319.11656400041124], [1542.7042257898975, -276.03693360059646], [1528.6962292454887, -253.49089500032255], [1518.0139915001096, -238.68503640014848], [1506.0047677017096, -223.65802980053274], [1491.1010555690077, -202.22878860073902], [1481.306239748391, -193.17277800019014], [1477.7482583881679, -191.8458900003975], [1474.8620637185754, -193.17277800019014], [1472.191504281936, -197.1423846002245], [1472.191504281936, -201.78649260028436], [1471.5197175913054, -205.5460086002206], [1469.2970159488125, -208.19978460059156], [1464.627683767343, -209.51561520025496], [1461.5092665377354, -210.8425032000476], [1457.9512851775123, -214.82316720021117], [1451.05925135355, -220.79416320006368], [1446.3816255085494, -222.121051200642], [1442.3840800177106, -221.23645920051834], [1438.1543119668568, -221.23645920051834], [1432.1497000664783, -224.32147380042903], [1427.2564389885247, -227.85984180013796], [1416.1346371137085, -231.84050580030151], [1407.2355368802066, -233.60968980054884], [1402.7818399328685, -233.16739380009415], [1397.888578854915, -230.51361780050888], [1391.6600380580524, -226.9752498000143], [1388.7655497249289, -222.121051200642], [1388.102056697829, -213.9385752000875], [1391.2121802639056, -208.63102320013132], [1392.7713888792987, -203.33452860030434], [1391.8839669545364, -199.5750126003681], [1389.2134075190756, -195.5943486002045], [1389.4373364155597, -192.06703800062482], [1392.9953177757827, -188.9709660005849], [1410.1217315509773, -164.22450480052393], [1413.9036418076846, -156.9266208000931], [1413.464077677069, -149.86094220001883], [1411.0174471380924, -145.65913020041359], [1409.4582385226993, -138.15115560067034], [1410.7935182416081, -134.17049160050675], [1413.9036418076846, -131.9590116005905], [1417.9094809620547, -130.1898276003432], [1419.6926184739318, -127.10481300043249], [1419.020831783301, -123.34529700049625], [1416.7981301408083, -119.58578100056], [1404.3410485482616, -105.00107040061324], [1376.9802548218345, -77.15853720051236], [1345.613621942216, -49.979448000307784], [1304.6843958031745, -17.946160200730887], [1282.6564272864953, -3.5825976002257818], [1278.434952897994, -2.25570960043315], [1273.7573270541718, -3.1403016005567963], [1271.310696515195, -4.688337600576759], [1266.4174354360628, -5.130633600245744], [1258.85361492147, -4.467189600349428], [1249.2910216608682, 0.17691839971045908], [1241.279343353307, 9.896372999370001], [1239.7284284014452, 15.867369000008196], [1242.3906941745533, 20.279271599711535], [1241.279343353307, 23.817639599420446], [1231.2688922997372, 32.00011559997492], [1211.0323549572875, 43.26760619965442], [1209.0252885489263, 45.910324799896145], [1209.9127104736885, 47.90065679958509], [1212.1437057785338, 47.90065679958509], [1227.047417911236, 40.1715341996145], [1259.9649657427162, 22.048455599958828], [1271.0950612810634, 16.08851699944985]]]}, "properties": {"name": "Main Ring Lake", "area": 176537.7407419629}}]}